timeframe,direction,target_pips,conditions,discovery_samples,discovery_hit_rate,discovery_lift,validation_samples,validation_hit_rate,validation_lift,oos_samples,oos_hit_rate,oos_lift,all_samples,all_hit_rate,all_lift
h4,bull,100,rsi_extreme+adx+volatility+body,130,0.27692308,2.18593407,0,,,0,,,180,0.26111111,2.08556071
h4,bull,100,rsi_extreme+volatility+body,163,0.25153374,1.98551952,0,,,0,,,232,0.27586207,2.20338035
h4,bull,100,adx+volatility+body,577,0.20797227,1.64166048,106,0.15094340,1.17203108,86,0.15116279,1.38313953,769,0.19375813,1.54759533
h4,bull,100,rsi_extreme+adx+body,200,0.20500000,1.61819841,0,,,0,,,268,0.20149254,1.60937203
h4,bull,100,rsi_extreme+adx+volatility,203,0.20197044,1.59428415,0,,,51,0.19607843,1.79411765,286,0.19580420,1.56393780
h4,bull,100,rsi_extreme+body,261,0.19923372,1.57268138,0,,,59,0.28813559,2.63644068,361,0.21883657,1.74790318
h4,bull,100,price200+adx+volatility+body,267,0.19101124,1.50777599,64,0.17187500,1.33455882,0,,,363,0.18181818,1.45222796
h4,bull,100,trend+adx+volatility+body,236,0.19067797,1.50514528,52,0.13461538,1.04524887,0,,,310,0.17741935,1.41709341
h4,bull,100,rsi_extreme+volatility,246,0.18699187,1.47604852,0,,,63,0.26984127,2.46904762,355,0.20563380,1.64244937
h4,bull,100,volatility+body,1039,0.18479307,1.45869197,206,0.17475728,1.35693889,133,0.20300752,1.85751880,1378,0.18505080,1.47804769
h4,bull,100,trend+macd+adx+body,213,0.18309859,1.44531634,0,,,0,,,281,0.16725979,1.33594636
h4,bull,100,price200+volatility+body,487,0.18275154,1.44257684,120,0.15833333,1.22941176,60,0.15000000,1.37250000,667,0.17541229,1.40106250
h4,bull,100,trend+adx+body,429,0.18181818,1.43520924,93,0.11827957,0.91840607,0,,,563,0.16873890,1.34776040
h4,bull,100,macd+adx+volatility+body,259,0.18146718,1.43243856,50,0.18000000,1.39764706,0,,,338,0.17751479,1.41785570
h4,bull,100,trend+price200+adx+body,411,0.17761557,1.40203530,92,0.11956522,0.92838875,0,,,543,0.16574586,1.32385422
h4,bull,100,trend+macd+adx,607,0.17627677,1.39146727,145,0.12413793,0.96389452,67,0.11940299,1.09253731,819,0.16239316,1.29707540
h4,bull,100,trend+macd+adx+di,593,0.17537943,1.38438395,141,0.12765957,0.99123905,64,0.12500000,1.14375000,798,0.16290727,1.30118169
h4,bull,100,trend+price200+macd+adx,606,0.17491749,1.38073760,145,0.12413793,0.96389452,67,0.11940299,1.09253731,818,0.16136919,1.28889670
h4,bull,100,price200+macd+adx+body,292,0.17465753,1.37868558,63,0.17460317,1.35574230,0,,,392,0.16836735,1.34479273
h4,bull,100,macd+volatility+body,450,0.17333333,1.36823280,85,0.15294118,1.18754325,0,,,581,0.17039587,1.36099505
h4,bull,100,price200+macd+volatility+body,254,0.17322835,1.36740407,66,0.16666667,1.29411765,0,,,355,0.16901408,1.34995838
h4,bull,100,price200+momentum+volatility+body,266,0.17293233,1.36506743,51,0.09803922,0.76124567,0,,,349,0.15759312,1.25873627
h4,bull,100,adx+body,1001,0.17282717,1.36423735,193,0.12953368,1.00579092,145,0.13793103,1.26206897,1339,0.16280807,1.30038934
h4,bull,100,macd+adx+di+body,355,0.17183099,1.35637380,75,0.14666667,1.13882353,0,,,469,0.15991471,1.27727939
h4,bull,100,trend+volatility+body,426,0.17136150,1.35266786,97,0.14432990,1.12067920,57,0.24561404,2.24736842,580,0.17413793,1.39088385
h4,bull,100,trend+price20+macd+adx,590,0.17118644,1.35128598,142,0.12676056,0.98425849,65,0.12307692,1.12615385,797,0.15934755,1.27274935
h4,bull,100,trend+macd+adx+bb,596,0.17114094,1.35092681,144,0.12500000,0.97058824,67,0.11940299,1.09253731,807,0.15861214,1.26687544
h4,bull,100,trend+price20+adx+body,246,0.17073171,1.34769648,50,0.10000000,0.77647059,0,,,319,0.15673981,1.25192065
h4,bull,100,trend+price200+volatility+body,383,0.16971279,1.33965353,91,0.13186813,1.02391726,0,,,519,0.16377649,1.30812441
h4,bull,100,price20+adx+di+body,383,0.16971279,1.33965353,76,0.14473684,1.12383901,0,,,498,0.15863454,1.26705431
h4,bull,100,price20+price200+volatility+body,267,0.16853933,1.33039058,59,0.15254237,1.18444666,0,,,363,0.15977961,1.27620033
h4,bull,100,macd+adx+body,487,0.16837782,1.32911574,92,0.15217391,1.18158568,62,0.11290323,1.03306452,641,0.16068643,1.28344327
h4,bull,100,price20+price200+adx+body,321,0.16822430,1.32790387,65,0.16923077,1.31402715,0,,,424,0.16037736,1.28097466
h4,bull,100,price200+adx+body,512,0.16796875,1.32588666,113,0.15044248,1.16814159,60,0.11666667,1.06750000,685,0.16058394,1.28262469
h4,bull,100,macd+adx+bb+body,382,0.16753927,1.32249647,76,0.15789474,1.22600619,0,,,505,0.15643564,1.24949118
h4,bull,100,adx+di+bb+body,389,0.16709512,1.31899049,78,0.14102564,1.09502262,0,,,507,0.15581854,1.24456222
h4,bull,100,price200+macd+adx+di,809,0.16687268,1.31723468,189,0.14814815,1.15032680,92,0.09782609,0.89510870,1090,0.15779817,1.26037399
h4,bull,100,price200+volatility+bb+body,266,0.16541353,1.30571667,64,0.15625000,1.21323529,0,,,368,0.15760870,1.25886065
h4,bull,100,trend+adx+bb+body,243,0.16460905,1.29936639,51,0.09803922,0.76124567,0,,,318,0.15094340,1.20562321
h4,bull,100,price200+adx+bb+body,322,0.16459627,1.29926550,66,0.16666667,1.29411765,0,,,427,0.15690867,1.25326933
h4,bull,100,price200+macd+di+volatility,629,0.16375199,1.29260100,175,0.14857143,1.15361345,79,0.11392405,1.04240506,883,0.15628539,1.24829108
h4,bull,100,macd+di+volatility+body,324,0.16358025,1.29124535,69,0.13043478,1.01278772,0,,,426,0.15727700,1.25621127
h4,bull,100,price200+macd+adx,851,0.16333725,1.28932722,202,0.14356436,1.11473500,108,0.10185185,0.93194444,1161,0.15417743,1.23145428
h4,bull,100,adx+bb+body,429,0.16317016,1.28800829,81,0.14814815,1.15032680,50,0.06000000,0.54900000,560,0.15178571,1.21235102
h4,bull,100,price200+macd+adx+bb,828,0.16304348,1.28700828,198,0.14646465,1.13725490,106,0.09433962,0.86320755,1132,0.15371025,1.22772275
h4,bull,100,trend+macd+adx+volatility,276,0.16304348,1.28700828,71,0.12676056,0.98425849,0,,,375,0.15200000,1.21406257
h4,bull,100,price200+di+volatility+body,307,0.16286645,1.28561088,69,0.13043478,1.01278772,0,,,413,0.15254237,1.21839464
h4,bull,100,adx+volatility+bb+body,215,0.16279070,1.28501292,0,,,0,,,282,0.15248227,1.21791458
h4,bull,100,price20+price200+macd+adx,818,0.16259169,1.28344200,195,0.14871795,1.15475113,102,0.09803922,0.89705882,1115,0.15426009,1.23211448
h4,bull,100,trend+adx+di+body,296,0.16216216,1.28005148,62,0.09677419,0.75142315,0,,,386,0.14766839,1.17946493
h4,bull,150,rsi_extreme+adx+volatility+body,130,0.10000000,2.14353448,0,,,0,,,180,0.09444444,2.01549708
h4,bull,150,trend+macd+adx+body,213,0.08450704,1.81143759,0,,,0,,,281,0.07117438,1.51890087
h4,bull,150,macd+adx+di+volatility,486,0.08230453,1.76422591,115,0.07826087,1.43036789,50,0.02000000,0.56307692,651,0.07680492,1.63905970
h4,bull,150,price200+macd+adx+body,292,0.08219178,1.76180916,63,0.07936508,1.45054945,0,,,392,0.07397959,1.57876572
h4,bull,150,price200+macd+adx+volatility,384,0.08072917,1.73045753,99,0.09090909,1.66153846,0,,,531,0.07721281,1.64776431
h4,bull,150,trend+adx+volatility+body,236,0.08050847,1.72572691,52,0.05769231,1.05443787,0,,,310,0.07096774,1.51449116
h4,bull,150,adx+di+volatility+bb,539,0.07977737,1.71005534,118,0.06779661,1.23911343,52,0.01923077,0.54142012,709,0.07334274,1.56517486
h4,bull,150,rsi_extreme+volatility+body,163,0.07975460,1.70956738,0,,,0,,,232,0.09913793,2.11565870
h4,bull,150,price200+macd+adx,851,0.07873090,1.68762409,202,0.07920792,1.44767708,108,0.01851852,0.52136752,1161,0.07321275,1.56240083
h4,bull,150,price200+adx+volatility+body,267,0.07865169,1.68592600,64,0.09375000,1.71346154,0,,,363,0.07438017,1.58731418
h4,bull,150,macd+adx+di+bb,1006,0.07852883,1.68329249,231,0.08225108,1.50329670,113,0.01769912,0.49829816,1350,0.07407407,1.58078202
h4,bull,150,price20+macd+adx+di,986,0.07809331,1.67395695,228,0.08333333,1.52307692,112,0.01785714,0.50274725,1326,0.07390649,1.57720559
h4,bull,150,price20+adx+di+volatility,538,0.07806691,1.67339123,114,0.07017544,1.28259109,53,0.01886792,0.53120464,705,0.07234043,1.54378499
h4,bull,150,macd+adx+di,1017,0.07767945,1.66508578,235,0.08510638,1.55548282,115,0.01739130,0.48963211,1367,0.07388442,1.57673466
h4,bull,150,trend+price200+macd+adx,606,0.07755776,1.66247724,145,0.05517241,1.00838196,67,0.02985075,0.84041332,818,0.06968215,1.48705595
h4,bull,150,trend+macd+adx,607,0.07742998,1.65973840,145,0.05517241,1.00838196,67,0.02985075,0.84041332,819,0.06959707,1.48524025
h4,bull,150,price20+macd+adx+volatility,504,0.07738095,1.65868740,112,0.07142857,1.30549451,64,0.01562500,0.43990385,680,0.07058824,1.50639228
h4,bull,150,price200+macd+adx+bb,828,0.07729469,1.65683825,198,0.07575758,1.38461538,106,0.01886792,0.53120464,1132,0.07155477,1.52701867
h4,bull,150,price200+macd+adx+di,809,0.07663782,1.64275819,189,0.07936508,1.45054945,92,0.02173913,0.61204013,1090,0.07247706,1.54670094
h4,bull,150,adx+di+volatility,603,0.07628524,1.63520043,128,0.07031250,1.28509615,59,0.01694915,0.47718383,790,0.07088608,1.51274836
h4,bull,150,trend+macd+adx+volatility,276,0.07608696,1.63095015,71,0.04225352,0.77226436,0,,,375,0.06666667,1.42270382
h4,bull,150,macd+adx+volatility+bb,540,0.07592593,1.62749840,118,0.06779661,1.23911343,68,0.01470588,0.41402715,726,0.06887052,1.46973535
h4,bull,150,macd+adx+bb+body,382,0.07591623,1.62729058,76,0.07894737,1.44291498,0,,,505,0.06930693,1.47904852
h4,bull,150,price20+price200+macd+adx,818,0.07579462,1.62468384,195,0.07692308,1.40591716,102,0.01960784,0.55203620,1115,0.07085202,1.51202155
h4,bull,150,macd+adx+bb,1109,0.07574391,1.62359690,252,0.07936508,1.45054945,147,0.02721088,0.76609105,1508,0.07161804,1.52836882
h4,bull,150,price20+macd+adx+bb,1045,0.07559809,1.62047104,243,0.08230453,1.50427350,140,0.02857143,0.80439560,1428,0.07212885,1.53926989
h4,bull,150,price20+macd+adx,1049,0.07530982,1.61429194,243,0.08230453,1.50427350,140,0.02857143,0.80439560,1432,0.07192737,1.53497025
h4,bull,150,momentum+macd+adx+volatility,360,0.07500000,1.60765086,71,0.08450704,1.54452871,0,,,477,0.06918239,1.47639075
h4,bull,150,price20+adx+volatility+bb,561,0.07486631,1.60478517,119,0.06722689,1.22870071,69,0.01449275,0.40802676,749,0.06809079,1.45309536
h4,bull,150,price200+adx+volatility,628,0.07484076,1.60423759,143,0.07692308,1.40591716,73,0.01369863,0.38566913,844,0.06990521,1.49181621
h4,bull,150,price200+macd+volatility+body,254,0.07480315,1.60343131,66,0.09090909,1.66153846,0,,,355,0.07323944,1.56297039
h4,bull,150,trend+price20+macd+adx,590,0.07457627,1.59856809,142,0.04929577,0.90097508,65,0.03076923,0.86627219,797,0.06649937,1.41913367
h4,bull,150,adx+volatility+body,577,0.07452340,1.59743471,106,0.08490566,1.55181422,86,0.03488372,0.98211091,769,0.07152146,1.52630774
h4,bull,150,trend+macd+adx+di,593,0.07419899,1.59048090,141,0.05673759,1.03698854,64,0.03125000,0.87980769,798,0.06766917,1.44409786
h4,bull,150,macd+adx+body,487,0.07392197,1.58454294,92,0.07608696,1.39063545,62,0.03225806,0.90818859,641,0.07020281,1.49816705
h4,bull,150,trend+macd+adx+bb,596,0.07382550,1.58247512,144,0.04861111,0.88846154,67,0.02985075,0.84041332,807,0.06567534,1.40154837
h4,bull,150,macd+adx+volatility+body,259,0.07335907,1.57247703,50,0.10000000,1.82769231,0,,,338,0.07692308,1.64158133
h4,bull,150,adx+volatility+bb,600,0.07333333,1.57192529,126,0.06349206,1.16043956,73,0.01369863,0.38566913,799,0.06633292,1.41558140
h4,bull,150,macd+adx+di+body,355,0.07323944,1.56991258,75,0.09333333,1.70584615,0,,,469,0.07036247,1.50157439
h4,bull,150,macd+adx+volatility,656,0.07317073,1.56843987,139,0.06474820,1.18339790,90,0.05555556,1.56410256,885,0.07005650,1.49504469
h4,bull,150,adx+di+bb,1154,0.07279029,1.56028507,252,0.07539683,1.37802198,124,0.01612903,0.45409429,1530,0.06862745,1.46454805
h4,bull,150,price20+adx+volatility,577,0.07279029,1.56028507,119,0.06722689,1.22870071,70,0.01428571,0.40219780,766,0.06657963,1.42084650
h4,bull,150,price20+adx+di+bb,1128,0.07269504,1.55824315,247,0.07692308,1.40591716,123,0.01626016,0.45778612,1498,0.06875834,1.46734139
h4,bull,150,macd+adx,1306,0.07197550,1.54281961,288,0.07291667,1.33269231,187,0.04278075,1.20444262,1781,0.06906232,1.47382849
h4,bull,150,momentum+adx+volatility,501,0.07185629,1.54026430,87,0.06896552,1.26047745,58,0.00000000,0.00000000,646,0.06501548,1.38746657
h4,bull,150,price20+adx+di,1157,0.07173725,1.53771272,251,0.07569721,1.38351211,124,0.01612903,0.45409429,1532,0.06788512,1.44870624
h4,bull,150,price20+macd+di+volatility,810,0.07160494,1.53487654,202,0.09900990,1.80959634,95,0.03157895,0.88906883,1107,0.07317073,1.56150419
h4,bull,150,price200+adx+volatility+bb,433,0.07159353,1.53463208,105,0.07619048,1.39252747,52,0.01923077,0.54142012,590,0.06779661,1.44681744
h4,bull,150,macd+di+volatility+bb,830,0.07108434,1.52371728,209,0.09569378,1.74898785,96,0.03125000,0.87980769,1135,0.07224670,1.54178475
h4,bull,150,price200+adx+bb,975,0.07076923,1.51696286,219,0.06849315,1.25184405,118,0.01694915,0.47718383,1312,0.06554878,1.39884750
h4,bull,200,price200+macd+adx+body,292,0.04794521,2.20769914,63,0.00000000,0.00000000,0,,,392,0.03571429,1.81013655
h4,bull,200,price200+macd+adx+volatility,384,0.04687500,2.15842014,99,0.02020202,1.33333333,0,,,531,0.03954802,2.00444500
h4,bull,200,rsi_extreme+adx+volatility+body,130,0.04615385,2.12521368,0,,,0,,,180,0.04444444,2.25261438
h4,bull,200,price200+macd+adx,851,0.04582844,2.11022980,202,0.01980198,1.30693069,108,0.01851852,1.35555556,1161,0.03875969,1.96448928
h4,bull,200,price200+adx+volatility+body,267,0.04494382,2.06949646,64,0.00000000,0.00000000,0,,,363,0.03305785,1.67549830
h4,bull,200,price200+macd+adx+bb,828,0.04468599,2.05762435,198,0.02020202,1.33333333,106,0.01886792,1.38113208,1132,0.03798587,1.92526891
h4,bull,200,price200+macd+adx+di,809,0.04449938,2.04903173,189,0.02116402,1.39682540,92,0.02173913,1.59130435,1090,0.03853211,1.95295467
h4,bull,200,momentum+macd+adx+volatility,360,0.04444444,2.04650206,71,0.01408451,0.92957746,0,,,477,0.03563941,1.80634172
h4,bull,200,price20+price200+macd+adx,818,0.04400978,2.02648737,195,0.02051282,1.35384615,102,0.01960784,1.43529412,1115,0.03766816,1.90916645
h4,bull,200,momentum+macd+adx+body,251,0.04382470,2.01796518,51,0.00000000,0.00000000,0,,,336,0.03273810,1.65929184
h4,bull,200,macd+adx+di+volatility,486,0.04320988,1.98965478,115,0.01739130,1.14782609,50,0.02000000,1.46400000,651,0.03686636,1.86852806
h4,bull,200,trend+price200+macd+adx,606,0.04290429,1.97558367,145,0.01379310,0.91034483,67,0.02985075,2.18507463,818,0.03667482,1.85881993
h4,bull,200,trend+macd+adx,607,0.04283361,1.97232900,145,0.01379310,0.91034483,67,0.02985075,2.18507463,819,0.03663004,1.85655031
h4,bull,200,price200+momentum+adx+volatility,328,0.04268293,1.96539070,63,0.01587302,1.04761905,0,,,429,0.03496503,1.77216166
h4,bull,200,price20+macd+adx+di,986,0.04259635,1.96140410,228,0.02631579,1.73684211,112,0.01785714,1.30714286,1326,0.03770739,1.91115473
h4,bull,200,macd+adx+volatility+body,259,0.04247104,1.95563421,50,0.00000000,0.00000000,0,,,338,0.03254438,1.64947355
h4,bull,200,trend+adx+volatility+body,236,0.04237288,1.95111425,52,0.00000000,0.00000000,0,,,310,0.03225806,1.63496205
h4,bull,200,trend+macd+adx+body,213,0.04225352,1.94561815,0,,,0,,,281,0.03202847,1.62332531
h4,bull,200,momentum+adx+di+volatility,406,0.04187192,1.92804689,71,0.01408451,0.92957746,0,,,513,0.03508772,1.77837977
h4,bull,200,macd+adx+di+bb,1006,0.04174950,1.92240998,231,0.02597403,1.71428571,113,0.01769912,1.29557522,1350,0.03703704,1.87717865
h4,bull,200,price20+macd+adx+volatility,504,0.04166667,1.91859568,112,0.01785714,1.17857143,64,0.01562500,1.14375000,680,0.03529412,1.78884083
h4,bull,200,price200+adx+volatility,628,0.04140127,1.90637532,143,0.01398601,0.92307692,73,0.01369863,1.00273973,844,0.03436019,1.74150578
h4,bull,200,macd+adx+di,1017,0.04129794,1.90161696,235,0.02553191,1.68510638,115,0.01739130,1.27304348,1367,0.03657644,1.85383407
h4,bull,200,price20+adx+di+volatility,538,0.04089219,1.88293405,114,0.01754386,1.15789474,53,0.01886792,1.38113208,705,0.03546099,1.79729871
h4,bull,200,adx+di+volatility+bb,539,0.04081633,1.87944067,118,0.01694915,1.11864407,52,0.01923077,1.40769231,709,0.03526093,1.78715880
h4,bull,200,trend+price20+macd+adx,590,0.04067797,1.87306968,142,0.01408451,0.92957746,65,0.03076923,2.25230769,797,0.03513174,1.78061112
h4,bull,200,price20+price200+adx+di,962,0.04054054,1.86674174,206,0.01941748,1.28155340,103,0.01941748,1.42135922,1271,0.03540519,1.79447054
h4,bull,200,trend+macd+adx+di,593,0.04047218,1.86359378,141,0.01418440,0.93617021,64,0.03125000,2.28750000,798,0.03508772,1.77837977
h4,bull,200,trend+macd+adx+bb,596,0.04026846,1.85421327,144,0.01388889,0.91666667,67,0.02985075,2.18507463,807,0.03469641,1.75854654
h4,bull,200,price20+macd+adx+bb,1045,0.04019139,1.85066454,243,0.02469136,1.62962963,140,0.02142857,1.56857143,1428,0.03571429,1.81013655
h4,bull,200,price200+adx+di+bb,949,0.04004215,1.84379269,207,0.01932367,1.27536232,103,0.01941748,1.42135922,1259,0.03494837,1.77131711
h4,bull,200,price20+macd+adx,1049,0.04003813,1.84360767,243,0.02469136,1.62962963,140,0.02142857,1.56857143,1432,0.03561453,1.80508031
h4,bull,200,price200+adx+bb,975,0.04000000,1.84185185,219,0.01826484,1.20547945,118,0.01694915,1.24067797,1312,0.03429878,1.73839334
h4,bull,200,price20+macd+adx+body,350,0.04000000,1.84185185,73,0.00000000,0.00000000,0,,,469,0.02985075,1.51294996
h4,bull,200,price200+adx+di+volatility,477,0.03983229,1.83412920,110,0.01818182,1.20000000,0,,,635,0.03464567,1.75597499
h4,bull,200,adx+di+volatility,603,0.03980100,1.83268841,128,0.01562500,1.03125000,59,0.01694915,1.24067797,790,0.03417722,1.73223194
h4,bull,200,price20+price200+adx+bb,956,0.03974895,1.83029211,214,0.01869159,1.23364486,114,0.01754386,1.28421053,1284,0.03426791,1.73682884
h4,bull,200,macd+adx+volatility,656,0.03963415,1.82500565,139,0.02158273,1.42446043,90,0.01111111,0.81333333,885,0.03389831,1.71809571
h4,bull,200,price20+price200+adx,987,0.03951368,1.81945852,217,0.01843318,1.21658986,115,0.01739130,1.27304348,1319,0.03411676,1.72916760
h4,bull,200,macd+adx+di+body,355,0.03943662,1.81591028,75,0.00000000,0.00000000,0,,,469,0.02985075,1.51294996
h4,bull,200,macd+adx+bb+body,382,0.03926702,1.80810064,76,0.00000000,0.00000000,0,,,505,0.02970297,1.50546010
h4,bull,200,price200+adx+volatility+bb,433,0.03926097,1.80782226,105,0.01904762,1.25714286,52,0.01923077,1.40769231,590,0.03389831,1.71809571
h4,bull,200,price20+adx+volatility+bb,561,0.03921569,1.80573711,119,0.01680672,1.10924370,69,0.01449275,1.06086957,749,0.03337784,1.69171641
h4,bull,200,price20+adx+volatility+body,204,0.03921569,1.80573711,0,,,0,,,268,0.02985075,1.51294996
h4,bull,200,price20+adx+di+body,383,0.03916449,1.80337975,76,0.00000000,0.00000000,0,,,498,0.03012048,1.52662119
h4,bull,200,macd+adx+body,487,0.03901437,1.79646741,92,0.00000000,0.00000000,62,0.00000000,0.00000000,641,0.02964119,1.50232862
h4,bull,200,price200+adx+di,1051,0.03901047,1.79628749,225,0.01777778,1.17333333,117,0.01709402,1.25128205,1393,0.03374013,1.71007876
h4,bull,200,price20+adx+di+bb,1128,0.03900709,1.79613213,247,0.02429150,1.60323887,123,0.01626016,1.19024390,1498,0.03471295,1.75938506
h4,bull,200,price20+price200+adx+volatility,436,0.03899083,1.79538311,102,0.01960784,1.29411765,52,0.01923077,1.40769231,590,0.03389831,1.71809571
h4,bull,200,price20+adx+di,1157,0.03889369,1.79091040,251,0.02390438,1.57768924,124,0.01612903,1.18064516,1532,0.03459530,1.75342209
h4,bull,300,trend+price20+macd+adx,590,0.01694915,2.90648743,142,0.00000000,0.00000000,65,0.00000000,0.00000000,797,0.01254705,2.78989760
h4,bull,300,trend+macd+adx+di,593,0.01686341,2.89178345,141,0.00000000,0.00000000,64,0.00000000,0.00000000,798,0.01253133,2.78640149
h4,bull,300,trend+macd+adx+bb,596,0.01677852,2.87722749,144,0.00000000,0.00000000,67,0.00000000,0.00000000,807,0.01239157,2.75532638
h4,bull,300,trend+price200+macd+adx,606,0.01650165,2.82974849,145,0.00000000,0.00000000,67,0.00000000,0.00000000,818,0.01222494,2.71827431
h4,bull,300,trend+macd+adx,607,0.01647446,2.82508663,145,0.00000000,0.00000000,67,0.00000000,0.00000000,819,0.01221001,2.71495530
h4,bull,300,trend+price200+adx+volatility,486,0.01440329,2.46991628,111,0.00000000,0.00000000,0,,,642,0.01090343,2.42442971
h4,bull,300,trend+price200+adx,998,0.01402806,2.40556976,233,0.00000000,0.00000000,104,0.00000000,0.00000000,1335,0.01048689,2.33181104
h4,bull,300,trend+price20+adx+bb,713,0.01402525,2.40508778,159,0.00000000,0.00000000,75,0.00000000,0.00000000,947,0.01055966,2.34799196
h4,bull,300,trend+adx+di+bb,715,0.01398601,2.39836026,157,0.00000000,0.00000000,73,0.00000000,0.00000000,945,0.01058201,2.35296126
h4,bull,300,trend+adx+volatility,502,0.01394422,2.39119385,113,0.00000000,0.00000000,0,,,661,0.01059002,2.35474111
h4,bull,300,momentum+macd+adx+volatility,360,0.01388889,2.38170498,71,0.00000000,0.00000000,0,,,477,0.01048218,2.33076351
h4,bull,300,trend+adx+bb,726,0.01377410,2.36202147,163,0.00000000,0.00000000,77,0.00000000,0.00000000,966,0.01035197,2.30180992
h4,bull,300,trend+price200+adx+bb,726,0.01377410,2.36202147,163,0.00000000,0.00000000,77,0.00000000,0.00000000,966,0.01035197,2.30180992
h4,bull,300,trend+price20+adx+di,727,0.01375516,2.35877247,156,0.00000000,0.00000000,73,0.00000000,0.00000000,956,0.01046025,2.32588743
h4,bull,300,trend+adx,1019,0.01373896,2.35599472,236,0.00000000,0.00000000,106,0.00000000,0.00000000,1361,0.01028655,2.28726506
h4,bull,300,price200+macd+adx+di,809,0.01359703,2.33165679,189,0.00000000,0.00000000,92,0.00000000,0.00000000,1090,0.01009174,2.24394791
h4,bull,300,trend+price20+adx,739,0.01353180,2.32047035,162,0.00000000,0.00000000,76,0.00000000,0.00000000,977,0.01023541,2.27589395
h4,bull,300,trend+price20+price200+adx,739,0.01353180,2.32047035,162,0.00000000,0.00000000,76,0.00000000,0.00000000,977,0.01023541,2.27589395
h4,bull,300,price20+price200+macd+adx,818,0.01344743,2.30600287,195,0.00000000,0.00000000,102,0.00000000,0.00000000,1115,0.00986547,2.19363518
h4,bull,300,price200+macd+adx+bb,828,0.01328502,2.27815259,198,0.00000000,0.00000000,106,0.00000000,0.00000000,1132,0.00971731,2.16069190
h4,bull,300,price20+macd+adx+di,986,0.01318458,2.26092887,228,0.00000000,0.00000000,112,0.00000000,0.00000000,1326,0.00980392,2.17994940
h4,bull,300,trend+price200+volatility+body,383,0.01305483,2.23867831,91,0.00000000,0.00000000,0,,,519,0.00963391,2.14214681
h4,bull,300,price200+macd+adx,851,0.01292597,2.21658090,202,0.00000000,0.00000000,108,0.00000000,0.00000000,1161,0.00947459,2.10672112
h4,bull,300,macd+adx+di+bb,1006,0.01292247,2.21597998,231,0.00000000,0.00000000,113,0.00000000,0.00000000,1350,0.00962963,2.14119474
h4,bull,300,price20+momentum+adx+volatility,389,0.01285347,2.20414857,67,0.00000000,0.00000000,0,,,504,0.00992063,2.20590118
h4,bull,300,macd+adx+di,1017,0.01278269,2.19201166,235,0.00000000,0.00000000,115,0.00000000,0.00000000,1367,0.00950988,2.11456686
h4,bull,300,price200+adx+volatility,628,0.01273885,2.18449374,143,0.00000000,0.00000000,73,0.00000000,0.00000000,844,0.00947867,2.10762880
h4,bull,300,trend+adx+volatility+body,236,0.01271186,2.17986558,52,0.00000000,0.00000000,0,,,310,0.00967742,2.15182102
h4,bull,300,trend+momentum+adx+volatility,240,0.01250000,2.14353448,0,,,0,,,307,0.00977199,2.17284859
h4,bull,300,momentum+adx+volatility+bb,401,0.01246883,2.13818901,74,0.00000000,0.00000000,0,,,523,0.00956023,2.12576328
h4,bull,300,price20+macd+adx+bb,1045,0.01244019,2.13327834,243,0.00000000,0.00000000,140,0.00000000,0.00000000,1428,0.00910364,2.02423873
h4,bull,300,price20+macd+adx,1049,0.01239276,2.12514382,243,0.00000000,0.00000000,140,0.00000000,0.00000000,1432,0.00907821,2.01858443
h4,bull,300,macd+adx+di+volatility,486,0.01234568,2.11707109,115,0.00000000,0.00000000,50,0.00000000,0.00000000,651,0.00921659,2.04935335
h4,bull,300,trend+price200+adx+di,812,0.01231527,2.11185663,174,0.00000000,0.00000000,87,0.00000000,0.00000000,1073,0.00931966,2.07227249
h4,bull,300,momentum+adx+di+volatility,406,0.01231527,2.11185663,71,0.00000000,0.00000000,0,,,513,0.00974659,2.16720116
h4,bull,300,trend+adx+di,814,0.01228501,2.10666780,174,0.00000000,0.00000000,87,0.00000000,0.00000000,1075,0.00930233,2.06841710
h4,bull,300,price200+momentum+adx+volatility,328,0.01219512,2.09125315,63,0.00000000,0.00000000,0,,,429,0.00932401,2.07323859
h4,bull,300,trend+price200+adx+body,411,0.01216545,2.08616495,92,0.00000000,0.00000000,0,,,543,0.00920810,2.04746629
h4,bull,300,trend+momentum+macd+adx,248,0.01209677,2.07438821,69,0.00000000,0.00000000,0,,,348,0.00862069,1.91685206
h4,bull,300,trend+price200+volatility,829,0.01206273,2.06854956,205,0.00000000,0.00000000,106,0.00000000,0.00000000,1140,0.00877193,1.95048104
h4,bull,300,momentum+adx+volatility,501,0.01197605,2.05368573,87,0.00000000,0.00000000,58,0.00000000,0.00000000,646,0.00928793,2.06521522
h4,bull,300,price20+macd+adx+volatility,504,0.01190476,2.04146141,112,0.00000000,0.00000000,64,0.00000000,0.00000000,680,0.00882353,1.96195446
h4,bull,300,trend+volatility+body,426,0.01173709,2.01270843,97,0.00000000,0.00000000,57,0.00000000,0.00000000,580,0.00862069,1.91685206
h4,bull,300,macd+adx+bb,1109,0.01172227,2.01016759,252,0.00000000,0.00000000,147,0.00000000,0.00000000,1508,0.00862069,1.91685206
h4,bull,300,trend+adx+body,429,0.01165501,1.99863355,93,0.00000000,0.00000000,0,,,563,0.00888099,1.97473214
h4,bull,300,price200+adx+di+bb,949,0.01159115,1.98768213,207,0.00000000,0.00000000,103,0.00000000,0.00000000,1259,0.00873709,1.94273489
h4,bull,300,price20+adx+di+bb,1128,0.01152482,1.97630839,247,0.00000000,0.00000000,123,0.00000000,0.00000000,1498,0.00867824,1.92964813
h4,bull,300,price20+price200+adx+bb,956,0.01150628,1.97312798,214,0.00000000,0.00000000,114,0.00000000,0.00000000,1284,0.00856698,1.90490905
h4,bull,300,price200+adx,1306,0.01148545,1.96955695,299,0.00000000,0.00000000,160,0.00000000,0.00000000,1765,0.00849858,1.88970118
h4,bull,300,price20+price200+adx+di,962,0.01143451,1.96082156,206,0.00000000,0.00000000,103,0.00000000,0.00000000,1271,0.00865460,1.92439278
h4,bear,100,trend+price20+volatility+body,193,0.25388601,1.94489222,50,0.22000000,1.67031847,0,,,278,0.23381295,1.80493147
h4,bear,100,price20+adx+volatility+body,286,0.25174825,1.92851593,57,0.19298246,1.46519164,63,0.22222222,1.85925926,406,0.23891626,1.84432672
h4,bear,100,price20+price200+volatility+body,302,0.24503311,1.87707465,63,0.20634921,1.56667678,67,0.26865672,2.24776119,432,0.24305556,1.87628026
h4,bear,100,trend+macd+volatility+body,189,0.24338624,1.86445882,0,,,0,,,260,0.23461538,1.81112591
h4,bear,100,adx+volatility+bb+body,296,0.24324324,1.86336336,56,0.19642857,1.49135578,62,0.22580645,1.88924731,414,0.23429952,1.80868756
h4,bear,100,price200+macd+volatility+body,295,0.24067797,1.84371207,59,0.20338983,1.54420814,54,0.33333333,2.78888889,408,0.24754902,1.91096779
h4,bear,100,adx+di+volatility+body,356,0.23876404,1.82905049,64,0.17187500,1.30493631,72,0.20833333,1.74305556,492,0.22560976,1.74160649
h4,bear,100,price200+macd+adx+volatility,520,0.23461538,1.79726971,122,0.29508197,2.24036755,108,0.31481481,2.63395062,750,0.25600000,1.97620559
h4,bear,100,macd+adx+volatility+body,312,0.23397436,1.79235913,60,0.16666667,1.26539278,57,0.24561404,2.05497076,429,0.22610723,1.74544673
h4,bear,100,price200+di+volatility+body,365,0.23287671,1.78395062,68,0.20588235,1.56313226,68,0.26470588,2.21470588,501,0.23353293,1.80276988
h4,bear,100,trend+di+volatility+body,254,0.23228346,1.77940605,55,0.21818182,1.65651419,0,,,345,0.22028986,1.70053923
h4,bear,100,price200+volatility+bb+body,306,0.23202614,1.77743484,61,0.21311475,1.61804323,64,0.28125000,2.35312500,431,0.23665893,1.82690119
h4,bear,100,price20+price200+macd+volatility,742,0.23045822,1.76542378,179,0.29050279,2.20560083,137,0.34306569,2.87031630,1058,0.25519849,1.97001827
h4,bear,100,price200+macd+di+volatility,752,0.23005319,1.76232105,181,0.28729282,2.18122955,137,0.34306569,2.87031630,1070,0.25420561,1.96235368
h4,bear,100,trend+volatility+bb+body,196,0.22959184,1.75878685,0,,,0,,,276,0.22101449,1.70613311
h4,bear,100,trend+macd+adx+volatility,340,0.22941176,1.75740741,99,0.31313131,2.37740462,55,0.23636364,1.97757576,494,0.24696356,1.90644833
h4,bear,100,trend+price20+macd+volatility,460,0.22826087,1.74859098,127,0.31496063,2.39129345,63,0.23809524,1.99206349,650,0.24615385,1.90019768
h4,bear,100,price20+macd+volatility+body,400,0.22750000,1.74276235,88,0.20454545,1.55298205,67,0.28358209,2.37263682,555,0.23063063,1.78036539
h4,bear,100,price200+adx+volatility+body,321,0.22741433,1.74210607,54,0.20370370,1.54659118,56,0.23214286,1.94226190,431,0.22505800,1.73734721
h4,bear,100,trend+macd+di+volatility,472,0.22669492,1.73659500,129,0.31007752,2.35421913,63,0.23809524,1.99206349,664,0.24397590,1.88338494
h4,bear,100,price200+macd+volatility+bb,755,0.22649007,1.73502575,181,0.28729282,2.18122955,138,0.34057971,2.84951691,1074,0.25139665,1.94066977
h4,bear,100,macd+adx+di+volatility,718,0.22562674,1.72841226,157,0.27388535,2.07943527,133,0.26315789,2.20175439,1008,0.23809524,1.83798883
h4,bear,100,price20+di+volatility+body,426,0.22535211,1.72630847,95,0.18947368,1.43855179,79,0.24050633,2.01223629,600,0.22166667,1.71116760
h4,bear,100,price20+macd+adx+volatility,713,0.22440393,1.71904490,155,0.27741935,2.10626669,129,0.27131783,2.27002584,997,0.23871615,1.84278198
h4,bear,100,price20+macd+di+volatility,1067,0.22399250,1.71589318,254,0.25984252,1.97281709,182,0.28021978,2.34450549,1503,0.23685961,1.82845036
h4,bear,100,trend+adx+volatility+body,259,0.22393822,1.71547738,51,0.21568627,1.63756713,0,,,344,0.21220930,1.63816097
h4,bear,100,price200+adx+volatility+bb,595,0.22352941,1.71234568,134,0.29104478,2.20971575,126,0.26984127,2.25767196,855,0.24093567,1.85991571
h4,bear,100,price200+macd+volatility,781,0.22279129,1.70669133,187,0.28342246,2.15184441,140,0.33571429,2.80880952,1108,0.24729242,1.90898695
h4,bear,100,price20+price200+adx+volatility,606,0.22277228,1.70654565,137,0.28467153,2.16132782,127,0.26771654,2.23989501,870,0.23908046,1.84559430
h4,bear,100,macd+di+volatility+bb,1091,0.22273144,1.70623281,261,0.26053640,1.97808527,188,0.27659574,2.31418440,1540,0.23571429,1.81960894
h4,bear,100,trend+macd+volatility+bb,472,0.22245763,1.70413528,128,0.31250000,2.37261146,64,0.23437500,1.96093750,664,0.24096386,1.86013327
h4,bear,100,price20+volatility+body,437,0.22196796,1.70038421,99,0.20202020,1.53380943,80,0.23750000,1.98708333,616,0.22077922,1.70431691
h4,bear,100,macd+adx+volatility+bb,731,0.22161423,1.69767442,159,0.27672956,2.10102952,131,0.26717557,2.23536896,1021,0.23604310,1.82214720
h4,bear,100,price20+price200+di+volatility,837,0.22102748,1.69317964,202,0.27722772,2.10481176,158,0.29746835,2.48881857,1197,0.24060150,1.85733608
h4,bear,100,price20+macd+volatility+bb,1091,0.22089826,1.69218975,262,0.26335878,1.99951378,182,0.28021978,2.34450549,1535,0.23517915,1.81547795
h4,bear,100,trend+price200+macd+volatility,490,0.22040816,1.68843537,133,0.30827068,2.34050093,66,0.22727273,1.90151515,689,0.23802612,1.83745530
h4,bear,100,price20+macd+volatility,1098,0.22040073,1.68837842,263,0.26235741,1.99191107,182,0.28021978,2.34450549,1543,0.23460791,1.81106819
h4,bear,100,price200+di+volatility+bb,826,0.22033898,1.68790542,197,0.27918782,2.11969349,156,0.30128205,2.52072650,1179,0.24088210,1.85950218
h4,bear,100,di+volatility+bb+body,441,0.21995465,1.68496123,97,0.19587629,1.48716265,80,0.25000000,2.09166667,618,0.22006472,1.69880132
h4,bear,100,trend+macd+volatility,492,0.21951220,1.68157182,133,0.30827068,2.34050093,66,0.22727273,1.90151515,691,0.23733719,1.83213705
h4,bear,100,macd+di+volatility+body,451,0.21951220,1.68157182,100,0.19000000,1.44254777,75,0.26666667,2.23111111,626,0.22044728,1.70175451
h4,bear,100,adx+di+volatility+bb,787,0.21855146,1.67421212,168,0.27380952,2.07885957,148,0.23648649,1.97860360,1103,0.22937443,1.77066811
h4,bear,100,price20+price200+volatility+bb,824,0.21844660,1.67340885,198,0.27777778,2.10898797,156,0.30128205,2.52072650,1178,0.23938879,1.84797450
h4,bear,100,macd+volatility+bb+body,431,0.21809745,1.67073415,93,0.20430108,1.55112664,70,0.28571429,2.39047619,594,0.22390572,1.72845212
h4,bear,100,price20+price200+volatility,849,0.21790342,1.66924777,205,0.27317073,2.07400963,159,0.29559748,2.47316562,1213,0.23742786,1.83283700
h4,bear,100,price200+adx+di+volatility,671,0.21758569,1.66681386,147,0.26530612,2.01429871,130,0.26153846,2.18820513,948,0.23101266,1.78331448
h4,bear,100,price20+adx+di+volatility,791,0.21744627,1.66574581,170,0.26470588,2.00974148,149,0.23489933,1.96532438,1110,0.22702703,1.75254718
h4,bear,100,price20+volatility+bb+body,424,0.21698113,1.66218262,96,0.20833333,1.58174098,77,0.24675325,2.06450216,597,0.21943049,1.69390528
h4,bear,100,price200+volatility+bb,845,0.21538462,1.64995252,201,0.27363184,2.07751054,157,0.29936306,2.50467091,1203,0.23607648,1.82240488
h4,bear,100,macd+di+volatility,1152,0.21527778,1.64913409,276,0.25362319,1.92559771,198,0.26262626,2.19730640,1626,0.22755228,1.75660187
h4,bear,150,trend+macd+adx+body,197,0.13705584,3.20917537,0,,,0,,,273,0.10989011,2.51400917
h4,bear,150,trend+price20+volatility+body,193,0.12953368,3.03304331,50,0.08000000,1.64413793,0,,,278,0.10431655,2.38650007
h4,bear,150,trend+volatility+bb+body,196,0.12755102,2.98661918,0,,,0,,,276,0.10507246,2.40379355
h4,bear,150,trend+macd+volatility+body,189,0.12698413,2.97334531,0,,,0,,,260,0.10384615,2.37573867
h4,bear,150,price200+macd+adx+body,298,0.12416107,2.90724326,58,0.05172414,1.06302021,62,0.04838710,1.13860887,418,0.10287081,2.35342533
h4,bear,150,trend+adx+volatility+body,259,0.11969112,2.80257886,51,0.11764706,2.41784990,0,,,344,0.10755814,2.46065956
h4,bear,150,trend+price20+adx+body,235,0.11914894,2.78988358,53,0.05660377,1.16330514,0,,,334,0.09281437,2.12335924
h4,bear,150,trend+adx+bb+body,232,0.11637931,2.72503253,50,0.06000000,1.23310345,0,,,324,0.09259259,2.11828550
h4,bear,150,price20+price200+volatility+body,302,0.11589404,2.71366987,63,0.07936508,1.63108922,67,0.07462687,1.75606343,432,0.10416667,2.38307119
h4,bear,150,price20+adx+volatility+body,286,0.11538462,2.70174165,57,0.05263158,1.08166969,63,0.06349206,1.49404762,406,0.09852217,2.25393926
h4,bear,150,price200+macd+volatility+body,295,0.11525424,2.69868884,59,0.06779661,1.39333723,54,0.09259259,2.17881944,408,0.10539216,2.41110732
h4,bear,150,price200+volatility+bb+body,306,0.11437908,2.67819706,61,0.08196721,1.68456755,64,0.07812500,1.83837891,431,0.10440835,2.38860036
h4,bear,150,trend+di+volatility+body,254,0.11417323,2.67337691,55,0.09090909,1.86833856,0,,,345,0.09855072,2.25459257
h4,bear,150,price200+adx+volatility+body,321,0.11214953,2.62599189,54,0.11111111,2.28352490,56,0.05357143,1.26060268,431,0.10440835,2.38860036
h4,bear,150,price20+price200+adx+body,339,0.11209440,2.62470084,68,0.04411765,0.90669371,77,0.03896104,0.91680195,484,0.09090909,2.07977122
h4,bear,150,trend+macd+adx+volatility,340,0.11176471,2.61698113,99,0.14141414,2.90630442,55,0.10909091,2.56704545,494,0.11740891,2.68602032
h4,bear,150,adx+volatility+bb+body,296,0.11148649,2.61046660,56,0.05357143,1.10098522,62,0.06451613,1.51814516,414,0.09661836,2.21038487
h4,bear,150,price200+adx+bb+body,337,0.10979228,2.57079671,66,0.04545455,0.93416928,74,0.04054054,0.95396959,477,0.09014675,2.06233079
h4,bear,150,macd+adx+volatility+body,312,0.10897436,2.55164490,60,0.05000000,1.02758621,57,0.07017544,1.65131579,429,0.09557110,2.18642616
h4,bear,150,price20+macd+adx+body,402,0.10696517,2.50459964,82,0.06097561,1.25315391,75,0.05333333,1.25500000,559,0.09302326,2.12813799
h4,bear,150,price200+di+volatility+body,365,0.10684932,2.50188679,68,0.08823529,1.81338742,68,0.07352941,1.73023897,501,0.09980040,2.28318198
h4,bear,150,adx+di+volatility+body,356,0.10674157,2.49936400,64,0.06250000,1.28448276,72,0.06944444,1.63411458,492,0.09552846,2.18545065
h4,bear,150,price200+macd+adx+volatility,520,0.10576923,2.47659652,122,0.12295082,2.52685133,108,0.12037037,2.83246528,750,0.11066667,2.53177483
h4,bear,150,trend+price20+macd+body,314,0.10509554,2.46082202,72,0.06944444,1.42720307,0,,,431,0.08816705,2.01704030
h4,bear,150,macd+adx+di+body,426,0.10328638,2.41846045,88,0.05681818,1.16771160,79,0.05063291,1.19145570,593,0.08937605,2.04469919
h4,bear,150,trend+adx+di+body,315,0.10158730,2.37867625,58,0.06896552,1.41736029,60,0.01666667,0.39218750,433,0.08545035,1.95488889
h4,bear,150,trend+macd+di+body,337,0.10089021,2.36235373,73,0.06849315,1.40765234,0,,,457,0.08533917,1.95234541
h4,bear,150,macd+adx+bb+body,421,0.09976247,2.33594765,84,0.05952381,1.22331691,79,0.05063291,1.19145570,584,0.08732877,1.99786242
h4,bear,150,price20+price200+macd+body,492,0.09959350,2.33199110,106,0.05660377,1.16330514,85,0.05882353,1.38419118,683,0.08784773,2.00973500
h4,bear,150,price200+adx+di+body,423,0.09929078,2.32490298,76,0.05263158,1.08166969,91,0.03296703,0.77575549,590,0.08305085,1.89999439
h4,bear,150,trend+macd+bb+body,324,0.09876543,2.31260191,72,0.06944444,1.42720307,0,,,441,0.08390023,1.91942605
h4,bear,150,trend+momentum+macd+adx,274,0.09854015,2.30732681,87,0.09195402,1.88981371,0,,,398,0.09045226,2.06932011
h4,bear,150,trend+adx+volatility+bb,409,0.09779951,2.28998478,110,0.12727273,2.61567398,70,0.08571429,2.01696429,589,0.10186757,2.33047370
h4,bear,150,trend+price200+macd+body,348,0.09770115,2.28768163,80,0.06250000,1.28448276,0,,,476,0.08193277,1.87441566
h4,bear,150,price20+adx+di+body,451,0.09756098,2.28439945,94,0.05319149,1.09317682,93,0.04301075,1.01209677,638,0.08307210,1.90048060
h4,bear,150,price200+adx+volatility+bb,595,0.09747899,2.28247978,134,0.11194030,2.30056613,126,0.10317460,2.42782738,855,0.10058480,2.30112699
h4,bear,150,price20+macd+adx+volatility,713,0.09677419,2.26597687,155,0.10322581,2.12146830,129,0.10852713,2.55377907,997,0.09929789,2.27168592
h4,bear,150,price200+macd+di+body,517,0.09671180,2.26451589,108,0.05555556,1.14176245,88,0.05681818,1.33700284,713,0.08555400,1.95726015
h4,bear,150,price20+adx+bb+body,446,0.09641256,2.25750910,91,0.05494505,1.12921561,91,0.04395604,1.03434066,628,0.08280255,1.89431392
h4,bear,150,price20+adx+body,457,0.09628009,2.25440733,94,0.05319149,1.09317682,95,0.04210526,0.99078947,646,0.08204334,1.87694524
h4,bear,150,macd+adx+di+volatility,718,0.09610028,2.25019709,157,0.10828025,2.22534593,133,0.10526316,2.47697368,1008,0.09920635,2.26959161
h4,bear,150,trend+macd+body,355,0.09577465,2.24257242,80,0.06250000,1.28448276,0,,,483,0.08074534,1.84725022
h4,bear,150,price20+price200+adx+volatility,606,0.09570957,2.24104863,137,0.10948905,2.25018877,127,0.10236220,2.40871063,870,0.09885057,2.26145239
h4,bear,150,trend+price20+macd+volatility,460,0.09565217,2.23970468,127,0.13385827,2.75101819,63,0.09523810,2.24107143,650,0.10307692,2.35814060
h4,bear,150,trend+price20+adx+volatility,420,0.09523810,2.23000898,114,0.12280702,2.52389595,71,0.08450704,1.98855634,605,0.09917355,2.26884133
h4,bear,150,price20+macd+volatility+body,400,0.09500000,2.22443396,88,0.07954545,1.63479624,67,0.08955224,2.10727612,555,0.09189189,2.10225524
h4,bear,150,momentum+macd+adx+volatility,432,0.09490741,2.22226590,111,0.07207207,1.48120534,73,0.04109589,0.96703767,616,0.08441558,1.93121613
h4,bear,150,macd+adx+volatility+bb,731,0.09439124,2.21017990,159,0.10691824,2.19735415,131,0.10687023,2.51479008,1021,0.09794319,2.24069378
h4,bear,150,price20+price200+macd+volatility,742,0.09433962,2.20897116,179,0.11731844,2.41109613,137,0.13868613,3.26345803,1058,0.10396975,2.37856633
h4,bear,150,price200+adx+di+volatility,671,0.09388972,2.19843658,147,0.11564626,2.37673000,130,0.10000000,2.35312500,948,0.09810127,2.24431008
h4,bear,200,price20+adx+volatility+body,286,0.06643357,3.50825770,57,0.05263158,2.32358674,63,0.03174603,2.39047619,406,0.05911330,3.11766254
h4,bear,200,adx+volatility+bb+body,296,0.06418919,3.38973548,56,0.05357143,2.36507937,62,0.03225806,2.42903226,414,0.05797101,3.05741786
h4,bear,200,price20+price200+volatility+body,302,0.06291391,3.32238974,63,0.04761905,2.10229277,67,0.02985075,2.24776119,432,0.05555556,2.93002545
h4,bear,200,trend+price20+volatility+body,193,0.06217617,3.28343071,50,0.06000000,2.64888889,0,,,278,0.05395683,2.84570817
h4,bear,200,price200+volatility+bb+body,306,0.06209150,3.27895981,61,0.04918033,2.17122040,64,0.03125000,2.35312500,431,0.05568445,2.93682365
h4,bear,200,trend+macd+adx+volatility,340,0.06176471,3.26170213,99,0.07070707,3.12158623,55,0.01818182,1.36909091,494,0.05870445,3.09609976
h4,bear,200,trend+volatility+bb+body,196,0.06122449,3.23317412,0,,,0,,,276,0.05434783,2.86632924
h4,bear,200,price200+macd+volatility+body,295,0.06101695,3.22221421,59,0.05084746,2.24482109,54,0.03703704,2.78888889,408,0.05637255,2.97311405
h4,bear,200,trend+macd+adx+body,197,0.06091371,3.21676207,0,,,0,,,273,0.06227106,3.28420435
h4,bear,200,price200+macd+adx+body,298,0.06040268,3.18977581,58,0.10344828,4.56704981,62,0.03225806,2.42903226,418,0.06220096,3.28050696
h4,bear,200,price200+macd+adx+volatility,520,0.05961538,3.14819967,122,0.06557377,2.89496053,108,0.04629630,3.48611111,750,0.05866667,3.09410687
h4,bear,200,trend+macd+volatility+body,189,0.05820106,3.07351120,0,,,0,,,260,0.05384615,2.83987082
h4,bear,200,macd+adx+volatility+body,312,0.05769231,3.04664484,60,0.05000000,2.20740741,57,0.03508772,2.64210526,429,0.05361305,2.82757700
h4,bear,200,price200+adx+bb+body,337,0.05637982,2.97733443,66,0.09090909,4.01346801,74,0.02702703,2.03513514,477,0.05660377,2.98530894
h4,bear,200,adx+di+volatility+body,356,0.05617978,2.96677026,64,0.06250000,2.75925926,72,0.02777778,2.09166667,492,0.05284553,2.78709737
h4,bear,200,price20+price200+adx+body,339,0.05604720,2.95976903,68,0.08823529,3.89542484,77,0.02597403,1.95584416,484,0.05578512,2.94213299
h4,bear,200,trend+adx+bb+body,232,0.05603448,2.95909758,50,0.10000000,4.41481481,0,,,324,0.05555556,2.93002545
h4,bear,200,trend+price20+adx+body,235,0.05531915,2.92132187,53,0.09433962,4.16491964,0,,,334,0.05389222,2.84230013
h4,bear,200,price20+price200+macd+volatility,742,0.05525606,2.91799048,179,0.05586592,2.46637699,137,0.05109489,3.84744526,1058,0.05482042,2.89125384
h4,bear,200,price20+macd+volatility+body,400,0.05500000,2.90446809,88,0.04545455,2.00673401,67,0.02985075,2.24776119,555,0.05045045,2.66077986
h4,bear,200,price200+di+volatility+body,365,0.05479452,2.89361702,68,0.05882353,2.59694989,68,0.02941176,2.21470588,501,0.05189621,2.73702976
h4,bear,200,price20+macd+adx+body,402,0.05472637,2.89001800,82,0.07317073,3.23035230,75,0.02666667,2.00800000,559,0.05366726,2.83043603
h4,bear,200,price20+macd+adx+volatility,713,0.05469846,2.88854406,155,0.05161290,2.27861410,129,0.03875969,2.91860465,997,0.05215647,2.75075609
h4,bear,200,price200+macd+di+volatility,752,0.05452128,2.87918742,181,0.05524862,2.43912421,137,0.05109489,3.84744526,1070,0.05420561,2.85882857
h4,bear,200,macd+adx+di+volatility,718,0.05431755,2.86842885,157,0.05095541,2.24958717,133,0.03759398,2.83082707,1008,0.05158730,2.72073791
h4,bear,200,price200+macd+volatility+bb,755,0.05430464,2.86774694,181,0.05524862,2.43912421,138,0.05072464,3.81956522,1074,0.05400372,2.84818116
h4,bear,200,price20+volatility+bb+body,424,0.05424528,2.86461261,96,0.04166667,1.83950617,77,0.02597403,1.95584416,597,0.04857621,2.56193180
h4,bear,200,price20+di+volatility+body,426,0.05399061,2.85116372,95,0.04210526,1.85886940,79,0.02531646,1.90632911,600,0.04833333,2.54912214
h4,bear,200,trend+adx+volatility+bb,409,0.05378973,2.84055558,110,0.06363636,2.80942761,70,0.01428571,1.07571429,589,0.05093379,2.68627121
h4,bear,200,price200+adx+volatility+bb,595,0.05378151,2.84012158,134,0.05970149,2.63571034,126,0.03968254,2.98809524,855,0.05263158,2.77581358
h4,bear,200,macd+adx+volatility+bb,731,0.05335157,2.81741712,159,0.05031447,2.22129047,131,0.03816794,2.87404580,1021,0.05093046,2.68609580
h4,bear,200,price200+adx+volatility+body,321,0.05295950,2.79671240,54,0.11111111,4.90534979,56,0.03571429,2.68928571,431,0.05800464,3.05919130
h4,bear,200,price20+price200+adx+volatility,606,0.05280528,2.78856822,137,0.05839416,2.57799405,127,0.03937008,2.96456693,870,0.05172414,2.72795472
h4,bear,200,price20+volatility+body,437,0.05263158,2.77939530,99,0.04040404,1.78376356,80,0.02500000,1.88250000,616,0.04707792,2.48291117
h4,bear,200,price200+macd+volatility,781,0.05249680,2.77227777,187,0.05347594,2.36086354,140,0.05000000,3.76500000,1108,0.05234657,2.76078210
h4,bear,200,trend+price20+adx+volatility,420,0.05238095,2.76616008,114,0.06140351,2.71085120,71,0.01408451,1.06056338,605,0.04958678,2.61522932
h4,bear,200,macd+adx+bb+body,421,0.05225653,2.75958963,84,0.07142857,3.15343915,79,0.02531646,1.90632911,584,0.05136986,2.70927010
h4,bear,200,trend+price20+macd+volatility,460,0.05217391,2.75522664,127,0.06299213,2.78098571,63,0.01587302,1.19523810,650,0.05076923,2.67759248
h4,bear,200,di+volatility+bb+body,441,0.05215420,2.75418536,97,0.04123711,1.82054219,80,0.02500000,1.88250000,618,0.04692557,2.47487586
h4,bear,200,macd+adx+di+body,426,0.05164319,2.72720008,88,0.06818182,3.01010101,79,0.02531646,1.90632911,593,0.05059022,2.66815133
h4,bear,200,price20+adx+bb+body,446,0.05156951,2.72330884,91,0.06593407,2.91086691,91,0.02197802,1.65494505,628,0.04936306,2.60343025
h4,bear,200,price20+macd+di+volatility,1067,0.05154639,2.72208818,254,0.04330709,1.91192768,182,0.03846154,2.89615385,1503,0.04856953,2.56157913
h4,bear,200,trend+di+volatility+body,254,0.05118110,2.70279779,55,0.07272727,3.21077441,0,,,345,0.04927536,2.59880518
h4,bear,200,macd+volatility+bb+body,431,0.05104408,2.69556203,93,0.04301075,1.89884508,70,0.02857143,2.15142857,594,0.04713805,2.48608220
h4,bear,200,price20+adx+di+body,451,0.05099778,2.69311695,94,0.06382979,2.81796690,93,0.02150538,1.61935484,638,0.04858934,2.56262414
h4,bear,200,price20+price200+volatility+bb,824,0.05097087,2.69169593,198,0.05050505,2.22970445,156,0.04487179,3.37884615,1178,0.05008489,2.64150002
h4,bear,200,price200+di+volatility+bb,826,0.05084746,2.68517851,197,0.05076142,2.24102275,156,0.04487179,3.37884615,1179,0.05004241,2.63925956
h4,bear,200,trend+macd+di+volatility,472,0.05084746,2.68517851,129,0.06201550,2.73786965,63,0.01587302,1.19523810,664,0.04969880,2.62113722
h4,bear,200,trend+macd+volatility+bb,472,0.05084746,2.68517851,128,0.06250000,2.75925926,64,0.01562500,1.17656250,664,0.04969880,2.62113722
h4,bear,200,adx+di+volatility+bb,787,0.05082592,2.68404120,168,0.04761905,2.10229277,148,0.03378378,2.54391892,1103,0.04805077,2.53421965
h4,bear,300,macd+adx+volatility+body,312,0.03205128,4.07955293,60,0.00000000,0.00000000,57,0.01754386,1.88721805,429,0.02564103,3.47360483
h4,bear,300,price20+adx+volatility+body,286,0.03146853,4.00537924,57,0.00000000,0.00000000,63,0.01587302,1.70748299,406,0.02463054,3.33671400
h4,bear,300,adx+volatility+bb+body,296,0.03040541,3.87006237,56,0.00000000,0.00000000,62,0.01612903,1.73502304,414,0.02415459,3.27223643
h4,bear,300,macd+adx+di+body,426,0.02816901,3.58540990,88,0.00000000,0.00000000,79,0.01265823,1.36166365,593,0.02192243,2.96984426
h4,bear,300,adx+di+volatility+body,356,0.02808989,3.57533852,64,0.00000000,0.00000000,72,0.01388889,1.49404762,492,0.02235772,3.02881396
h4,bear,300,price20+macd+adx+body,402,0.02736318,3.48284220,82,0.00000000,0.00000000,75,0.01333333,1.43428571,559,0.02146691,2.90813427
h4,bear,300,price200+macd+adx+volatility,520,0.02692308,3.42682446,122,0.02459016,5.86229508,108,0.02777778,2.98809524,750,0.02666667,3.61254902
h4,bear,300,trend+macd+volatility+body,189,0.02645503,3.36725003,0,,,0,,,260,0.01923077,2.60520362
h4,bear,300,macd+adx+bb+body,421,0.02612827,3.32565930,84,0.00000000,0.00000000,79,0.01265823,1.36166365,584,0.02054795,2.78364222
h4,bear,300,trend+price20+volatility+body,193,0.02590674,3.29746247,50,0.00000000,0.00000000,0,,,278,0.01798561,2.43652137
h4,bear,300,trend+volatility+bb+body,196,0.02551020,3.24699110,0,,,0,,,276,0.01811594,2.45417732
h4,bear,300,trend+macd+adx+body,197,0.02538071,3.23050892,0,,,0,,,273,0.01831502,2.48114630
h4,bear,300,macd+adx+di+volatility,718,0.02506964,3.19091493,157,0.01910828,4.55541401,133,0.02255639,2.42642320,1008,0.02380952,3.22549020
h4,bear,300,price20+macd+volatility+body,400,0.02500000,3.18205128,88,0.00000000,0.00000000,67,0.01492537,1.60554371,555,0.01981982,2.68500265
h4,bear,300,price20+adx+bb+body,446,0.02466368,3.13924342,91,0.00000000,0.00000000,91,0.01098901,1.18210361,628,0.01910828,2.58860997
h4,bear,300,price20+adx+di+body,451,0.02439024,3.10444028,94,0.00000000,0.00000000,93,0.01075269,1.15668203,638,0.01880878,2.54803614
h4,bear,300,macd+di+volatility+body,451,0.02439024,3.10444028,100,0.00000000,0.00000000,75,0.01333333,1.43428571,626,0.01916933,2.59688029
h4,bear,300,price20+adx+body,457,0.02407002,3.06368176,94,0.00000000,0.00000000,95,0.01052632,1.13233083,646,0.01857585,2.51648152
h4,bear,300,adx+di+bb+body,461,0.02386117,3.03709884,94,0.00000000,0.00000000,91,0.01098901,1.18210361,646,0.01857585,2.51648152
h4,bear,300,price20+macd+adx+volatility,713,0.02384292,3.03477542,155,0.01935484,4.61419355,129,0.02325581,2.50166113,997,0.02306921,3.12519913
h4,bear,300,price200+macd+volatility+body,295,0.02372881,3.02025206,59,0.00000000,0.00000000,54,0.01851852,1.99206349,408,0.01960784,2.65628604
h4,bear,300,momentum+macd+adx+body,296,0.02364865,3.01004851,68,0.00000000,0.00000000,50,0.00000000,0.00000000,414,0.01690821,2.29056550
h4,bear,300,price20+volatility+bb+body,424,0.02358491,3.00193517,96,0.00000000,0.00000000,77,0.01298701,1.39703154,597,0.01842546,2.49610799
h4,bear,300,price200+adx+volatility+bb,595,0.02352941,2.99487179,134,0.02985075,7.11641791,126,0.02380952,2.56122449,855,0.02456140,3.32734778
h4,bear,300,price200+macd+adx+body,298,0.02348993,2.98984684,58,0.00000000,0.00000000,62,0.01612903,1.73502304,418,0.01913876,2.59273853
h4,bear,300,macd+adx+body,511,0.02348337,2.98901099,108,0.00000000,0.00000000,95,0.01052632,1.13233083,714,0.01820728,2.46655133
h4,bear,300,price20+di+volatility+body,426,0.02347418,2.98784158,95,0.00000000,0.00000000,79,0.01265823,1.36166365,600,0.01833333,2.48362745
h4,bear,300,adx+bb+body,471,0.02335456,2.97261691,94,0.00000000,0.00000000,95,0.01052632,1.13233083,660,0.01818182,2.46310160
h4,bear,300,price200+momentum+macd+adx,429,0.02331002,2.96694758,121,0.01652893,3.94049587,72,0.00000000,0.00000000,622,0.01929260,2.61358048
h4,bear,300,macd+adx+volatility+bb,731,0.02325581,2.96004770,159,0.02515723,5.99748428,131,0.02290076,2.46346783,1021,0.02350637,3.18442127
h4,bear,300,macd+volatility+bb+body,431,0.02320186,2.95317984,93,0.00000000,0.00000000,70,0.01428571,1.53673469,594,0.01851852,2.50871460
h4,bear,300,price20+price200+volatility+body,302,0.02317881,2.95024622,63,0.00000000,0.00000000,67,0.01492537,1.60554371,432,0.01851852,2.50871460
h4,bear,300,price20+price200+adx+volatility,606,0.02310231,2.94050944,137,0.02919708,6.96058394,127,0.02362205,2.54105737,870,0.02413793,3.26997972
h4,bear,300,price20+volatility+body,437,0.02288330,2.91263275,99,0.00000000,0.00000000,80,0.01250000,1.34464286,616,0.01785714,2.41911765
h4,bear,300,price200+volatility+bb+body,306,0.02287582,2.91168091,61,0.00000000,0.00000000,64,0.01562500,1.68080357,431,0.01856148,2.51453528
h4,bear,300,di+volatility+bb+body,441,0.02267574,2.88621431,97,0.00000000,0.00000000,80,0.01250000,1.34464286,618,0.01779935,2.41128879
h4,bear,300,adx+di+body,584,0.02226027,2.83333333,113,0.00000000,0.00000000,120,0.00833333,0.89642857,817,0.01713586,2.32140543
h4,bear,300,macd+adx+volatility,811,0.02219482,2.82500237,176,0.02272727,5.41818182,136,0.02205882,2.37289916,1123,0.02226180,3.01581897
h4,bear,300,price20+price200+macd+adx,857,0.02217036,2.82188912,188,0.01595745,3.80425532,141,0.02127660,2.28875380,1186,0.02107926,2.85561948
h4,bear,300,price200+macd+adx+di,859,0.02211874,2.81531895,191,0.01570681,3.74450262,144,0.02083333,2.24107143,1194,0.02093802,2.83648635
h4,bear,300,price200+macd+adx+bb,861,0.02206736,2.80877930,190,0.01578947,3.76421053,143,0.02097902,2.25674326,1194,0.02093802,2.83648635
h4,bear,300,price20+momentum+adx+body,318,0.02201258,2.80180616,75,0.00000000,0.00000000,65,0.00000000,0.00000000,458,0.01528384,2.07051117
h4,bear,300,price200+adx+volatility+body,321,0.02180685,2.77562106,54,0.00000000,0.00000000,56,0.01785714,1.92091837,431,0.01856148,2.51453528
h4,bear,300,price200+macd+adx,872,0.02178899,2.77334745,192,0.01562500,3.72500000,147,0.02040816,2.19533528,1211,0.02064410,2.79666780
h4,bear,300,adx+di+volatility+bb,787,0.02160102,2.74942169,168,0.02380952,5.67619048,148,0.02027027,2.18050193,1103,0.02175884,2.94768279
h4,bear,300,volatility+bb+body,463,0.02159827,2.74907238,102,0.00000000,0.00000000,80,0.01250000,1.34464286,645,0.01705426,2.31035112
h4,bear,300,price20+price200+macd+volatility,742,0.02156334,2.74462644,179,0.01675978,3.99553073,137,0.02919708,3.14077164,1058,0.02173913,2.94501279
h4,bear,300,price20+macd+di+volatility,1067,0.02155576,2.74366184,254,0.01181102,2.81574803,182,0.02197802,2.36420722,1503,0.01996008,2.70400376
h4,bear,300,trend+adx+bb+body,232,0.02155172,2.74314766,50,0.00000000,0.00000000,0,,,324,0.01543210,2.09059550
h4,bear,300,price20+adx+volatility+bb,789,0.02154626,2.74245231,168,0.02380952,5.67619048,147,0.02040816,2.19533528,1104,0.02173913,2.94501279
d1,bull,100,trend+macd+adx+volatility,126,0.41269841,1.53222474,0,,,0,,,171,0.36257310,1.35782984
d1,bull,100,trend+adx+volatility+body,102,0.40196078,1.49235917,0,,,0,,,135,0.37777778,1.41477109
d1,bull,100,trend+adx+volatility,229,0.39301310,1.45913911,0,,,0,,,301,0.35880399,1.34371458
d1,bull,100,adx+volatility+body,186,0.39247312,1.45713432,0,,,0,,,239,0.38912134,1.45725252
d1,bull,100,trend+price200+adx+volatility,225,0.39111111,1.45207760,0,,,0,,,296,0.35810811,1.34110852
d1,bull,100,price200+macd+adx+volatility,162,0.38888889,1.44382716,0,,,0,,,218,0.35321101,1.32276897
d1,bull,100,price200+adx+volatility+body,114,0.38596491,1.43297132,0,,,0,,,150,0.37333333,1.39812672
d1,bull,100,trend+adx+di+volatility,172,0.38372093,1.42464009,0,,,0,,,235,0.35319149,1.32269587
d1,bull,100,price200+macd+di+volatility,279,0.37992832,1.41055925,53,0.28301887,1.05870021,52,0.21153846,0.84615385,384,0.34375000,1.28733766
d1,bull,100,trend+price20+adx+volatility,160,0.37500000,1.39226190,0,,,0,,,218,0.33486239,1.25405370
d1,bull,100,price200+macd+volatility,305,0.37377049,1.38769711,54,0.29629630,1.10836763,57,0.24561404,0.98245614,416,0.34615385,1.29634002
d1,bull,100,price200+adx+di+volatility,201,0.37313433,1.38533523,0,,,0,,,274,0.35036496,1.31211058
d1,bull,100,price200+macd+volatility+bb,295,0.37288136,1.38439602,54,0.29629630,1.10836763,53,0.20754717,0.83018868,402,0.34079602,1.27627506
d1,bull,100,trend+adx+volatility+bb,153,0.37254902,1.38316215,0,,,0,,,203,0.33497537,1.25447683
d1,bull,100,price20+price200+macd+volatility,288,0.37152778,1.37937059,52,0.30769231,1.15099715,51,0.17647059,0.70588235,391,0.33759591,1.26429070
d1,bull,100,price200+adx+volatility,280,0.37142857,1.37900227,0,,,0,,,368,0.35054348,1.31277912
d1,bull,100,price200+momentum+macd+volatility,227,0.37004405,1.37386197,0,,,0,,,312,0.34294872,1.28433688
d1,bull,100,price200+di+volatility+bb,315,0.36507937,1.35542958,58,0.27586207,1.03192848,53,0.18867925,0.75471698,426,0.33098592,1.23953639
d1,bull,100,price20+price200+di+volatility,320,0.36250000,1.34585317,63,0.28571429,1.06878307,57,0.19298246,0.77192982,440,0.32954545,1.23414189
d1,bull,100,macd+adx+di+volatility,185,0.36216216,1.34459888,0,,,0,,,249,0.33734940,1.26336752
d1,bull,100,trend+price200+macd+volatility,221,0.36199095,1.34396323,0,,,0,,,296,0.34459459,1.29050065
d1,bull,100,trend+macd+volatility,222,0.36036036,1.33790934,0,,,0,,,297,0.34343434,1.28615553
d1,bull,100,price200+di+volatility,361,0.36011080,1.33698281,69,0.28985507,1.08427268,64,0.23437500,0.93750000,494,0.33400810,1.25085441
d1,bull,100,price200+momentum+di+volatility,278,0.35971223,1.33550303,52,0.28846154,1.07905983,53,0.22641509,0.90566038,383,0.33159269,1.24180875
d1,bull,100,trend+macd+volatility+bb,216,0.35648148,1.32350823,0,,,0,,,289,0.33564014,1.25696637
d1,bull,100,price200+adx+volatility+bb,188,0.35638298,1.32314252,0,,,0,,,249,0.32931727,1.23328734
d1,bull,100,trend+macd+di+volatility,208,0.35576923,1.32086386,0,,,0,,,279,0.32974910,1.23490455
d1,bull,100,macd+adx+volatility+bb,217,0.35483871,1.31740911,0,,,0,,,282,0.32978723,1.23504735
d1,bull,100,price200+volatility+bb,344,0.35465116,1.31671281,61,0.29508197,1.10382514,56,0.21428571,0.85714286,461,0.32971800,1.23478809
d1,bull,100,trend+momentum+macd+volatility,158,0.35443038,1.31589311,0,,,0,,,213,0.34272300,1.28349158
d1,bull,100,price20+price200+adx+volatility,195,0.35384615,1.31372405,0,,,0,,,266,0.32706767,1.22486263
d1,bull,100,trend+price20+macd+volatility,212,0.35377358,1.31345463,0,,,0,,,280,0.32857143,1.23049418
d1,bull,100,price20+price200+volatility+bb,334,0.35329341,1.31167189,59,0.30508475,1.14124294,53,0.16981132,0.67924528,446,0.32511211,1.21753909
d1,bull,100,adx+di+volatility,238,0.35294118,1.31036415,0,,,0,,,320,0.33750000,1.26393152
d1,bull,100,macd+di+volatility+bb,369,0.35230352,1.30799673,78,0.30769231,1.15099715,58,0.18965517,0.75862069,505,0.32673267,1.22360808
d1,bull,100,price20+macd+di+volatility,358,0.35195531,1.30670391,77,0.31168831,1.16594517,58,0.18965517,0.75862069,493,0.32657201,1.22300639
d1,bull,100,price20+macd+adx+volatility,199,0.35175879,1.30597432,0,,,0,,,264,0.32575758,1.21995635
d1,bull,100,price20+price200+volatility,350,0.35142857,1.30474830,66,0.30303030,1.13355780,61,0.19672131,0.78688525,477,0.32494759,1.21692297
d1,bull,100,price200+volatility+body,211,0.35071090,1.30208380,0,,,0,,,276,0.34420290,1.28903376
d1,bull,100,price200+momentum+volatility+bb,266,0.34962406,1.29804869,0,,,0,,,357,0.32492997,1.21685699
d1,bull,100,macd+di+volatility,378,0.34920635,1.29649786,79,0.30379747,1.13642757,62,0.22580645,0.90322581,519,0.32755299,1.22668013
d1,bull,100,trend+momentum+adx+volatility,132,0.34848485,1.29381914,0,,,0,,,176,0.32386364,1.21286358
d1,bull,100,price20+price200+momentum+volatility,273,0.34798535,1.29196465,50,0.30000000,1.12222222,51,0.19607843,0.78431373,374,0.32085561,1.20159860
d1,bull,100,macd+volatility+bb,424,0.34669811,1.28718553,86,0.31395349,1.17441860,61,0.21311475,0.85245902,571,0.32749562,1.22646530
d1,bull,100,momentum+macd+di+volatility,300,0.34666667,1.28706878,63,0.30158730,1.12815991,51,0.23529412,0.94117647,414,0.32608696,1.22118988
d1,bull,100,trend+price200+adx+body,205,0.34634146,1.28586140,0,,,0,,,271,0.33579336,1.25754018
d1,bull,100,volatility+body,364,0.34615385,1.28516484,58,0.44827586,1.67688378,50,0.28000000,1.12000000,472,0.35169492,1.31709123
d1,bull,100,trend+adx+body,208,0.34615385,1.28516484,0,,,0,,,276,0.33695652,1.26189621
d1,bull,100,price200+volatility,518,0.34555985,1.28295949,80,0.30000000,1.12222222,93,0.27956989,1.11827957,691,0.33140376,1.24110122
d1,bull,100,momentum+macd+volatility+bb,336,0.34523810,1.28176493,70,0.31428571,1.17566138,51,0.21568627,0.86274510,457,0.32603939,1.22101173
d1,bull,150,trend+macd+adx+volatility,126,0.23015873,1.69289707,0,,,0,,,171,0.22222222,1.65856209
d1,bull,150,price200+macd+di+volatility,279,0.22939068,1.68724781,53,0.13207547,0.92636268,52,0.17307692,1.62197802,384,0.20833333,1.55490196
d1,bull,150,price20+price200+macd+volatility,288,0.22916667,1.68560010,52,0.15384615,1.07905983,51,0.13725490,1.28627451,391,0.20716113,1.54615315
d1,bull,150,price200+macd+volatility+bb,295,0.22711864,1.67053619,54,0.14814815,1.03909465,53,0.16981132,1.59137466,402,0.20895522,1.55954346
d1,bull,150,price200+macd+volatility,305,0.22295082,1.63988040,54,0.14814815,1.03909465,57,0.17543860,1.64411028,416,0.20673077,1.54294118
d1,bull,150,trend+macd+volatility+bb,216,0.22222222,1.63452131,0,,,0,,,289,0.21107266,1.57534704
d1,bull,150,trend+price20+macd+volatility,212,0.22169811,1.63066631,0,,,0,,,280,0.20714286,1.54601681
d1,bull,150,trend+macd+di+volatility,208,0.22115385,1.62666304,0,,,0,,,279,0.20788530,1.55155809
d1,bull,150,trend+price20+adx+volatility,160,0.21875000,1.60898192,0,,,0,,,218,0.20642202,1.54063681
d1,bull,150,trend+price200+macd+volatility,221,0.21719457,1.59754119,0,,,0,,,296,0.20945946,1.56330684
d1,bull,150,macd+di+volatility+bb,369,0.21680217,1.59465494,78,0.14102564,0.98913818,58,0.15517241,1.45418719,505,0.19801980,1.47792662
d1,bull,150,trend+macd+volatility,222,0.21621622,1.59034506,0,,,0,,,297,0.20875421,1.55804318
d1,bull,150,price200+macd+adx+volatility,162,0.21604938,1.58911794,0,,,0,,,218,0.20642202,1.54063681
d1,bull,150,price200+di+volatility+bb,315,0.21587302,1.58782070,58,0.12068966,0.84650383,53,0.15094340,1.41455526,426,0.19483568,1.45416183
d1,bull,150,trend+adx+volatility+bb,153,0.21568627,1.58644716,0,,,0,,,203,0.20197044,1.50741234
d1,bull,150,price20+price200+di+volatility,320,0.21562500,1.58599646,63,0.12698413,0.89065256,57,0.15789474,1.47969925,440,0.19545455,1.45878075
d1,bull,150,price20+macd+di+volatility,358,0.21508380,1.58201574,77,0.14285714,1.00198413,58,0.13793103,1.29261084,493,0.19472617,1.45334447
d1,bull,150,macd+di+volatility,378,0.21428571,1.57614555,79,0.13924051,0.97661744,62,0.16129032,1.51152074,519,0.19653179,1.46682081
d1,bull,150,price20+price200+volatility+bb,334,0.21257485,1.56356156,59,0.15254237,1.06991525,53,0.13207547,1.23773585,446,0.19506726,1.45589027
d1,bull,150,price20+macd+volatility+bb,389,0.21079692,1.55048423,83,0.14457831,1.01405622,58,0.13793103,1.29261084,530,0.19245283,1.43637736
d1,bull,150,price20+macd+volatility,390,0.21025641,1.54650863,84,0.14285714,1.00198413,59,0.13559322,1.27070218,533,0.19136961,1.42829268
d1,bull,150,adx+volatility+body,186,0.20967742,1.54224995,0,,,0,,,239,0.20083682,1.49895151
d1,bull,150,price200+volatility+bb,344,0.20930233,1.53949100,61,0.14754098,1.03483607,56,0.16071429,1.50612245,461,0.19522777,1.45708817
d1,bull,150,price20+price200+volatility,350,0.20857143,1.53411500,66,0.15151515,1.06271044,61,0.18032787,1.68992974,477,0.19706499,1.47080035
d1,bull,150,price200+momentum+macd+volatility,227,0.20704846,1.52291303,0,,,0,,,312,0.19551282,1.45921569
d1,bull,150,di+volatility+bb,408,0.20588235,1.51433592,85,0.12941176,0.90767974,61,0.14754098,1.38266979,554,0.18772563,1.40109577
d1,bull,150,trend+di+volatility+bb,243,0.20576132,1.51344566,0,,,0,,,320,0.19062500,1.42273529
d1,bull,150,macd+volatility+bb,424,0.20518868,1.50923371,86,0.13953488,0.97868217,61,0.16393443,1.53629977,571,0.19089317,1.42473679
d1,bull,150,price20+price200+adx+volatility,195,0.20512821,1.50878891,0,,,0,,,266,0.19924812,1.48709421
d1,bull,150,trend+price20+di+volatility,249,0.20481928,1.50651663,0,,,0,,,333,0.18918919,1.41201908
d1,bull,150,price20+di+volatility+bb,396,0.20454545,1.50450257,83,0.13253012,0.92955154,60,0.13333333,1.24952381,539,0.18552876,1.38469933
d1,bull,150,price20+di+volatility,407,0.20393120,1.49998455,91,0.13186813,0.92490842,65,0.15384615,1.44175824,563,0.18650089,1.39195486
d1,bull,150,trend+price20+macd+adx,305,0.20327869,1.49518507,63,0.19047619,1.33597884,0,,,416,0.18990385,1.41735294
d1,bull,150,trend+macd+adx+bb,306,0.20261438,1.49029884,63,0.19047619,1.33597884,0,,,417,0.18944844,1.41395401
d1,bull,150,trend+price20+volatility+bb,257,0.20233463,1.48824120,0,,,0,,,334,0.19161677,1.43013737
d1,bull,150,price200+adx+volatility+bb,188,0.20212766,1.48671885,0,,,0,,,249,0.18875502,1.40877864
d1,bull,150,price200+adx+volatility+body,114,0.20175439,1.48397330,0,,,0,,,150,0.18666667,1.39319216
d1,bull,150,trend+volatility+bb,264,0.20075758,1.47664141,0,,,0,,,346,0.19364162,1.44524991
d1,bull,150,trend+price200+volatility+bb,264,0.20075758,1.47664141,0,,,0,,,346,0.19364162,1.44524991
d1,bull,150,trend+macd+adx,310,0.20000000,1.47106918,63,0.19047619,1.33597884,0,,,422,0.18957346,1.41488709
d1,bull,150,trend+price200+macd+adx,310,0.20000000,1.47106918,63,0.19047619,1.33597884,0,,,422,0.18957346,1.41488709
d1,bull,150,momentum+macd+di+volatility,300,0.20000000,1.47106918,63,0.14285714,1.00198413,51,0.15686275,1.47002801,414,0.18599034,1.38814436
d1,bull,150,price20+volatility+bb,436,0.19954128,1.46769517,92,0.14130435,0.99109300,61,0.13114754,1.22903981,589,0.18336163,1.36852492
d1,bull,150,price200+di+volatility,361,0.19944598,1.46699420,69,0.11594203,0.81320451,64,0.18750000,1.75714286,494,0.18623482,1.38996904
d1,bull,150,trend+macd+adx+di,302,0.19867550,1.46132700,63,0.19047619,1.33597884,0,,,412,0.18932039,1.41299829
d1,bull,150,trend+price20+volatility,272,0.19852941,1.46025250,0,,,0,,,359,0.18941504,1.41370474
d1,bull,150,trend+price20+price200+volatility,272,0.19852941,1.46025250,0,,,0,,,359,0.18941504,1.41370474
d1,bull,150,macd+adx+volatility+body,91,0.19780220,1.45490359,0,,,0,,,123,0.19512195,1.45629842
d1,bull,150,trend+adx+di+volatility,172,0.19767442,1.45396373,0,,,0,,,235,0.19574468,1.46094618
d1,bull,150,macd+volatility,491,0.19755601,1.45309278,92,0.15217391,1.06733092,73,0.17808219,1.66888454,656,0.18902439,1.41078910
d1,bull,200,trend+macd+adx+volatility,126,0.13492063,1.63512624,0,,,0,,,171,0.12865497,1.60036693
d1,bull,200,trend+macd+di+volatility,208,0.12980769,1.57316162,0,,,0,,,279,0.12903226,1.60506009
d1,bull,200,macd+di+volatility+bb,369,0.12737127,1.54363424,78,0.05128205,0.61660562,58,0.12068966,1.97931034,505,0.11485149,1.42866240
d1,bull,200,trend+price20+macd+volatility,212,0.12735849,1.54347932,0,,,0,,,280,0.11785714,1.46605042
d1,bull,200,macd+di+volatility,378,0.12698413,1.53894235,79,0.05063291,0.60880048,62,0.16129032,2.64516129,519,0.11946050,1.48599494
d1,bull,200,price20+macd+di+volatility,358,0.12569832,1.52335948,77,0.03896104,0.46846011,58,0.12068966,1.97931034,493,0.11156187,1.38774212
d1,bull,200,trend+macd+volatility+bb,216,0.12500000,1.51489637,0,,,0,,,289,0.12110727,1.50647941
d1,bull,200,macd+volatility+bb,424,0.12264151,1.48631342,86,0.05813953,0.69905869,61,0.11475410,1.88196721,571,0.11208406,1.39423784
d1,bull,200,trend+price200+macd+volatility,221,0.12217195,1.48062270,0,,,0,,,296,0.12162162,1.51287758
d1,bull,200,trend+macd+di+bb,641,0.12168487,1.47471971,153,0.07843137,0.94304388,108,0.08333333,1.36666667,902,0.10975610,1.36527977
d1,bull,200,trend+macd+volatility,222,0.12162162,1.47395323,0,,,0,,,297,0.12121212,1.50778372
d1,bull,200,trend+price200+macd+di,650,0.12153846,1.47294540,154,0.07792208,0.93692022,109,0.09174312,1.50458716,913,0.11062432,1.37607972
d1,bull,200,trend+macd+di,651,0.12135177,1.47068281,154,0.07792208,0.93692022,109,0.09174312,1.50458716,914,0.11050328,1.37457416
d1,bull,200,macd+volatility,491,0.12016293,1.45627513,92,0.06521739,0.78416149,73,0.15068493,2.47123288,656,0.11585366,1.44112865
d1,bull,200,macd+adx+volatility,258,0.12015504,1.45617946,0,,,0,,,333,0.11711712,1.45684508
d1,bull,200,trend+price20+macd+di,633,0.12006319,1.45506634,151,0.07284768,0.87590665,107,0.07476636,1.22616822,891,0.10662177,1.32629123
d1,bull,200,momentum+macd+di+volatility,300,0.12000000,1.45430052,63,0.06349206,0.76341648,51,0.17647059,2.89411765,414,0.11835749,1.47227432
d1,bull,200,momentum+macd+volatility+bb,336,0.11904762,1.44275845,70,0.07142857,0.85884354,51,0.11764706,1.92941176,457,0.11159737,1.38818381
d1,bull,200,macd+adx+di+volatility,185,0.11891892,1.44119871,0,,,0,,,249,0.11244980,1.39878731
d1,bull,200,trend+macd+bb,658,0.11854103,1.43661905,157,0.07643312,0.91901729,118,0.07627119,1.25084746,933,0.10610932,1.31991678
d1,bull,200,trend+price200+macd+bb,658,0.11854103,1.43661905,157,0.07643312,0.91901729,118,0.07627119,1.25084746,933,0.10610932,1.31991678
d1,bull,200,price200+macd+di+volatility,279,0.11827957,1.43345033,53,0.05660377,0.68059299,52,0.17307692,2.83846154,384,0.11718750,1.45772059
d1,bull,200,price20+macd+volatility+bb,389,0.11825193,1.43311533,83,0.04819277,0.57946070,58,0.10344828,1.69655172,530,0.10566038,1.31433222
d1,bull,200,price20+macd+volatility,390,0.11794872,1.42944068,84,0.04761905,0.57256236,59,0.11864407,1.94576271,533,0.10694184,1.33027260
d1,bull,200,trend+price20+macd+bb,646,0.11764706,1.42578482,155,0.07096774,0.85330261,115,0.06956522,1.14086957,916,0.10371179,1.29009333
d1,bull,200,di+volatility+bb,408,0.11764706,1.42578482,85,0.04705882,0.56582633,61,0.11475410,1.88196721,554,0.10649819,1.32475402
d1,bull,200,trend+price20+di+volatility,249,0.11646586,1.41146971,0,,,0,,,333,0.10510511,1.30742507
d1,bull,200,price20+di+volatility+bb,396,0.11616162,1.40778249,83,0.03614458,0.43459552,60,0.10000000,1.64000000,539,0.10204082,1.26930772
d1,bull,200,trend+macd+adx+di,302,0.11589404,1.40453968,63,0.06349206,0.76341648,0,,,412,0.10679612,1.32845993
d1,bull,200,trend+price20+macd,657,0.11567732,1.40191323,155,0.07096774,0.85330261,115,0.06956522,1.14086957,927,0.10248112,1.27478478
d1,bull,200,trend+price20+price200+macd,657,0.11567732,1.40191323,155,0.07096774,0.85330261,115,0.06956522,1.14086957,927,0.10248112,1.27478478
d1,bull,200,price20+macd+adx+volatility,199,0.11557789,1.40070820,0,,,0,,,264,0.10606061,1.31931075
d1,bull,200,price20+di+volatility,407,0.11547912,1.39951115,91,0.04395604,0.52851910,65,0.10769231,1.76615385,563,0.10301954,1.28148226
d1,bull,200,trend+di+volatility+bb,243,0.11522634,1.39644769,0,,,0,,,320,0.11250000,1.39941176
d1,bull,200,macd+adx+volatility+bb,217,0.11520737,1.39621786,0,,,0,,,282,0.10638298,1.32332082
d1,bull,200,trend+price200+macd,687,0.11499272,1.39361646,159,0.07547170,0.90745732,121,0.08264463,1.35537190,967,0.10444674,1.29923556
d1,bull,200,trend+price20+macd+adx,305,0.11475410,1.39072454,63,0.06349206,0.76341648,0,,,416,0.10336538,1.28578431
d1,bull,200,momentum+macd+bb+body,340,0.11470588,1.39014020,79,0.03797468,0.45660036,51,0.07843137,1.28627451,470,0.09787234,1.21745515
d1,bull,200,trend+macd,689,0.11465893,1.38957113,159,0.07547170,0.90745732,121,0.08264463,1.35537190,969,0.10423117,1.29655396
d1,bull,200,price20+price200+macd+volatility,288,0.11458333,1.38865501,52,0.03846154,0.46245421,51,0.13725490,2.25098039,391,0.10741688,1.33618174
d1,bull,200,rsi_extreme,96,0.11458333,1.38865501,0,,,0,,,121,0.09917355,1.23364123
d1,bull,200,trend+macd+adx+bb,306,0.11437908,1.38617969,63,0.06349206,0.76341648,0,,,417,0.10311751,1.28270090
d1,bull,200,momentum+macd+volatility,350,0.11428571,1.38504811,72,0.06944444,0.83498677,58,0.15517241,2.54482759,480,0.11250000,1.39941176
d1,bull,200,trend+momentum+macd+di,474,0.11392405,1.38066505,112,0.08035714,0.96619898,85,0.09411765,1.54352941,671,0.10581222,1.31622103
d1,bull,200,trend+macd+di+body,256,0.11328125,1.37287484,52,0.05769231,0.69368132,0,,,344,0.10465116,1.30177839
d1,bull,200,trend+macd+adx,310,0.11290323,1.36829350,63,0.06349206,0.76341648,0,,,422,0.10426540,1.29697983
d1,bull,200,trend+price200+macd+adx,310,0.11290323,1.36829350,63,0.06349206,0.76341648,0,,,422,0.10426540,1.29697983
d1,bull,200,trend+macd+bb+body,257,0.11284047,1.36753291,52,0.05769231,0.69368132,0,,,347,0.10086455,1.25467593
d1,bull,200,trend+price20+adx+volatility,160,0.11250000,1.36340674,0,,,0,,,218,0.10091743,1.25533369
d1,bull,200,momentum+di+volatility+bb,330,0.11212121,1.35881614,69,0.05797101,0.69703244,51,0.11764706,1.92941176,450,0.10444444,1.29920697
d1,bull,300,trend+macd+adx+volatility,126,0.10317460,2.71152131,0,,,0,,,171,0.08187135,2.29819386
d1,bull,300,trend+macd+volatility+bb,216,0.08796296,2.31174573,0,,,0,,,289,0.07958478,2.23400802
d1,bull,300,price200+macd+adx+volatility,162,0.08641975,2.27118879,0,,,0,,,218,0.06880734,1.93147682
d1,bull,300,trend+price200+macd+volatility,221,0.08597285,2.25944379,0,,,0,,,296,0.07770270,2.18117675
d1,bull,300,trend+macd+volatility,222,0.08558559,2.24926612,0,,,0,,,297,0.07744108,2.17383272
d1,bull,300,trend+adx+volatility+bb,153,0.08496732,2.23301755,0,,,0,,,203,0.06896552,1.93591700
d1,bull,300,trend+price20+macd+volatility,212,0.08490566,2.23139707,0,,,0,,,280,0.07857143,2.20556258
d1,bull,300,trend+macd+di+volatility,208,0.08173077,2.14795808,0,,,0,,,279,0.07168459,2.01224347
d1,bull,300,trend+price20+adx+volatility,160,0.08125000,2.13532303,0,,,0,,,218,0.06880734,1.93147682
d1,bull,300,price200+macd+volatility,305,0.07540984,1.98183828,54,0.03703704,1.10021786,57,0.05263158,2.46616541,416,0.06730769,1.88938053
d1,bull,300,price200+macd+volatility+bb,295,0.07457627,1.95993144,54,0.03703704,1.10021786,53,0.03773585,1.76819407,402,0.06467662,1.81552415
d1,bull,300,price20+price200+macd+volatility,288,0.07291667,1.91631554,52,0.03846154,1.14253394,51,0.05882353,2.75630252,391,0.06649616,1.86660028
d1,bull,300,rsi_extreme,96,0.07291667,1.91631554,0,,,0,,,121,0.06611570,1.85592043
d1,bull,300,price20+macd+di+volatility,358,0.07262570,1.90866863,77,0.03896104,1.15737204,58,0.05172414,2.42364532,493,0.06490872,1.82203953
d1,bull,300,trend+volatility+bb,264,0.07196970,1.89142833,0,,,0,,,346,0.06647399,1.86597780
d1,bull,300,trend+price200+volatility+bb,264,0.07196970,1.89142833,0,,,0,,,346,0.06647399,1.86597780
d1,bull,300,price200+macd+di+volatility,279,0.07168459,1.88393540,53,0.01886792,0.56048835,52,0.05769231,2.70329670,384,0.06250000,1.75442478
d1,bull,300,macd+di+volatility+bb,369,0.07046070,1.85177065,78,0.03846154,1.14253394,58,0.03448276,1.61576355,505,0.06138614,1.72315780
d1,bull,300,trend+price20+volatility+bb,257,0.07003891,1.84068552,0,,,0,,,334,0.06586826,1.84897462
d1,bull,300,trend+di+volatility+bb,243,0.06995885,1.83858140,0,,,0,,,320,0.06250000,1.75442478
d1,bull,300,trend+adx+di+volatility,172,0.06976744,1.83355108,0,,,0,,,235,0.05957447,1.67230277
d1,bull,300,trend+momentum+macd+volatility,158,0.06962025,1.82968283,0,,,0,,,213,0.07042254,1.97681665
d1,bull,300,price20+macd+volatility+bb,389,0.06940874,1.82412409,83,0.04819277,1.43160879,58,0.03448276,1.61576355,530,0.06226415,1.74780431
d1,bull,300,price20+macd+volatility,390,0.06923077,1.81944685,84,0.04761905,1.41456583,59,0.05084746,2.38256659,533,0.06378987,1.79063242
d1,bull,300,price200+adx+volatility+bb,188,0.06914894,1.81729620,0,,,0,,,249,0.05622490,1.57827771
d1,bull,300,macd+di+volatility,378,0.06878307,1.80768088,79,0.03797468,1.12807148,62,0.04838710,2.26728111,519,0.06165703,1.73076202
d1,bull,300,macd+volatility+bb,424,0.06839623,1.79751431,86,0.04651163,1.38166895,61,0.03278689,1.53629977,571,0.06129597,1.72062675
d1,bull,300,trend+price20+di+volatility,249,0.06827309,1.79427824,0,,,0,,,333,0.06306306,1.77023041
d1,bull,300,price20+price200+adx+volatility,195,0.06666667,1.75205993,0,,,0,,,266,0.05639098,1.58293965
d1,bull,300,trend+price20+volatility,272,0.06617647,1.73917713,0,,,0,,,359,0.06406685,1.79840757
d1,bull,300,trend+price20+price200+volatility,272,0.06617647,1.73917713,0,,,0,,,359,0.06406685,1.79840757
d1,bull,300,price20+di+volatility+bb,396,0.06565657,1.72551356,83,0.03614458,1.07370659,60,0.03333333,1.56190476,539,0.05751391,1.61446139
d1,bull,300,trend+price20+macd+adx,305,0.06557377,1.72333763,63,0.04761905,1.41456583,0,,,416,0.05528846,1.55199115
d1,bull,300,trend+macd+adx+bb,306,0.06535948,1.71770581,63,0.04761905,1.41456583,0,,,417,0.05515588,1.54826935
d1,bull,300,price20+macd+adx+volatility,199,0.06532663,1.71684264,0,,,0,,,264,0.05303030,1.48860284
d1,bull,300,macd+adx+di+volatility,185,0.06486486,1.70470695,0,,,0,,,249,0.05220884,1.46554359
d1,bull,300,trend+macd+adx,310,0.06451613,1.69554186,63,0.04761905,1.41456583,0,,,422,0.05450237,1.52992493
d1,bull,300,trend+price200+macd+adx,310,0.06451613,1.69554186,63,0.04761905,1.41456583,0,,,422,0.05450237,1.52992493
d1,bull,300,price200+volatility+bb,344,0.06395349,1.68075516,61,0.03278689,0.97396336,56,0.03571429,1.67346939,461,0.05639913,1.58316856
d1,bull,300,price20+di+volatility,407,0.06388206,1.67887806,91,0.03296703,0.97931480,65,0.06153846,2.88351648,563,0.05861456,1.64535752
d1,bull,300,di+volatility+bb,408,0.06372549,1.67476316,85,0.03529412,1.04844291,61,0.03278689,1.53629977,554,0.05595668,1.57074854
d1,bull,300,price200+di+volatility+bb,315,0.06349206,1.66862850,58,0.01724138,0.51217039,53,0.03773585,1.76819407,426,0.05399061,1.51555943
d1,bull,300,macd+volatility,491,0.06313646,1.65928282,92,0.04347826,1.29156010,73,0.04109589,1.92563601,656,0.05792683,1.62605223
d1,bull,300,trend+macd+adx+di,302,0.06291391,1.65343404,63,0.04761905,1.41456583,0,,,412,0.05339806,1.49892602
d1,bull,300,price20+price200+volatility+bb,334,0.06287425,1.65239185,59,0.03389831,1.00697906,53,0.03773585,1.76819407,446,0.05605381,1.57347514
d1,bull,300,momentum+macd+volatility+bb,336,0.06250000,1.64255618,70,0.05714286,1.69747899,51,0.03921569,1.83753501,457,0.05908096,1.65844968
d1,bull,300,price20+price200+di+volatility,320,0.06250000,1.64255618,63,0.01587302,0.47152194,57,0.07017544,3.28822055,440,0.05681818,1.59493162
d1,bull,300,momentum+macd+volatility+body,129,0.06201550,1.62982319,0,,,0,,,170,0.05882353,1.65122332
d1,bull,300,price200+macd+volatility+body,113,0.06194690,1.62802028,0,,,0,,,158,0.05696203,1.59896942
d1,bull,300,price20+volatility+bb,436,0.06192661,1.62748686,92,0.04347826,1.29156010,61,0.03278689,1.53629977,589,0.05602716,1.57272714
d1,bear,100,adx+volatility+body,178,0.41573034,1.49063042,0,,,0,,,234,0.39743590,1.43115840
d1,bear,100,macd+adx+volatility+body,92,0.41304348,1.48099650,0,,,0,,,124,0.38709677,1.39392743
d1,bear,100,price20+macd+di+volatility,388,0.39432990,1.41389763,72,0.43055556,1.59022709,57,0.35087719,1.24895572,517,0.39458414,1.42088928
d1,bear,100,price20+macd+volatility+bb,401,0.39152120,1.40382684,80,0.41250000,1.52354015,62,0.35483871,1.26305684,543,0.39042357,1.40590716
d1,bear,100,macd+di+volatility+bb,401,0.39152120,1.40382684,74,0.41891892,1.54724798,61,0.37704918,1.34211553,536,0.39365672,1.41754964
d1,bear,100,volatility+body,358,0.39106145,1.40217840,64,0.34375000,1.26961679,68,0.32352941,1.15161064,490,0.37551020,1.35220443
d1,bear,100,macd+di+volatility,415,0.39036145,1.39966847,76,0.40789474,1.50653093,62,0.37096774,1.32046851,553,0.39059675,1.40653075
d1,bear,100,price20+macd+volatility,403,0.38957816,1.39685996,80,0.41250000,1.52354015,62,0.35483871,1.26305684,545,0.38899083,1.40074787
d1,bear,100,momentum+macd+di+volatility,316,0.38924051,1.39564927,62,0.43548387,1.60842948,56,0.32142857,1.14413265,434,0.38709677,1.39392743
d1,bear,100,price20+momentum+macd+volatility,309,0.38834951,1.39245455,68,0.42647059,1.57513954,56,0.30357143,1.08056973,433,0.38337182,1.38051396
d1,bear,100,price20+di+volatility+bb,428,0.38551402,1.38228768,83,0.42168675,1.55747076,63,0.31746032,1.13000756,574,0.38327526,1.38016624
d1,bear,100,momentum+adx+volatility+body,91,0.38461538,1.37906557,0,,,0,,,120,0.37500000,1.35036720
d1,bear,100,di+volatility+bb,446,0.38340807,1.37473666,85,0.41176471,1.52082439,68,0.33823529,1.20395658,599,0.38230384,1.37666817
d1,bear,100,momentum+di+volatility+bb,351,0.38176638,1.36885026,73,0.42465753,1.56844316,62,0.29032258,1.03341014,486,0.37654321,1.35592426
d1,bear,100,price20+di+volatility,446,0.38116592,1.36669726,86,0.41860465,1.54608725,66,0.31818182,1.13257576,598,0.37959866,1.36692688
d1,bear,100,macd+volatility+bb,428,0.38084112,1.36553268,87,0.40229885,1.48586291,66,0.37878788,1.34830447,581,0.38382100,1.38213143
d1,bear,100,price20+volatility+bb,447,0.38031320,1.36363978,93,0.39784946,1.46942940,68,0.32352941,1.15161064,608,0.37664474,1.35628986
d1,bear,100,momentum+macd+volatility+bb,329,0.37993921,1.36229881,75,0.41333333,1.52661800,60,0.33333333,1.18650794,464,0.37931034,1.36588866
d1,bear,100,momentum+di+volatility,403,0.37965261,1.36127117,87,0.37931034,1.40095646,67,0.28358209,1.00941720,557,0.36804309,1.32531550
d1,bear,100,price200+momentum+volatility,248,0.37903226,1.35904687,82,0.39024390,1.44133879,0,,,355,0.36901408,1.32881204
d1,bear,100,di+volatility,510,0.37843137,1.35689235,103,0.37864078,1.39848345,73,0.32876712,1.17025440,686,0.37317784,1.34380565
d1,bear,100,price200+momentum+di+volatility,222,0.37837838,1.35670234,72,0.40277778,1.48763179,0,,,318,0.37106918,1.33621240
d1,bear,100,macd+adx+di+volatility,217,0.37788018,1.35491603,0,,,0,,,282,0.36879433,1.32802069
d1,bear,100,price20+momentum+di+volatility,352,0.37784091,1.35477521,74,0.43243243,1.59715920,60,0.26666667,0.94920635,486,0.37242798,1.34110542
d1,bear,100,price20+momentum+volatility+bb,353,0.37677054,1.35093732,81,0.40740741,1.50473101,62,0.27419355,0.97599846,496,0.36895161,1.32858708
d1,bear,100,price200+momentum+macd+volatility,154,0.37662338,1.35040966,56,0.44642857,1.64885297,0,,,230,0.38260870,1.37776595
d1,bear,100,price20+macd+adx+volatility,216,0.37500000,1.34458893,0,,,0,,,283,0.36749117,1.32332804
d1,bear,100,price20+volatility,468,0.37393162,1.34075819,97,0.39175258,1.44691098,71,0.32394366,1.15308518,636,0.37106918,1.33621240
d1,bear,100,momentum+adx+di+volatility,201,0.37313433,1.33789943,0,,,0,,,267,0.35580524,1.28124728
d1,bear,100,price200+di+volatility,306,0.37254902,1.33580076,86,0.40697674,1.50314038,0,,,421,0.37529691,1.35143637
d1,bear,100,volatility+bb,478,0.37238494,1.33521243,100,0.39000000,1.44043796,73,0.34246575,1.21901500,651,0.37173579,1.33861285
d1,bear,100,price200+momentum+volatility+body,94,0.37234043,1.33505283,0,,,0,,,123,0.38211382,1.37598392
d1,bear,100,price20+price200+macd+volatility,231,0.37229437,1.33488771,64,0.42187500,1.55816606,0,,,320,0.38125000,1.37287332
d1,bear,100,macd+volatility,481,0.37214137,1.33433911,100,0.37000000,1.36656934,79,0.35443038,1.26160338,660,0.36969697,1.33127110
d1,bear,100,momentum+macd+volatility,344,0.37209302,1.33416576,80,0.40000000,1.47737226,64,0.32812500,1.16796875,488,0.37090164,1.33560909
d1,bear,100,price200+macd+di+volatility,234,0.37179487,1.33309671,61,0.44262295,1.63479718,0,,,320,0.38437500,1.38412638
d1,bear,100,adx+di+volatility+body,105,0.37142857,1.33178332,0,,,0,,,133,0.36842105,1.32667654
d1,bear,100,adx+di+volatility,278,0.37050360,1.32846676,0,,,0,,,359,0.35933148,1.29394517
d1,bear,100,price200+macd+volatility+bb,235,0.37021277,1.32742396,66,0.42424242,1.56690998,0,,,326,0.38036810,1.36969761
d1,bear,100,momentum+macd+adx+volatility,154,0.37012987,1.32712673,0,,,0,,,219,0.35616438,1.28254053
d1,bear,100,momentum+volatility+bb,379,0.36939314,1.32448513,88,0.39772727,1.46897810,67,0.29850746,1.06254442,534,0.36516854,1.31496431
d1,bear,100,price20+momentum+volatility,374,0.36898396,1.32301798,85,0.40000000,1.47737226,65,0.27692308,0.98571429,524,0.36259542,1.30569856
d1,bear,100,macd+adx+volatility+bb,225,0.36888889,1.32267711,0,,,0,,,299,0.36454849,1.31273154
d1,bear,100,adx+di+volatility+bb,244,0.36885246,1.32254648,0,,,0,,,319,0.36050157,1.29815864
d1,bear,100,price200+macd+volatility,239,0.36820084,1.32021005,70,0.41428571,1.53013556,0,,,334,0.37724551,1.35845323
d1,bear,100,adx+volatility+bb+body,87,0.36781609,1.31883052,0,,,0,,,114,0.37719298,1.35826408
d1,bear,100,macd+volatility+body,180,0.36666667,1.31470917,0,,,0,,,252,0.35317460,1.27177440
d1,bear,100,macd+adx+volatility,252,0.36507937,1.30901779,0,,,0,,,335,0.35522388,1.27915380
d1,bear,100,price20+adx+volatility+bb,244,0.36475410,1.30785152,0,,,0,,,322,0.35714286,1.28606400
d1,bear,100,adx+volatility,405,0.36296296,1.30142928,65,0.27692308,1.02279618,64,0.31250000,1.11235119,534,0.34644195,1.24753024
d1,bear,150,macd+di+volatility+body,152,0.28947368,2.14793494,0,,,0,,,203,0.26108374,1.97457166
d1,bear,150,momentum+macd+volatility+body,132,0.28787879,2.13610059,0,,,0,,,180,0.24444444,1.84872893
d1,bear,150,price200+macd+volatility+body,81,0.28395062,2.10695302,0,,,0,,,109,0.28440367,2.15093984
d1,bear,150,macd+adx+volatility+body,92,0.28260870,2.09699577,0,,,0,,,124,0.23387097,1.76876192
d1,bear,150,price20+macd+volatility+body,140,0.27857143,2.06703869,0,,,0,,,186,0.25806452,1.95173729
d1,bear,150,momentum+di+volatility+body,159,0.27672956,2.05337177,0,,,0,,,213,0.23943662,1.81085485
d1,bear,150,adx+di+volatility+body,105,0.27619048,2.04937169,0,,,0,,,133,0.24060150,1.81966484
d1,bear,150,momentum+adx+volatility+body,91,0.27472527,2.03849969,0,,,0,,,120,0.22500000,1.70167095
d1,bear,150,trend+di+volatility+body,77,0.27272727,2.02367424,0,,,0,,,103,0.25242718,1.90910225
d1,bear,150,momentum+volatility+bb+body,136,0.27205882,2.01871426,0,,,0,,,184,0.23369565,1.76743601
d1,bear,150,macd+volatility+bb+body,151,0.27152318,2.01473970,0,,,0,,,202,0.24752475,1.87202525
d1,bear,150,di+volatility+bb+body,156,0.26923077,1.99772970,0,,,0,,,210,0.24761905,1.87273840
d1,bear,150,price20+momentum+volatility+body,134,0.26865672,1.99347015,0,,,0,,,180,0.23888889,1.80671237
d1,bear,150,price20+volatility+bb+body,153,0.26797386,1.98840323,0,,,0,,,205,0.24878049,1.88152235
d1,bear,150,macd+volatility+body,180,0.26666667,1.97870370,0,,,0,,,252,0.23412698,1.77069817
d1,bear,150,price20+di+volatility+body,154,0.26623377,1.97549152,0,,,0,,,207,0.25120773,1.89987954
d1,bear,150,price200+di+volatility+body,109,0.26605505,1.97416539,0,,,0,,,147,0.26530612,2.00650543
d1,bear,150,di+volatility+body,192,0.26562500,1.97097439,0,,,0,,,258,0.24031008,1.81746079
d1,bear,150,price20+adx+volatility+body,87,0.26436782,1.96164591,0,,,0,,,112,0.23214286,1.75569225
d1,bear,150,adx+volatility+bb+body,87,0.26436782,1.96164591,0,,,0,,,114,0.22807018,1.72489063
d1,bear,150,trend+momentum+macd+volatility,95,0.26315789,1.95266813,0,,,0,,,148,0.22972973,1.73744181
d1,bear,150,price20+volatility+body,162,0.25925926,1.92373971,0,,,0,,,217,0.24423963,1.84717994
d1,bear,150,volatility+bb+body,166,0.25903614,1.92208417,0,,,0,,,223,0.23766816,1.79748003
d1,bear,150,price200+volatility+bb+body,89,0.25842697,1.91756398,0,,,0,,,119,0.26890756,2.03374306
d1,bear,150,price200+macd+adx+volatility,121,0.25619835,1.90102732,0,,,0,,,168,0.22619048,1.71067450
d1,bear,150,price200+momentum+volatility+body,94,0.25531915,1.89450355,0,,,0,,,123,0.24390244,1.84462976
d1,bear,150,price200+momentum+macd+volatility,154,0.25324675,1.87912608,56,0.25000000,1.86029412,0,,,230,0.23913043,1.80853918
d1,bear,150,price20+price200+volatility+body,91,0.25274725,1.87541972,0,,,0,,,123,0.26829268,2.02909273
d1,bear,150,momentum+macd+di+volatility,316,0.25000000,1.85503472,62,0.24193548,1.80028463,56,0.12500000,1.13257576,434,0.23271889,1.76004881
d1,bear,150,macd+adx+di+volatility,217,0.24884793,1.84648618,0,,,0,,,282,0.21985816,1.66278328
d1,bear,150,momentum+volatility+body,185,0.24864865,1.84500751,0,,,0,,,248,0.22177419,1.67727424
d1,bear,150,trend+momentum+adx+volatility,85,0.24705882,1.83321078,0,,,0,,,118,0.19491525,1.47414056
d1,bear,150,macd+di+volatility,415,0.24337349,1.80586513,76,0.22368421,1.66447368,62,0.16129032,1.46138807,553,0.23146474,1.75056365
d1,bear,150,momentum+macd+adx+volatility,154,0.24025974,1.78276064,0,,,0,,,219,0.20547945,1.55403740
d1,bear,150,price20+momentum+macd+volatility,309,0.23948220,1.77699119,68,0.25000000,1.86029412,56,0.12500000,1.13257576,433,0.22632794,1.71171417
d1,bear,150,macd+di+volatility+bb,401,0.23940150,1.77639235,74,0.22972973,1.70945946,61,0.16393443,1.48534526,536,0.22947761,1.73553505
d1,bear,150,price200+macd+di+volatility,234,0.23931624,1.77575973,61,0.24590164,1.82979749,0,,,320,0.23750000,1.79620823
d1,bear,150,trend+adx+di+volatility,109,0.23853211,1.76994139,0,,,0,,,149,0.19463087,1.47198979
d1,bear,150,price20+macd+di+volatility,388,0.23711340,1.75941438,72,0.23611111,1.75694444,57,0.15789474,1.43062201,517,0.22823985,1.72617384
d1,bear,150,momentum+macd+volatility+bb,329,0.23708207,1.75918186,75,0.24000000,1.78588235,60,0.13333333,1.20808081,464,0.22413793,1.69515114
d1,bear,150,momentum+macd+volatility,344,0.23546512,1.74718387,80,0.22500000,1.67426471,64,0.14062500,1.27414773,488,0.22131148,1.67377471
d1,bear,150,price200+macd+volatility,239,0.23430962,1.73860995,70,0.22857143,1.70084034,0,,,334,0.23053892,1.74356172
d1,bear,150,price200+macd+volatility+bb,235,0.23404255,1.73662825,66,0.24242424,1.80392157,0,,,326,0.23312883,1.76314918
d1,bear,150,price20+price200+macd+volatility,231,0.23376623,1.73457792,64,0.23437500,1.74402574,0,,,320,0.23125000,1.74893959
d1,bear,150,trend+macd+di+volatility,142,0.23239437,1.72439847,52,0.19230769,1.43099548,0,,,201,0.21393035,1.61795137
d1,bear,150,price20+macd+volatility+bb,401,0.23192020,1.72088009,80,0.23750000,1.76727941,62,0.16129032,1.46138807,543,0.22467772,1.69923353
d1,bear,150,price20+macd+adx+volatility,216,0.23148148,1.71762474,0,,,0,,,283,0.20848057,1.57673476
d1,bear,150,macd+adx+volatility+bb,225,0.23111111,1.71487654,0,,,0,,,299,0.20735786,1.56824376
d1,bear,150,price20+macd+volatility,403,0.23076923,1.71233974,80,0.23750000,1.76727941,62,0.16129032,1.46138807,545,0.22385321,1.69299781
d1,bear,150,momentum+di+volatility+bb,351,0.23076923,1.71233974,73,0.21917808,1.63094279,62,0.11290323,1.02297165,486,0.21399177,1.61841590
d1,bear,200,macd+adx+volatility+body,92,0.15217391,2.32282609,0,,,0,,,124,0.15322581,2.44994741
d1,bear,200,adx+di+volatility+body,105,0.14285714,2.18061224,0,,,0,,,133,0.14285714,2.28416149
d1,bear,200,momentum+adx+volatility+body,91,0.14285714,2.18061224,0,,,0,,,120,0.13333333,2.13188406
d1,bear,200,momentum+macd+di+volatility,316,0.13291139,2.02879747,62,0.09677419,1.81362007,56,0.05357143,0.94222689,434,0.11751152,1.87890703
d1,bear,200,macd+di+volatility,415,0.13012048,1.98619621,76,0.10526316,1.97270955,62,0.09677419,1.70208729,553,0.12296564,1.96611369
d1,bear,200,macd+adx+di+volatility,217,0.12903226,1.96958525,0,,,0,,,282,0.12411348,1.98446654
d1,bear,200,momentum+macd+volatility,344,0.12790698,1.95240864,80,0.07500000,1.40555556,64,0.07812500,1.37408088,488,0.11270492,1.80205364
d1,bear,200,macd+di+volatility+bb,401,0.12718204,1.94134307,74,0.10810811,2.02602603,61,0.09836066,1.72999036,536,0.12126866,1.93898037
d1,bear,200,price20+adx+volatility+body,87,0.12643678,1.92996716,0,,,0,,,112,0.13392857,2.14140140
d1,bear,200,momentum+di+volatility+body,159,0.12578616,1.92003594,0,,,0,,,213,0.11267606,1.80159216
d1,bear,200,macd+di+volatility+body,152,0.12500000,1.90803571,0,,,0,,,203,0.13300493,2.12663311
d1,bear,200,momentum+macd+volatility+bb,329,0.12462006,1.90223621,75,0.08000000,1.49925926,60,0.06666667,1.17254902,464,0.10991379,1.75742597
d1,bear,200,momentum+adx+di+volatility,201,0.12437811,1.89854300,0,,,0,,,267,0.10861423,1.73664713
d1,bear,200,macd+volatility+bb,428,0.12383178,1.89020360,87,0.09195402,1.72328650,66,0.10606061,1.86541889,581,0.11703959,1.87136122
d1,bear,200,price20+macd+di+volatility,388,0.12371134,1.88836524,72,0.11111111,2.08230453,57,0.10526316,1.85139319,517,0.11992263,1.91745858
d1,bear,200,momentum+macd+adx+volatility,154,0.12337662,1.88325603,0,,,0,,,219,0.11415525,1.82524320
d1,bear,200,price20+momentum+macd+volatility,309,0.12297735,1.87716135,68,0.08823529,1.65359477,56,0.07142857,1.25630252,433,0.11085450,1.77246712
d1,bear,200,macd+volatility,481,0.12266112,1.87233442,100,0.09000000,1.68666667,79,0.11392405,2.00372301,660,0.11666667,1.86539855
d1,bear,200,adx+di+volatility,278,0.12230216,1.86685509,0,,,0,,,359,0.11420613,1.82605668
d1,bear,200,price20+macd+volatility+bb,401,0.12219451,1.86521197,80,0.10000000,1.87407407,62,0.11290323,1.98576850,543,0.11786372,1.88453839
d1,bear,200,price20+macd+volatility,403,0.12158809,1.85595533,80,0.10000000,1.87407407,62,0.11290323,1.98576850,545,0.11743119,1.87762266
d1,bear,200,momentum+di+volatility,403,0.12158809,1.85595533,87,0.08045977,1.50787569,67,0.04477612,0.78753292,557,0.10592460,1.69364218
d1,bear,200,momentum+macd+volatility+body,132,0.12121212,1.85021645,0,,,0,,,180,0.11666667,1.86539855
d1,bear,200,di+volatility+bb,446,0.12107623,1.84814222,85,0.09411765,1.76383442,68,0.08823529,1.55190311,599,0.11352254,1.81512666
d1,bear,200,di+volatility+body,192,0.11979167,1.82853423,0,,,0,,,258,0.12015504,1.92117459
d1,bear,200,momentum+di+volatility+bb,351,0.11965812,1.82649573,73,0.08219178,1.54033486,62,0.04838710,0.85104364,486,0.10493827,1.67787171
d1,bear,200,di+volatility,510,0.11960784,1.82572829,103,0.08737864,1.63754045,73,0.08219178,1.44560838,686,0.11078717,1.77139054
d1,bear,200,price20+di+volatility+bb,428,0.11915888,1.81887517,83,0.09638554,1.80633646,63,0.09523810,1.67507003,574,0.11324042,1.81061582
d1,bear,200,macd+adx+volatility,252,0.11904762,1.81717687,0,,,0,,,335,0.11641791,1.86142116
d1,bear,200,volatility+bb,478,0.11715481,1.78828452,100,0.08000000,1.49925926,73,0.09589041,1.68654311,651,0.10906298,1.74382221
d1,bear,200,macd+volatility+body,180,0.11666667,1.78083333,0,,,0,,,252,0.12698413,2.03036577
d1,bear,200,price20+di+volatility,446,0.11659193,1.77969250,86,0.09302326,1.74332472,66,0.09090909,1.59893048,598,0.11036789,1.76468664
d1,bear,200,price20+momentum+di+volatility,352,0.11647727,1.77794237,74,0.08108108,1.51951952,60,0.05000000,0.87941176,486,0.10288066,1.64497227
d1,bear,200,price20+volatility+bb,447,0.11633110,1.77571109,93,0.08602151,1.61210673,68,0.10294118,1.81055363,608,0.11019737,1.76196010
d1,bear,200,price20+momentum+volatility+bb,353,0.11614731,1.77290571,81,0.07407407,1.38820302,62,0.06451613,1.13472486,496,0.10282258,1.64404365
d1,bear,200,momentum+volatility+bb,379,0.11609499,1.77210705,88,0.06818182,1.27777778,67,0.05970149,1.05004390,534,0.10112360,1.61687836
d1,bear,200,adx+volatility+bb+body,87,0.11494253,1.75451560,0,,,0,,,114,0.12280702,1.96357742
d1,bear,200,adx+di+volatility+bb,244,0.11475410,1.75163934,0,,,0,,,319,0.10971787,1.75429331
d1,bear,200,price20+volatility,468,0.11324786,1.72864774,97,0.08247423,1.54562810,71,0.09859155,1.73405137,636,0.10691824,1.70952967
d1,bear,200,price20+adx+di+volatility,248,0.11290323,1.72338710,0,,,0,,,321,0.10903427,1.74336313
d1,bear,200,price20+momentum+volatility,374,0.11229947,1.71417112,85,0.07058824,1.32287582,65,0.06153846,1.08235294,524,0.09923664,1.58670760
d1,bear,200,momentum+adx+volatility,223,0.11210762,1.71124279,0,,,0,,,306,0.10130719,1.61981387
d1,bear,200,macd+adx+volatility+bb,225,0.11111111,1.69603175,0,,,0,,,299,0.11036789,1.76468664
d1,bear,200,price20+macd+adx+volatility,216,0.11111111,1.69603175,0,,,0,,,283,0.11307420,1.80795821
d1,bear,200,price20+adx+volatility+bb,244,0.11065574,1.68908080,0,,,0,,,322,0.10869565,1.73794896
d1,bear,200,price20+di+volatility+body,154,0.11038961,1.68501855,0,,,0,,,207,0.12077295,1.93105440
d1,bear,200,price20+adx+volatility,256,0.10937500,1.66953125,0,,,0,,,338,0.10650888,1.70298431
d1,bear,200,di+volatility+bb+body,156,0.10897436,1.66341575,0,,,0,,,210,0.11904762,1.90346791
d1,bear,200,adx+volatility+bb,257,0.10894942,1.66303502,0,,,0,,,343,0.10495627,1.67815946
d1,bear,200,price20+momentum+adx+volatility,184,0.10869565,1.65916149,0,,,0,,,252,0.09920635,1.58622326
d1,bear,300,macd+adx+volatility+body,92,0.11956522,4.18870278,0,,,0,,,124,0.08870968,3.67582917
d1,bear,300,adx+di+volatility+body,105,0.09523810,3.33645589,0,,,0,,,133,0.07518797,3.11553532
d1,bear,300,price20+adx+volatility+body,87,0.08045977,2.81872998,0,,,0,,,112,0.06250000,2.58978873
d1,bear,300,adx+volatility+bb+body,87,0.08045977,2.81872998,0,,,0,,,114,0.06140351,2.54435384
d1,bear,300,macd+di+volatility+body,152,0.07894737,2.76574633,0,,,0,,,203,0.05911330,2.44945535
d1,bear,300,macd+volatility+body,180,0.07777778,2.72477231,0,,,0,,,252,0.05555556,2.30203443
d1,bear,300,momentum+adx+volatility+body,91,0.07692308,2.69482976,0,,,0,,,120,0.05833333,2.41713615
d1,bear,300,macd+adx+di+volatility,217,0.07373272,2.58306263,0,,,0,,,282,0.05673759,2.35101388
d1,bear,300,macd+adx+volatility,252,0.07142857,2.50234192,0,,,0,,,335,0.05671642,2.35013664
d1,bear,300,price20+macd+volatility+body,140,0.07142857,2.50234192,0,,,0,,,186,0.05376344,2.22777525
d1,bear,300,macd+adx+di+body,142,0.07042254,2.46709767,0,,,0,,,183,0.06557377,2.71715539
d1,bear,300,macd+di+volatility,415,0.06987952,2.44807426,76,0.00000000,0.00000000,62,0.00000000,0.00000000,553,0.05244123,2.17298729
d1,bear,300,price20+macd+di+volatility,388,0.06958763,2.43784857,72,0.00000000,0.00000000,57,0.00000000,0.00000000,517,0.05222437,2.16400142
d1,bear,300,adx+di+volatility,278,0.06834532,2.39432716,0,,,0,,,359,0.05571031,2.30844678
d1,bear,300,momentum+macd+volatility+body,132,0.06818182,2.38859911,0,,,0,,,180,0.05000000,2.07183099
d1,bear,300,price20+di+volatility+bb,428,0.06775701,2.37371687,83,0.01204819,1.01606426,63,0.00000000,0.00000000,574,0.05226481,2.16567699
d1,bear,300,di+volatility+body,192,0.06770833,2.37201161,0,,,0,,,258,0.05038760,2.08789169
d1,bear,300,adx+volatility+body,178,0.06741573,2.36176091,0,,,0,,,234,0.05128205,2.12495486
d1,bear,300,price20+macd+volatility+bb,401,0.06733167,2.35881607,80,0.00000000,0.00000000,62,0.01612903,1.20564516,543,0.05156538,2.13669494
d1,bear,300,macd+di+volatility+bb,401,0.06733167,2.35881607,74,0.00000000,0.00000000,61,0.00000000,0.00000000,536,0.05037313,2.08729241
d1,bear,300,price20+macd+volatility,403,0.06699752,2.34710979,80,0.00000000,0.00000000,62,0.01612903,1.20564516,545,0.05137615,2.12885386
d1,bear,300,macd+volatility,481,0.06652807,2.33066358,100,0.00000000,0.00000000,79,0.01265823,0.94620253,660,0.05000000,2.07183099
d1,bear,300,macd+volatility+bb+body,151,0.06622517,2.32005211,0,,,0,,,202,0.04950495,2.05131781
d1,bear,300,price20+adx+volatility+bb,244,0.06557377,2.29723193,0,,,0,,,322,0.05590062,2.31633278
d1,bear,300,adx+di+volatility+bb,244,0.06557377,2.29723193,0,,,0,,,319,0.05329154,2.20822111
d1,bear,300,price20+volatility+bb+body,153,0.06535948,2.28972463,0,,,0,,,205,0.04878049,2.02129852
d1,bear,300,price20+di+volatility,446,0.06502242,2.27791664,86,0.01162791,0.98062016,66,0.00000000,0.00000000,598,0.05016722,2.07876019
d1,bear,300,di+volatility+bb,446,0.06502242,2.27791664,85,0.01176471,0.99215686,68,0.00000000,0.00000000,599,0.05008347,2.07528980
d1,bear,300,price20+di+volatility+body,154,0.06493506,2.27485629,0,,,0,,,207,0.04830918,2.00176907
d1,bear,300,price20+volatility+bb,447,0.06487696,2.27282063,93,0.01075269,0.90681004,68,0.01470588,1.09926471,608,0.05098684,2.11272239
d1,bear,300,price20+macd+adx+volatility,216,0.06481481,2.27064359,0,,,0,,,283,0.05300353,2.19628726
d1,bear,300,price20+adx+di+volatility,248,0.06451613,2.26017980,0,,,0,,,321,0.05295950,2.19446273
d1,bear,300,di+volatility+bb+body,156,0.06410256,2.24569147,0,,,0,,,210,0.04761905,1.97317237
d1,bear,300,macd+volatility+bb,428,0.06308411,2.21001226,87,0.00000000,0.00000000,66,0.01515152,1.13257576,581,0.04819277,1.99694553
d1,bear,300,momentum+di+volatility+body,159,0.06289308,2.20331993,0,,,0,,,213,0.04694836,1.94538121
d1,bear,300,macd+adx+body,191,0.06282723,2.20101279,0,,,0,,,255,0.05490196,2.27495167
d1,bear,300,di+volatility,510,0.06274510,2.19813565,103,0.00970874,0.81877023,73,0.00000000,0.00000000,686,0.04810496,1.99330678
d1,bear,300,price20+adx+volatility,256,0.06250000,2.18954918,0,,,0,,,338,0.05325444,2.20668389
d1,bear,300,adx+volatility+bb,257,0.06225681,2.18102953,0,,,0,,,343,0.05247813,2.17451649
d1,bear,300,macd+adx+volatility+bb,225,0.06222222,2.17981785,0,,,0,,,299,0.05016722,2.07876019
d1,bear,300,price20+volatility,468,0.06196581,2.17083508,97,0.01030928,0.86941581,71,0.01408451,1.05281690,636,0.04874214,2.01970945
d1,bear,300,price20+volatility+body,162,0.06172840,2.16251771,0,,,0,,,217,0.04608295,1.90952165
d1,bear,300,volatility+bb,478,0.06066946,2.12542012,100,0.01000000,0.84333333,73,0.01369863,1.02397260,651,0.04761905,1.97317237
d1,bear,300,price20+price200+macd+volatility,231,0.06060606,2.12319921,64,0.00000000,0.00000000,0,,,320,0.04375000,1.81285211
d1,bear,300,volatility+bb+body,166,0.06024096,2.11040885,0,,,0,,,223,0.04484305,1.85814438
d1,bear,300,momentum+macd+di+volatility,316,0.06012658,2.10640174,62,0.00000000,0.00000000,56,0.00000000,0.00000000,434,0.04377880,1.81404556
d1,bear,300,price200+macd+di+volatility,234,0.05982906,2.09597870,61,0.00000000,0.00000000,0,,,320,0.04375000,1.81285211
d1,bear,300,price200+macd+volatility+bb,235,0.05957447,2.08705964,66,0.00000000,0.00000000,0,,,326,0.04294479,1.77948674
d1,bear,300,price20+price200+volatility+bb,272,0.05882353,2.06075217,76,0.01315789,1.10964912,0,,,375,0.04533333,1.87846009
d1,bear,300,price200+di+volatility+bb,272,0.05882353,2.06075217,72,0.01388889,1.17129630,0,,,371,0.04582210,1.89871303
