timeframe,horizon_bars,conditions,discovery_n,oos_n,discovery_lift,oos_lift,oos_pairs_n_ge5,oos_pairs_above_base,oos_pair_hit_mean,oos_min_pair_hit
h4,1,adx25+volatility+pin_bull+mtf_volatility,159,28,4.92046034,2.50332481,4,3,0.09920635,0.00000000
h4,1,volatility+pin_bull+mtf_volatility,246,36,4.48503499,3.27670971,4,3,0.08849206,0.00000000
h4,1,adx25+volatility+pin_bull,268,57,4.41626851,2.16249655,4,4,0.08835227,0.06250000
h4,1,adx25+volatility+pin_bull+mtf_adx25,163,28,4.30743460,1.59934641,3,3,0.17037037,0.11111111
h4,1,sma_stack_bull+adx25+atr_expand+mtf_volatility,204,15,4.22840464,2.59353471,1,1,0.20000000,0.20000000
h4,1,adx25+pin_bull+mtf_volatility,254,48,4.10684091,2.67797538,4,3,0.07904595,0.00000000
h4,1,ichimoku_cloud_bull+adx25+atr_expand+mtf_volatility,318,53,3.91113514,4.93512605,5,4,0.20038462,0.00000000
h4,1,ichimoku_cloud_bull+volatility+pin_bull,243,59,3.87998313,2.61711230,4,4,0.10227733,0.06666667
h4,1,volatility+pin_bull,479,82,3.81104548,2.74173669,4,4,0.08596990,0.07692308
h4,1,volatility+pin_bull+mtf_adx25,250,35,3.61086089,2.74173669,3,3,0.14603175,0.07142857
h4,1,adx25+atr_expand+impulse_bull+mtf_volatility,224,24,3.58220327,2.02022704,1,1,0.28571429,0.28571429
h4,1,adx25+atr_expand+mtf_volatility,697,83,3.54005970,3.59852941,8,5,0.16878838,0.00000000
h4,1,ichimoku_cloud_bull+pin_bull+mtf_volatility,235,36,3.49988881,2.58355958,4,3,0.09474206,0.00000000
h4,1,adx25+pin_bull+mtf_adx25,310,67,3.49438151,1.91921569,4,3,0.05626294,0.00000000
h4,1,pin_bull+mtf_volatility,488,86,3.45300905,3.11224165,4,3,0.06805492,0.00000000
h4,1,price200_bull+adx25+atr_expand+mtf_volatility,292,36,3.43498943,1.53537255,2,1,0.10000000,0.00000000
h4,1,pin_bull+mtf_volatility+cross_group_bull,211,47,3.42261696,3.41193900,4,3,0.06439394,0.00000000
h4,1,ichimoku_cloud_bull+volatility+pin_bull+mtf_trend_bull,184,52,3.37973091,3.11224165,4,4,0.09605161,0.07692308
h4,1,ichimoku_cloud_bull+rsi_up1+atr_expand+mtf_volatility,168,26,3.34338972,2.82237601,2,0,0.00000000,0.00000000
h4,1,volatility+pin_bull+mtf_trend_bull,299,69,3.28748019,2.64719405,4,4,0.08680323,0.07692308
h4,1,volatility+pin_bull+cross_group_bull,202,40,3.27718398,3.36704506,4,4,0.10486111,0.08333333
h4,1,sma_stack_bull+volatility+pin_bull,157,19,3.19432139,1.59934641,2,0,0.00000000,0.00000000
h4,1,ichimoku_cloud_bull+atr_expand+impulse_bull+mtf_volatility,171,27,3.16742184,2.99877451,1,0,0.00000000,0.00000000
h4,1,adx25+pin_bull,588,130,3.13869239,2.44732202,4,4,0.05631808,0.03333333
h4,1,pin_bull+mtf_volatility+cross_group_return_up,250,53,3.12941277,3.13341337,4,3,0.07911706,0.00000000
h4,1,adx25+atr_expand+mtf_volatility+cross_target_relative_up,304,35,3.10143388,2.69363605,4,2,0.11904762,0.00000000
h4,1,ichimoku_cloud_bull+atr_expand+mtf_volatility,569,93,3.03196677,3.83843137,8,5,0.17256181,0.00000000
h4,1,sma_stack_bull+adx25+atr_expand+mtf_adx25,482,35,2.99656506,1.04684492,3,1,0.05555556,0.00000000
h4,1,rsi_up1+atr_expand+mtf_volatility,378,58,2.97190197,2.82237601,6,3,0.09280303,0.00000000
h4,1,rsi_up1+atr_expand+impulse_bull+mtf_volatility,338,50,2.96750567,2.64719405,6,3,0.08492063,0.00000000
h4,1,pin_bull+mtf_adx25,585,117,2.91475001,1.47631976,4,3,0.04531695,0.00000000
h4,1,sma_stack_bull+atr_expand+mtf_volatility,359,49,2.90567574,2.47640734,5,3,0.20444444,0.00000000
h4,1,volatility+pin_bull+cross_group_return_up,235,43,2.90234682,3.14625522,4,4,0.10288600,0.06666667
h4,1,atr_expand+impulse_bull+mtf_volatility,362,62,2.88159556,2.74173669,6,3,0.09294872,0.00000000
h4,1,ichimoku_cloud_bull+adx25+atr_expand+mtf_trend_bull,849,143,2.83538351,1.93534355,10,6,0.09055823,0.00000000
h4,1,ichimoku_cloud_bull+adx25+pin_bull,306,71,2.81893643,2.30305882,4,4,0.07536765,0.05882353
h4,1,atr_expand+mtf_volatility,1172,172,2.80707806,3.09873366,11,7,0.15344382,0.00000000
h4,1,pin_bull+mtf_adx25+cross_group_bull,237,62,2.79321166,2.55895425,4,3,0.07501290,0.00000000
h4,1,ichimoku_cloud_bull+adx25+atr_expand+mtf_adx25,634,79,2.78440027,2.55895425,7,4,0.13826531,0.00000000
h4,1,ichimoku_cloud_bull+adx25+pin_bull+mtf_trend_bull,225,60,2.76386883,2.13246187,4,3,0.06473214,0.00000000
h4,1,ichimoku_cloud_bull+atr_expand+mtf_volatility+cross_group_return_up,242,36,2.73550068,4.56956116,3,1,0.04761905,0.00000000
h4,1,rsi_cross55_up+volatility+breakout20_up+elliott_impulse_bull,171,26,2.69817416,1.79926471,1,1,0.20000000,0.20000000
h4,1,rsi_cross55_up+volatility+retest_up+elliott_impulse_bull,171,26,2.69817416,0.63973856,1,1,0.20000000,0.20000000
h4,1,sma_stack_bull+atr_expand+mtf_volatility+cross_group_return_up,164,19,2.69102099,3.33776641,1,0,0.00000000,0.00000000
h4,1,sma_stack_bull+adx25+atr_expand+mtf_trend_bull,695,66,2.68433304,1.83754693,7,3,0.06009070,0.00000000
h4,1,price200_bull+rsi_up1+atr_expand+mtf_volatility,187,31,2.68186341,2.59353471,4,0,0.00000000,0.00000000
h4,1,adx25+pin_bull+mtf_trend_bull,340,94,2.65504477,2.04716340,4,4,0.06430904,0.04166667
h4,1,ichimoku_cloud_bull+atr_expand+mtf_volatility+cross_group_bull,205,30,2.64209334,4.66836248,2,1,0.07142857,0.00000000
h4,1,pin_bull+mtf_adx25+cross_group_return_up,281,69,2.64139686,2.32632204,4,3,0.06647957,0.00000000
h4,1,adx25+breakout20_up+impulse_bull+mtf_volatility,487,88,2.63626622,2.80860832,9,4,0.11940837,0.00000000
h4,1,ichimoku_cloud_bull+rsi_up1+superbb_bull+elliott_impulse_bull,160,22,2.63291940,3.73180828,1,0,0.00000000,0.00000000
h4,1,ichimoku_cloud_bull+superbb_bull+breakout20_up+elliott_impulse_bull,160,22,2.63291940,3.44474610,1,0,0.00000000,0.00000000
h4,1,ichimoku_cloud_bull+superbb_bull+retest_up+elliott_impulse_bull,160,22,2.63291940,3.03034056,1,0,0.00000000,0.00000000
h4,1,price200_bull+adx25+atr_expand+mtf_adx25,603,60,2.62813719,0.76768627,5,2,0.05636364,0.00000000
h4,1,adx25+atr_expand+impulse_bull+mtf_adx25,352,34,2.62152148,1.56670668,2,1,0.16666667,0.00000000
h4,1,ichimoku_cloud_bull+pin_bull+mtf_adx25,330,57,2.61392287,1.74474153,4,3,0.07916667,0.00000000
h4,1,rsi_up1+superbb_bull+elliott_wave5_bull+cross_group_return_up,186,36,2.58843075,2.87882353,2,2,0.26666667,0.20000000
h4,1,adx25+atr_expand+mtf_adx25,1102,131,2.58490748,1.35329311,10,5,0.09490842,0.00000000
h4,1,adx25+horizontal_break_up+impulse_bull+mtf_volatility,365,51,2.58311205,1.50526720,4,2,0.10714286,0.00000000
h4,1,pin_bull+mtf_adx25+cross_target_relative_up,281,61,2.57000775,1.16316102,4,2,0.04554656,0.00000000
h4,1,adx25+atr_expand+mtf_volatility+cross_group_return_up,290,28,2.55942247,3.55410312,2,1,0.11111111,0.00000000
h4,1,price200_bull+superbb_bull+elliott_wave5_bull+cross_group_return_up,157,29,2.55545711,3.19869281,1,1,0.20000000,0.20000000
h4,1,ichimoku_cloud_bull+superbb_bull+impulse_bull+elliott_impulse_bull,165,22,2.55313397,3.03034056,1,0,0.00000000,0.00000000
h4,1,rsi_up1+superbb_bull+breakout20_up+mtf_trend_bull,150,21,2.54097618,4.04045408,1,0,0.00000000,0.00000000
h4,1,rsi_up1+superbb_bull+retest_up+mtf_trend_bull,150,21,2.54097618,1.74474153,1,0,0.00000000,0.00000000
h4,1,volatility+breakout20_up+impulse_bull+mtf_volatility,396,56,2.53287100,1.69342561,6,2,0.11428571,0.00000000
h4,1,rsi_up1+volatility+breakout20_up+mtf_volatility,317,40,2.53127297,1.74474153,4,0,0.00000000,0.00000000
h4,1,ichimoku_cloud_bull+superbb_bull+elliott_impulse_bull,167,22,2.52255751,3.44474610,1,0,0.00000000,0.00000000
h4,1,adx25+atr_expand+elliott_wave3_bull+mtf_trend_bull,175,13,2.52187110,2.95263952,1,0,0.00000000,0.00000000
h4,1,adx25+atr_expand+mtf_volatility+cross_group_bull,232,28,2.50754229,3.52509004,2,1,0.11111111,0.00000000
h4,1,superbb_bull+impulse_bull+elliott_wave5_bull+cross_group_return_up,192,36,2.50754229,2.74173669,2,2,0.26666667,0.20000000
h4,1,rsi_cross55_up+breakout20_up+mtf_adx25,184,46,2.50754229,0.53311547,3,1,0.06666667,0.00000000
h4,1,rsi_cross55_up+retest_up+mtf_adx25,184,46,2.50754229,0.53311547,3,1,0.06666667,0.00000000
h4,1,price200_bull+rsi_up1+superbb_bull+cross_group_return_up,184,34,2.50754229,4.69141612,2,1,0.08333333,0.00000000
h4,1,rsi_cross55_up+breakout20_up+retest_up+mtf_adx25,184,46,2.50754229,0.53311547,3,1,0.06666667,0.00000000
h4,1,rsi_up1+superbb_bull+impulse_bull+mtf_trend_bull,160,21,2.50754229,2.13246187,1,0,0.00000000,0.00000000
h4,1,superbb_bull+elliott_wave5_bull+cross_group_return_up,193,36,2.49454984,2.74173669,2,2,0.26666667,0.20000000
h4,1,price200_bull+atr_expand+mtf_volatility,539,90,2.49358565,2.24589070,8,3,0.09404138,0.00000000
h4,1,rsi_up1+superbb_bull+mtf_trend_bull,161,21,2.49196749,3.83843137,1,0,0.00000000,0.00000000
h4,1,price200_bull+atr_expand+impulse_bull+mtf_volatility,202,37,2.48271514,2.13246187,4,1,0.07142857,0.00000000
h4,1,triangle_breakout_up+impulse_bull,186,22,2.48057947,3.07074510,1,0,0.00000000,0.00000000
h4,1,superbb_bull+breakout20_up+elliott_wave5_bull+cross_group_return_up,186,36,2.48057947,2.87882353,2,2,0.26666667,0.20000000
h4,1,superbb_bull+retest_up+elliott_wave5_bull+cross_group_return_up,186,36,2.48057947,2.87882353,2,2,0.26666667,0.20000000
h4,1,rsi_up1+volatility+retest_up+mtf_volatility,316,38,2.47580125,1.44846467,4,0,0.00000000,0.00000000
h4,1,superbb_bull+breakout20_up+mtf_trend_bull,154,22,2.47497680,3.83843137,1,0,0.00000000,0.00000000
h4,1,superbb_bull+retest_up+mtf_trend_bull,154,22,2.47497680,1.64504202,1,0,0.00000000,0.00000000
h4,1,superbb_bull+breakout20_up+retest_up+mtf_trend_bull,154,22,2.47497680,1.64504202,1,0,0.00000000,0.00000000
h4,1,superbb_bull+breakout20_up+impulse_bull+mtf_trend_bull,154,22,2.47497680,2.13246187,1,0,0.00000000,0.00000000
h4,1,adx25+volatility+breakout20_up+mtf_volatility,300,49,2.47410839,2.25790081,4,2,0.17142857,0.00000000
h4,1,sma_stack_bull+rsi_up1+horizontal_break_up+mtf_volatility,268,34,2.47011628,1.15152941,3,0,0.00000000,0.00000000
h4,1,adx25+atr_expand+mtf_adx25+cross_target_relative_up,473,57,2.45983007,0.73815988,4,1,0.13888889,0.00000000
h4,1,volatility+elliott_wave3_bull+mtf_volatility+cross_group_bull,367,52,2.45971451,2.39901961,4,1,0.05555556,0.00000000
h4,1,adx25+volatility+breakout20_up+mtf_adx25,359,71,2.45864871,1.25850209,6,2,0.08888889,0.00000000
h4,1,price200_bull+volatility+pin_bull,253,28,2.45798612,2.50332481,2,1,0.03125000,0.00000000
h4,1,ichimoku_cloud_bull+pin_bull,793,172,2.45378665,2.16015618,4,3,0.06456096,0.02857143
h4,1,price200_bull+superbb_bull+breakout20_up+cross_group_return_up,180,34,2.45181913,4.58942882,2,1,0.08333333,0.00000000
h4,1,price200_bull+superbb_bull+retest_up+cross_group_return_up,180,34,2.45181913,3.19869281,2,1,0.08333333,0.00000000
h4,1,sma_stack_bull+horizontal_break_up+impulse_bull+mtf_volatility,377,61,2.44768054,1.21854964,6,1,0.03333333,0.00000000
h4,1,adx25+volatility+impulse_bull+mtf_volatility,1082,188,2.44728711,2.54481638,11,7,0.10495452,0.00000000
h4,1,superbb_bull+impulse_bull+mtf_trend_bull,164,22,2.44638272,2.02022704,1,0,0.00000000,0.00000000
h4,1,adx25+atr_expand+mtf_trend_bull,1242,185,2.43889781,1.78531692,10,6,0.08423199,0.00000000
h4,1,adx25+impulse_bull+elliott_wave5_bull+mtf_volatility,502,87,2.43761083,3.03034056,9,4,0.12213404,0.00000000
h4,1,rsi_cross55_up+breakout20_up+impulse_bull+mtf_adx25,173,44,2.43506997,0.54834734,3,1,0.06666667,0.00000000
h4,1,ichimoku_cloud_bull+atr_expand+mtf_volatility+cross_target_relative_up,256,33,2.42918159,3.19869281,2,0,0.00000000,0.00000000
h4,1,price200_bull+superbb_bull+impulse_bull+cross_group_return_up,190,34,2.42835674,3.41193900,2,1,0.08333333,0.00000000
h4,1,price200_bull+rsi_up1+superbb_bull+mtf_trend_bull,157,21,2.42768425,3.83843137,1,0,0.00000000,0.00000000
h4,1,price200_bull+pin_bull+mtf_volatility,232,23,2.42107531,3.05329768,2,1,0.06250000,0.00000000
h4,1,atr_expand+mtf_volatility+cross_target_relative_up,514,70,2.41972952,3.05329768,9,5,0.18903319,0.00000000
h4,3,adx25+volatility+pin_bull+mtf_volatility,159,28,3.40840123,2.11592401,4,4,0.41190476,0.28571429
h4,3,volatility+pin_bull+mtf_volatility,246,36,3.11457353,2.37396353,4,4,0.40476190,0.28571429
h4,3,adx25+volatility+pin_bull+mtf_adx25,163,28,3.09546572,1.52082039,3,3,0.27777778,0.20000000
h4,3,adx25+pin_bull+mtf_volatility,254,48,3.04100093,2.40501828,4,4,0.42667055,0.30769231
h4,3,adx25+volatility+pin_bull,268,57,2.99835810,1.97064050,4,4,0.25795455,0.18181818
h4,3,ichimoku_cloud_bull+pin_bull+mtf_volatility,235,36,2.86275695,2.45670985,4,4,0.34226190,0.25000000
h4,3,pin_bull+mtf_volatility,488,86,2.69334023,2.63060823,4,4,0.39346936,0.32000000
h4,3,adx25+pin_bull+mtf_adx25,310,67,2.67250503,2.02776051,4,3,0.19824017,0.00000000
h4,3,ichimoku_cloud_bull+volatility+pin_bull,243,59,2.64033806,2.02776051,4,4,0.27385290,0.16666667
h4,3,stoch_cross_up+pin_bull,231,42,2.61570245,2.71407946,4,4,0.31193182,0.26666667
h4,3,volatility+pin_bull+mtf_adx25,250,35,2.59132518,1.95534050,3,3,0.34444444,0.20000000
h4,3,ichimoku_cloud_bull+volatility+pin_bull+mtf_trend_bull,184,52,2.57290857,1.97295618,4,4,0.26396557,0.18181818
h4,3,volatility+pin_bull,479,82,2.56188303,2.04480052,4,4,0.28790970,0.23076923
h4,3,volatility+pin_bull+mtf_trend_bull,299,69,2.52082540,1.57326247,4,4,0.31224916,0.25000000
h4,3,pin_bull+mtf_volatility+cross_group_bull,211,47,2.47985002,2.29812858,4,4,0.37424242,0.30000000
h4,3,adx25+pin_bull+mtf_trend_bull+cross_group_bull,151,47,2.47515778,1.63209993,4,4,0.20512821,0.15384615
h4,3,adx25+pin_bull+mtf_trend_bull+cross_group_return_up,180,52,2.45705245,1.73808044,4,3,0.18611111,0.11111111
h4,3,pin_bull+mtf_volatility+cross_group_return_up,250,53,2.41690906,2.48297206,4,4,0.35544490,0.30769231
h4,3,adx_up3+pin_bull+mtf_trend_bull,160,55,2.41379449,2.18374209,4,4,0.31885027,0.25000000
h4,3,ichimoku_cloud_bull+adx25+pin_bull+mtf_trend_bull,225,60,2.40860353,1.75739245,4,4,0.20238095,0.14285714
h4,3,volatility+pin_bull+cross_group_bull,202,40,2.40531421,2.13448475,4,4,0.33541667,0.30000000
h4,3,adx25+pin_bull,588,130,2.37300841,2.00054225,4,4,0.23387800,0.20000000
h4,3,ichimoku_cloud_bull+pin_bull+mtf_adx25+cross_target_relative_up,161,30,2.36011162,1.28069085,3,3,0.29047619,0.14285714
h4,3,sma_stack_bull+adx25+atr_expand+mtf_volatility,204,15,2.35119767,2.30178220,1,1,0.20000000,0.20000000
h4,3,trend_bull+pin_bull+mtf_volatility,159,17,2.35062154,2.38041452,1,1,0.40000000,0.40000000
h4,3,ichimoku_cloud_bull+adx25+pin_bull,306,71,2.34101932,2.02776051,4,3,0.21415441,0.11764706
h4,3,adx25+pin_bull+mtf_trend_bull,340,94,2.32676964,1.62220841,4,4,0.21062565,0.20000000
h4,3,adx_up3+pin_bull,258,61,2.31782216,2.33972367,4,4,0.32446312,0.22222222
h4,3,volatility+pin_bull+cross_group_return_up,235,43,2.27960276,2.19397039,4,4,0.32294372,0.27272727
h4,3,sma_stack_bull+volatility+pin_bull,157,19,2.26153747,1.01388026,2,2,0.32222222,0.20000000
h4,3,pin_bull+mtf_adx25+cross_target_relative_up,281,61,2.26111388,1.47473492,4,3,0.25110476,0.11111111
h4,3,pin_bull+mtf_adx25,585,117,2.24675219,1.79378815,4,3,0.24548368,0.09090909
h4,3,pin_bull+mtf_volatility+cross_target_relative_up,234,44,2.23610408,2.49849063,4,4,0.43086081,0.33333333
h4,3,volatility+pin_bull+cross_target_relative_up,204,46,2.22905753,2.28123058,4,4,0.31089744,0.16666667
h4,3,adx_up3+atr_expand+mtf_volatility,431,87,2.22572772,2.05758052,10,8,0.26414835,0.00000000
h4,3,trend_bull+volatility+pin_bull,178,22,2.20469812,1.52082039,2,2,0.41666667,0.33333333
h4,3,ichimoku_cloud_bull+adx25+pin_bull+cross_group_return_up,164,43,2.20299104,2.88955873,4,2,0.19734848,0.08333333
h4,3,adx25+pin_bull+cross_group_return_up,284,75,2.19336164,2.32125217,4,3,0.19076797,0.11111111
h4,3,ichimoku_cloud_bull+pin_bull+mtf_adx25,330,57,2.18963958,1.65907678,4,2,0.21250000,0.00000000
h4,3,adx25+pin_bull+cross_group_bull,237,66,2.15523232,2.31336059,4,4,0.20954132,0.12500000
h4,3,adx25+pin_bull+cross_target_relative_up,262,63,2.13978334,1.91665035,4,4,0.23069853,0.12500000
h4,3,trend_bull+volatility+pin_bull+mtf_trend_bull,155,22,2.12996642,1.44077721,2,2,0.41666667,0.33333333
h4,3,trend_bull+atr_expand+mtf_volatility+cross_group_return_up,185,23,2.12127711,1.67814663,3,2,0.16666667,0.00000000
h4,3,ichimoku_cloud_bull+pin_bull,793,172,2.08947430,1.94875686,4,3,0.19933539,0.11428571
h4,3,ichimoku_cloud_bull+pin_bull+mtf_adx25+cross_group_return_up,161,32,2.08927914,2.02776051,3,3,0.32929293,0.20000000
h4,3,ichimoku_cloud_bull+adx25+atr_expand+mtf_volatility,318,53,2.07638236,2.60712066,5,4,0.33653846,0.00000000
h4,3,trend_bull+adx25+atr_expand+mtf_volatility,222,19,2.07638236,2.02776051,1,1,0.28571429,0.28571429
h4,3,adx_up3+atr_expand+mtf_volatility+cross_target_relative_up,187,33,2.06527871,2.76512797,3,2,0.24761905,0.00000000
h4,3,sma_stack_bull+atr_expand+mtf_volatility+cross_group_return_up,164,19,2.05106062,1.85143351,1,1,0.16666667,0.16666667
h4,3,trend_bull+atr_expand+mtf_volatility+cross_group_bull,155,19,2.04959033,2.25306724,2,1,0.16666667,0.00000000
h4,3,adx25+atr_expand+mtf_volatility,697,83,2.02871791,2.17260055,8,6,0.26856012,0.00000000
h4,3,pin_bull+mtf_adx25+cross_group_return_up,281,69,2.01726827,1.84341865,4,3,0.22405226,0.07692308
h4,3,pin_bull+mtf_adx25+cross_group_bull,237,62,1.99753239,1.82498446,4,3,0.23581011,0.08333333
h4,3,ichimoku_cloud_bull+pin_bull+cross_target_relative_up,362,80,1.99608028,2.22691556,4,3,0.21317079,0.05882353
h4,3,ichimoku_cloud_bull+adx_up3+atr_expand+mtf_volatility,201,45,1.98341001,2.65168683,5,5,0.35168831,0.20000000
h4,3,trend_bull+adx25+pin_bull+mtf_trend_bull,198,29,1.98200134,1.21665631,4,3,0.11309524,0.00000000
h4,3,sma_stack_bull+adx25+pin_bull,208,26,1.97655628,1.16986183,4,2,0.07738095,0.00000000
h4,3,adx25+atr_expand+mtf_volatility+cross_target_relative_up,304,35,1.96709907,2.02776051,4,3,0.21071429,0.00000000
h4,3,sma_stack_bull+adx25+pin_bull+mtf_trend_bull,175,24,1.95773194,0.93588947,4,2,0.07738095,0.00000000
h4,3,ichimoku_cloud_bull+pin_bull+mtf_trend_bull,551,146,1.95579391,1.59852654,4,4,0.20991565,0.12903226
h4,3,trend_bull+adx25+pin_bull,236,31,1.95320713,1.39616298,4,3,0.11309524,0.00000000
h4,3,ichimoku_cloud_bull+pin_bull+elliott_pullback_bull,150,36,1.95179941,2.75196070,4,3,0.20627706,0.10000000
h4,3,sma_stack_bull+atr_expand+mtf_volatility,359,49,1.94335507,1.86423144,5,3,0.26111111,0.00000000
h4,3,pin_bull+mtf_trend_bull,829,199,1.92359668,1.52831211,4,4,0.20926067,0.15151515
h4,3,stoch_cross_up+atr_expand+mtf_volatility,270,38,1.91488595,2.46619522,2,2,0.48333333,0.16666667
h4,3,pin_bull+cross_target_relative_up,625,136,1.90362734,1.90486594,4,4,0.24569257,0.20000000
h4,3,volatility+horizontal_break_up+mtf_trend_bull+cross_group_bull,302,77,1.89762096,1.87755603,7,6,0.28072152,0.05882353
h4,3,ichimoku_cloud_bull+pin_bull+cross_group_return_up,406,99,1.88715539,2.35152060,4,4,0.21810039,0.12500000
h4,3,trend_bull+atr_expand+mtf_volatility,393,56,1.87032915,1.85143351,5,3,0.25460317,0.00000000
h4,3,ichimoku_cloud_bull+pin_bull+cross_group_bull,340,83,1.86874412,2.35296739,4,4,0.22769979,0.12500000
h4,3,sma_stack_bull+pin_bull+cross_group_return_up,291,47,1.86232232,1.36873835,4,3,0.19861389,0.07692308
h4,3,adx25+atr_expand+horizontal_resistance_near+cross_group_bull,171,24,1.85781579,1.21665631,1,1,0.22222222,0.22222222
h4,3,adx25+atr_expand+horizontal_resistance_near+cross_group_return_up,198,28,1.85615998,1.65907678,1,1,0.22222222,0.22222222
h4,3,pin_bull+cross_group_return_up,685,162,1.84601001,2.07022670,4,4,0.22018508,0.17948718
h4,3,ichimoku_cloud_bull+pin_bull+mtf_trend_bull+cross_group_return_up,287,85,1.84486934,1.94327049,4,4,0.23951863,0.14285714
h4,3,pin_bull+elliott_pullback_bull,247,49,1.84100298,2.72698828,4,3,0.19771242,0.08333333
h4,3,adx25+horizontal_break_up+mtf_trend_bull+cross_group_bull,613,87,1.83927507,1.28069085,8,3,0.15189671,0.00000000
h4,3,pin_bull+cross_group_bull,569,146,1.83918578,2.03948167,4,4,0.22844474,0.15625000
h4,3,ichimoku_cloud_bull+atr_expand+mtf_volatility,569,93,1.83918578,2.37247980,8,5,0.29945315,0.00000000
h4,3,pin_bull+elliott_pullback_bull+mtf_trend_bull,156,39,1.83679978,2.18998135,4,3,0.21309524,0.10000000
h4,3,adx25+volatility+horizontal_break_up+mtf_trend_bull,364,54,1.83109543,1.92884537,4,2,0.20614035,0.00000000
h4,3,atr_expand+mtf_volatility,1172,172,1.82303536,2.09112803,11,8,0.26671210,0.00000000
h4,3,volatility+horizontal_break_up+mtf_trend_bull+cross_group_return_up,339,91,1.81913144,1.89693725,7,6,0.28192904,0.10526316
h4,3,sma_stack_bull+pin_bull+mtf_adx25,230,27,1.81457762,1.01388026,2,2,0.31944444,0.22222222
h4,3,sma_stack_bull+volatility+retest_up+mtf_volatility,244,40,1.81257968,1.62220841,4,3,0.14813312,0.00000000
h4,3,sma_stack_bull+volatility+horizontal_break_up+mtf_volatility,227,39,1.81111765,1.75739245,4,2,0.12152778,0.00000000
h4,3,ichimoku_cloud_bull+pin_bull+mtf_trend_bull+cross_group_bull,241,73,1.80929583,1.81590494,4,4,0.24015185,0.14285714
h4,3,pin_bull+mtf_trend_bull+cross_group_return_up,435,113,1.80430467,1.74612711,4,4,0.22690616,0.13636364
h4,3,sma_stack_bull+pin_bull+cross_group_bull,235,45,1.80247660,1.24998936,4,3,0.18286713,0.07692308
h4,3,sma_stack_bull+atr_expand+mtf_volatility+cross_target_relative_up,166,22,1.80119915,2.02776051,1,1,0.16666667,0.16666667
h4,3,trend_bull+pin_bull+cross_group_return_up,354,65,1.79483899,1.60690456,4,3,0.17530080,0.09090909
h4,3,ichimoku_cloud_bull+pin_bull+mtf_trend_bull+cross_target_relative_up,254,65,1.79026668,1.70758780,4,3,0.21982601,0.07692308
h4,3,sma_stack_bull+pin_bull+mtf_trend_bull+cross_group_return_up,237,47,1.78726583,1.38256399,4,3,0.19861389,0.07692308
h4,3,trend_bull+pin_bull,644,117,1.77975631,1.50481175,4,3,0.15647233,0.08333333
h4,3,trend_bull+atr_expand+mtf_volatility+cross_target_relative_up,189,23,1.77975631,1.76094992,1,1,0.16666667,0.16666667
h4,3,adx25+horizontal_break_up+mtf_trend_bull+cross_group_return_up,706,95,1.77345405,1.30356033,9,3,0.13678163,0.00000000
h4,3,trend_bull+pin_bull+mtf_adx25,260,33,1.77291109,1.52082039,2,2,0.34615385,0.30769231
h4,3,trend_bull+pin_bull+mtf_trend_bull+cross_group_return_up,292,62,1.77061372,1.61243607,4,4,0.18382353,0.12500000
h4,3,adx_up3+atr_expand+mtf_adx25+cross_target_relative_up,271,44,1.76990526,0.73736746,4,2,0.24375000,0.00000000
h4,3,trend_bull+volatility+horizontal_break_up+mtf_volatility,257,45,1.76936862,1.73808044,5,3,0.21833333,0.00000000
h4,3,pin_bull+mtf_trend_bull+cross_group_bull,363,104,1.76749903,1.59762950,4,4,0.22832675,0.17391304
h4,3,ichimoku_cloud_bull+adx25+horizontal_break_up+mtf_trend_bull,765,90,1.76696067,1.24657409,7,3,0.09782980,0.00000000
h4,3,volatility+horizontal_resistance_near+mtf_trend_bull+cross_group_bull,441,100,1.76563126,1.52082039,7,5,0.31799386,0.04761905
h4,3,adx25+elliott_pullback_bull+mtf_volatility+cross_group_bull,988,201,1.76534532,1.34865204,11,8,0.17019020,0.00000000
h4,3,ichimoku_cloud_bull+adx_up3+atr_expand+mtf_trend_bull,526,143,1.76453025,1.06868460,9,5,0.21269124,0.00000000
h4,3,adx25+volatility+elliott_pullback_bull+mtf_volatility,992,162,1.76450638,1.48702438,12,8,0.15264039,0.00000000
h4,3,trend_bull+volatility+retest_up+mtf_volatility,290,48,1.76134503,1.60690456,5,3,0.25595960,0.00000000
h4,3,adx25+atr_expand+mtf_volatility+cross_group_return_up,290,28,1.76134503,2.25306724,2,2,0.32222222,0.20000000
h4,3,sma_stack_bull+pin_bull,538,93,1.75990772,1.41289120,4,3,0.16851036,0.10526316
h4,3,adx25+horizontal_break_up+mtf_volatility+cross_group_return_up,363,52,1.75033885,1.45998757,4,2,0.23674242,0.00000000
h4,3,trend_bull+pin_bull+cross_group_bull,292,59,1.74928103,1.52082039,4,3,0.16637223,0.09090909
h4,3,adx25+horizontal_resistance_near+mtf_trend_bull+cross_group_bull,905,126,1.74829100,1.12215873,8,4,0.17059071,0.00000000
h4,3,sma_stack_bull+pin_bull+mtf_trend_bull+cross_group_bull,193,45,1.74287016,1.27552677,4,3,0.18286713,0.07692308
h4,3,sma_stack_bull+adx25+elliott_wave5_bull+mtf_trend_bull,738,102,1.73875921,1.22407494,8,4,0.10490915,0.00000000
h4,3,sma_stack_bull+adx25+horizontal_break_up+mtf_trend_bull,848,103,1.73358338,1.34093840,8,3,0.09497620,0.00000000
h4,3,atr_expand+mtf_volatility+cross_target_relative_up,514,70,1.73301173,2.21210238,9,7,0.24101732,0.00000000
h4,3,trend_bull+pin_bull+mtf_trend_bull+cross_group_bull,241,58,1.73175458,1.55981578,4,3,0.16864496,0.10000000
h4,6,volatility+pin_bull+mtf_volatility,246,36,2.16837224,1.80792133,4,4,0.46825397,0.40000000
h4,6,ichimoku_cloud_bull+pin_bull+mtf_volatility,235,36,2.12436600,1.76487559,4,4,0.43700397,0.37500000
h4,6,pin_bull+mtf_volatility,488,86,1.99696009,1.93977317,4,4,0.45225528,0.36000000
h4,6,ichimoku_cloud_bull+volatility+pin_bull,243,59,1.94185662,1.60443235,4,4,0.50625843,0.41666667
h4,6,ichimoku_cloud_bull+volatility+pin_bull+mtf_trend_bull,184,52,1.93267961,1.33558152,4,4,0.51871958,0.45454545
h4,6,pin_bull+mtf_volatility+cross_group_bull,211,47,1.89604113,1.49033938,4,4,0.39696970,0.30000000
h4,6,pin_bull+mtf_volatility+cross_group_return_up,250,53,1.88748464,1.58478624,4,4,0.40815781,0.37500000
h4,6,volatility+pin_bull+mtf_trend_bull,299,69,1.88693571,1.15629780,4,4,0.52341137,0.47826087
h4,6,ichimoku_cloud_bull+volatility+pin_bull+mtf_price200_bull,209,52,1.88146395,1.32365669,4,4,0.49546784,0.40000000
h4,6,volatility+pin_bull,479,82,1.87743359,1.57207405,4,4,0.47158027,0.43478261
h4,6,price200_bull+pin_bull+mtf_volatility,232,23,1.87180276,1.76487559,2,2,0.47727273,0.45454545
h4,6,pin_bull+mtf_volatility+cross_target_relative_up,234,44,1.84119181,1.57578177,4,4,0.47649573,0.44444444
h4,6,volatility+pin_bull+mtf_price200_bull,352,71,1.81653300,1.21335197,4,4,0.46696429,0.40000000
h4,6,volatility+pin_bull+cross_group_bull,202,40,1.81124315,1.42428556,4,4,0.48611111,0.44444444
h4,6,sma_stack_bull+atr_expand+mtf_volatility+cross_group_return_up,164,19,1.77222731,1.68814186,1,0,0.16666667,0.16666667
h4,6,sma_stack_bull+volatility+pin_bull,157,19,1.76412646,0.88243779,2,2,0.42222222,0.40000000
h4,6,volatility+pin_bull+mtf_price200_bull+cross_group_return_up,174,34,1.74898106,1.35759660,4,4,0.52857143,0.40000000
h4,6,volatility+pin_bull+cross_target_relative_up,204,46,1.72643966,1.59941850,4,4,0.49038462,0.38461538
h4,6,volatility+pin_bull+cross_group_return_up,235,43,1.71695334,1.50448411,4,4,0.48795094,0.42857143
h4,6,sma_stack_bull+atr_expand+mtf_volatility,359,49,1.71444045,1.59408117,5,2,0.34555556,0.08333333
h4,6,price200_bull+volatility+pin_bull+mtf_trend_bull,213,28,1.70165146,1.17658372,2,2,0.45000000,0.40000000
h4,6,pin_bull+elliott_pullback_bull+mtf_trend_bull,156,39,1.68775916,2.11785070,4,4,0.37380952,0.26666667
h4,6,volatility+pin_bull+mtf_price200_bull+cross_target_relative_up,152,39,1.68718235,1.60443235,3,3,0.47202797,0.45454545
h4,6,price200_bull+atr_expand+mtf_volatility+cross_group_bull,230,38,1.67994458,1.58838803,5,3,0.36666667,0.20000000
h4,6,price200_bull+atr_expand+mtf_volatility+cross_group_return_up,269,44,1.67789971,1.53467442,5,3,0.33333333,0.20000000
h4,6,ichimoku_cloud_bull+pin_bull,793,172,1.67733868,1.58915204,4,4,0.44520677,0.42857143
h4,6,ichimoku_cloud_bull+pin_bull+mtf_trend_bull+cross_group_return_up,287,85,1.65606451,1.51975398,4,4,0.47230849,0.43478261
h4,6,ichimoku_cloud_bull+pin_bull+cross_target_relative_up,362,80,1.65300370,1.67032868,4,4,0.43091245,0.29411765
h4,6,ichimoku_cloud_bull+pin_bull+mtf_price200_bull,665,163,1.65054639,1.38022321,4,4,0.43802333,0.41666667
h4,6,price200_bull+volatility+pin_bull,253,28,1.64885952,1.33005117,2,2,0.45000000,0.40000000
h4,6,ichimoku_cloud_bull+pin_bull+mtf_trend_bull+cross_group_bull,241,73,1.64583121,1.42243704,4,4,0.46058529,0.41176471
h4,6,ichimoku_cloud_bull+pin_bull+mtf_trend_bull,551,146,1.64451797,1.41705339,4,4,0.45113643,0.41935484
h4,6,pin_bull+elliott_pullback_bull+mtf_price200_bull,183,46,1.64428059,1.88253396,4,4,0.33858543,0.23529412
h4,6,ichimoku_cloud_bull+pin_bull+elliott_pullback_bull,150,36,1.64129099,2.18508406,4,4,0.39437229,0.27272727
h4,6,atr_expand+elliott_impulse_bull+mtf_volatility,171,23,1.63969129,1.17658372,1,1,0.40000000,0.40000000
h4,6,pin_bull+elliott_pullback_bull,247,49,1.61969505,2.00830670,4,4,0.37479575,0.23529412
h4,6,ichimoku_cloud_bull+pin_bull+mtf_price200_bull+cross_group_return_up,340,93,1.61916574,1.46355536,4,4,0.44602823,0.40909091
h4,6,pin_bull+mtf_price200_bull,1027,250,1.61811794,1.37019877,4,4,0.41579030,0.37931034
h4,6,pin_bull+cross_target_relative_up,625,136,1.61393614,1.47964317,4,4,0.41959459,0.37837838
h4,6,price200_bull+volatility+pin_bull+mtf_price200_bull,238,28,1.60910881,1.13456288,2,2,0.45000000,0.40000000
h4,6,ichimoku_cloud_bull+pin_bull+cross_group_return_up,406,99,1.60861340,1.72038292,4,4,0.45058374,0.40740741
h4,6,ichimoku_cloud_bull+pin_bull+mtf_price200_bull+cross_target_relative_up,309,73,1.60455227,1.45342695,4,4,0.40972222,0.26666667
h4,6,pin_bull+mtf_trend_bull,829,199,1.60449888,1.35625907,4,4,0.42732790,0.40000000
h4,6,pin_bull+mtf_trend_bull+cross_group_bull,363,104,1.59193169,1.24789183,4,4,0.43623188,0.36666667
h4,6,ichimoku_cloud_bull+pin_bull+mtf_price200_bull+cross_group_bull,282,78,1.58842435,1.38328086,4,4,0.43735676,0.40909091
h4,6,price200_bull+atr_expand+mtf_volatility,539,90,1.58597228,1.57712286,8,5,0.33624292,0.00000000
h4,6,ichimoku_cloud_bull+atr_expand+mtf_volatility+cross_group_bull,205,30,1.58457971,1.71717625,2,1,0.31428571,0.20000000
h4,6,pin_bull+mtf_price200_bull+cross_group_bull,437,130,1.58057199,1.20926661,4,4,0.40952381,0.33333333
h4,6,pin_bull+mtf_trend_bull+cross_group_return_up,435,113,1.57997839,1.37268101,4,4,0.45002444,0.39393939
h4,6,ichimoku_cloud_bull+pin_bull+cross_group_bull,340,83,1.57893802,1.69827651,4,4,0.43438057,0.40909091
h4,6,pin_bull+mtf_price200_bull+cross_target_relative_up,475,122,1.57650319,1.29214105,4,4,0.40505952,0.37500000
h4,6,atr_expand+mtf_volatility,1172,172,1.57547130,1.65457086,11,8,0.39936327,0.14285714
h4,6,pin_bull+mtf_price200_bull+cross_group_return_up,530,144,1.57419419,1.32365669,4,4,0.42346679,0.38461538
h4,6,pin_bull+cross_group_return_up,685,162,1.57240469,1.51539056,4,4,0.41156738,0.35714286
h4,6,atr_expand+mtf_volatility+cross_target_relative_up,514,70,1.56332434,1.76487559,9,7,0.34220779,0.00000000
h4,6,pin_bull+cross_group_bull,569,146,1.56244749,1.46902939,4,4,0.39453427,0.31250000
h4,6,ichimoku_cloud_bull+pin_bull+mtf_trend_bull+cross_target_relative_up,254,65,1.56159576,1.48621102,4,4,0.43365385,0.38461538
h4,6,price200_bull+pin_bull+elliott_pullback_bull,167,35,1.55611421,1.81530060,4,4,0.41666667,0.33333333
h4,6,ichimoku_cloud_bull+atr_expand+mtf_volatility+cross_group_return_up,242,36,1.55425283,1.59679220,3,1,0.25714286,0.14285714
h4,6,price200_bull+pin_bull+elliott_pullback_bull+mtf_price200_bull,154,34,1.55425283,1.89093813,4,4,0.41666667,0.33333333
h4,6,sma_stack_bull+pin_bull+cross_group_return_up,291,47,1.55104819,1.01480346,4,4,0.40008429,0.27272727
h4,6,ichimoku_cloud_bull+atr_expand+mtf_volatility,569,93,1.55042866,1.80017310,8,6,0.41481175,0.06250000
h4,6,sma_stack_bull+volatility+engulf_bull+mtf_volatility,212,26,1.54838773,1.10304724,2,2,0.61428571,0.42857143
h4,6,sma_stack_bull+atr_expand+mtf_volatility+cross_target_relative_up,166,22,1.54488986,1.56877830,1,0,0.16666667,0.16666667
h4,6,sma_stack_bull+pin_bull+cross_group_bull,235,45,1.54234792,0.91870236,4,4,0.37447552,0.27272727
h4,6,sma_stack_bull+pin_bull+mtf_trend_bull+cross_group_bull,193,45,1.54136783,0.85397206,4,4,0.37447552,0.27272727
h4,6,price200_bull+atr_expand+mtf_volatility+cross_target_relative_up,278,38,1.53748032,1.59837789,3,2,0.22619048,0.00000000
h4,6,pin_bull+mtf_trend_bull+cross_target_relative_up,373,95,1.52175103,1.28001966,4,4,0.40621878,0.35714286
h4,6,sma_stack_bull+pin_bull+mtf_trend_bull+cross_group_return_up,237,47,1.51490466,0.96265941,4,4,0.40008429,0.27272727
h4,6,pin_bull+elliott_pullback_bull+cross_group_return_up,163,31,1.51039048,2.26266101,4,4,0.34794372,0.27272727
h4,6,sma_stack_bull+pin_bull,538,93,1.50629633,1.22971976,4,4,0.37435818,0.28000000
h4,6,price200_bull+pin_bull+mtf_trend_bull+cross_group_bull,309,78,1.50495937,1.23916796,4,4,0.40158730,0.33333333
h4,6,atr_expand+mtf_volatility+cross_group_return_up,505,77,1.50316254,1.46742464,8,5,0.28482143,0.00000000
h4,6,price200_bull+pin_bull+mtf_trend_bull+cross_group_return_up,374,86,1.49939685,1.38421615,4,4,0.40772372,0.34782609
h4,6,sma_stack_bull+pin_bull+mtf_price200_bull+cross_group_return_up,274,47,1.49752827,0.98048644,4,4,0.40008429,0.27272727
h4,6,ichimoku_cloud_bull+atr_expand+mtf_volatility+cross_target_relative_up,256,33,1.49596835,1.47072966,2,1,0.33333333,0.16666667
h4,6,price200_bull+pin_bull+mtf_price200_bull+cross_group_return_up,433,97,1.48461656,1.31982000,4,4,0.39560709,0.34615385
h4,6,price200_bull+pin_bull,841,152,1.48402500,1.40372344,4,4,0.38171373,0.32142857
h4,6,price200_bull+pin_bull+cross_group_return_up,468,98,1.48318229,1.41190047,4,4,0.39560709,0.34615385
h4,6,price200_bull+pin_bull+mtf_trend_bull,670,131,1.48001986,1.32840098,4,4,0.38058763,0.30434783
h4,6,price200_bull+pin_bull+mtf_price200_bull,781,150,1.47982382,1.32164199,4,4,0.38171373,0.32142857
h4,6,ichimoku_cloud_bull+volatility+engulf_bull+mtf_volatility,352,52,1.47654019,1.76487559,6,3,0.29126984,0.14285714
h4,6,sma_stack_bull+pin_bull+mtf_price200_bull+cross_group_bull,220,45,1.47654019,0.85569725,4,4,0.37447552,0.27272727
h4,6,atr_expand+mtf_volatility+cross_group_bull,422,71,1.47469866,1.42977263,8,5,0.29672619,0.00000000
h4,6,price200_bull+pin_bull+cross_group_bull,387,87,1.46670060,1.29894843,4,4,0.38695652,0.34782609
h4,6,sma_stack_bull+pin_bull+mtf_trend_bull,436,89,1.46655875,1.10678638,4,4,0.37435818,0.28000000
h4,6,sma_stack_bull+pin_bull+mtf_price200_bull,504,92,1.46543838,1.15940732,4,4,0.37435818,0.28000000
h4,6,price200_bull+volatility+engulf_bull+mtf_volatility,343,40,1.46543838,1.42170533,3,2,0.38888889,0.20000000
h4,6,price200_bull+pin_bull+mtf_price200_bull+cross_group_bull,356,86,1.45994985,1.18789703,4,4,0.38695652,0.34782609
h4,6,volatility+inside_2+mtf_trend_bull,293,49,1.45876972,1.76487559,5,5,0.53611111,0.33333333
h4,6,ichimoku_cloud_bull+horizontal_break_up+mtf_trend_bull+cross_group_return_up,853,178,1.44711324,1.25054042,7,4,0.25762065,0.13793103
h4,6,sma_stack_bull+stoch_recover_up+atr_expand,156,23,1.44665071,1.17658372,2,1,0.30000000,0.20000000
h4,6,ichimoku_cloud_bull+horizontal_break_up+mtf_trend_bull+cross_group_bull,720,154,1.44372818,1.27071042,7,5,0.28159931,0.14285714
h4,6,ichimoku_cloud_bull+atr_expand+horizontal_break_up+mtf_trend_bull,190,21,1.43972894,1.28354588,1,0,0.16666667,0.16666667
h4,6,price200_bull+pin_bull+mtf_price200_bull+cross_target_relative_up,385,74,1.43879405,1.23208296,4,3,0.34454887,0.20000000
h4,6,volatility+horizontal_break_up+mtf_trend_bull+cross_group_bull,302,77,1.43794119,1.78666417,7,5,0.44580601,0.14285714
h4,6,stoch_recover_up+atr_expand+mtf_price200_bull,298,50,1.43429372,1.29664329,5,4,0.34285714,0.20000000
h4,6,atr_expand+horizontal_break_up+mtf_trend_bull+cross_group_return_up,177,24,1.42956136,1.76487559,1,1,0.66666667,0.66666667
h4,6,ichimoku_cloud_bull+volatility+inside_2+mtf_trend_bull,194,32,1.42766935,2.04953294,4,4,0.60555556,0.40000000
h4,6,horizontal_break_up+elliott_wave5_bull+mtf_trend_bull+cross_group_bull,846,190,1.42675266,1.29483334,9,6,0.35355727,0.11538462
h4,6,price200_bull+pin_bull+cross_target_relative_up,413,75,1.42404182,1.36975419,4,3,0.34454887,0.20000000
h4,6,sma_stack_bull+horizontal_break_up+mtf_trend_bull+cross_group_bull,820,188,1.42195180,1.29006134,8,5,0.31352733,0.14285714
h4,6,volatility+engulf_bull+mtf_volatility+cross_target_relative_up,291,38,1.42179417,1.92531882,4,2,0.30000000,0.00000000
h4,6,sma_stack_bull+atr_expand+retest_up+mtf_trend_bull,222,25,1.41703051,1.45342695,3,1,0.31428571,0.00000000
h4,6,price200_bull+pin_bull+mtf_trend_bull+cross_target_relative_up,321,64,1.41674261,1.25772743,4,3,0.32450762,0.22222222
h4,6,horizontal_break_up+elliott_impulse_bull+mtf_trend_bull+cross_group_bull,945,205,1.41478125,1.25145723,9,6,0.36085230,0.11111111
h4,6,sma_stack_bull+atr_expand+elliott_impulse_bull+mtf_trend_bull,223,28,1.41067611,1.59408117,3,1,0.30833333,0.00000000
h4,6,ichimoku_cloud_bull+di_cross_up+volatility+mtf_volatility,187,15,1.40797021,1.87518031,1,0,0.00000000,0.00000000
h4,6,price200_bull+volatility+inside_2+mtf_trend_bull,224,26,1.40437845,1.64721721,3,3,0.48253968,0.33333333
h4,6,ichimoku_cloud_bull+horizontal_break_up+elliott_wave5_bull+mtf_trend_bull,974,198,1.40074244,1.09972147,8,4,0.21684460,0.07692308
h4,6,sma_stack_bull+atr_expand+horizontal_break_up+mtf_trend_bull,210,24,1.40030779,1.43396141,3,1,0.32222222,0.00000000
h4,6,atr_expand+elliott_impulse_bull+mtf_trend_bull+cross_group_bull,193,26,1.39963286,1.89401282,1,1,0.75000000,0.75000000
h4,6,ichimoku_cloud_bull+horizontal_break_up+elliott_impulse_bull+mtf_trend_bull,1097,218,1.39953596,1.07010556,8,4,0.23746516,0.07692308
h4,6,atr_expand+elliott_impulse_bull+mtf_trend_bull+cross_group_return_up,237,31,1.39948335,1.91194855,2,2,0.57500000,0.40000000
h4,6,ichimoku_cloud_bull+engulf_bull+mtf_volatility+cross_target_relative_up,333,55,1.39649383,1.47072966,5,4,0.38666667,0.11111111
h4,6,horizontal_break_up+elliott_wave5_bull+mtf_trend_bull+cross_group_return_up,977,222,1.39644128,1.21193173,9,5,0.33409161,0.08333333
h4,12,ichimoku_cloud_bull+pin_bull+mtf_volatility,235,36,1.65261645,1.44775499,4,4,0.51686508,0.42857143
h4,12,volatility+pin_bull+mtf_volatility,246,36,1.64296916,1.49189386,4,4,0.54603175,0.42857143
h4,12,pin_bull+mtf_volatility,488,86,1.58703237,1.65317968,4,4,0.60124587,0.55555556
h4,12,pin_bull+mtf_volatility+cross_group_return_up,250,53,1.58055469,1.48838076,4,4,0.52981914,0.42857143
h4,12,pin_bull+mtf_volatility+cross_group_bull,211,47,1.57306391,1.41156111,4,4,0.52196970,0.40000000
h4,12,stoch_cross_up+pin_bull+mtf_price200_bull,167,38,1.55486560,1.47877831,4,4,0.61190476,0.53333333
h4,12,stoch_cross_up+pin_bull,231,42,1.54438862,1.59253048,4,4,0.62386364,0.53333333
h4,12,ichimoku_bull+pin_bull+mtf_volatility,224,28,1.52209029,1.61453068,3,1,0.43518519,0.37500000
h4,12,pin_bull+mtf_volatility+cross_target_relative_up,234,44,1.51493947,1.59640840,4,4,0.60832570,0.53846154
h4,12,ichimoku_cloud_bull+volatility+pin_bull,243,59,1.49599826,1.28323737,4,4,0.62680499,0.58333333
h4,12,ichimoku_cloud_bull+volatility+pin_bull+mtf_trend_bull,184,52,1.47256648,1.20809284,4,4,0.63749847,0.61538462
h4,12,volatility+pin_bull,479,82,1.46600808,1.26526486,4,4,0.63352007,0.56000000
h4,12,ichimoku_cloud_bull+volatility+pin_bull+mtf_price200_bull,209,52,1.45847493,1.17630093,4,4,0.63527569,0.60000000
h4,12,volatility+pin_bull+mtf_trend_bull,299,69,1.45746323,1.01405252,4,4,0.66277871,0.56521739
h4,12,volatility+pin_bull+cross_group_bull,202,40,1.45312666,1.15566407,4,4,0.64791667,0.50000000
h4,12,ichimoku_bull+atr_expand+mtf_volatility+cross_group_return_up,241,42,1.43346098,0.92865863,4,2,0.35952381,0.16666667
h4,12,sma_stack_bull+atr_expand+mtf_volatility+cross_group_return_up,164,19,1.43186139,1.12515741,1,0,0.16666667,0.16666667
h4,12,sma_stack_bull+pin_bull+cross_group_bull,235,45,1.43162704,0.87014041,4,3,0.50839161,0.36363636
h4,12,volatility+pin_bull+mtf_price200_bull,352,71,1.42403872,1.02926331,4,4,0.66250000,0.58333333
h4,12,ichimoku_cloud_bull+pin_bull+mtf_price200_bull+cross_group_return_up,340,93,1.42117102,1.23368146,4,4,0.57903338,0.47826087
h4,12,ichimoku_cloud_bull+pin_bull,793,172,1.42081929,1.40545046,4,4,0.55874731,0.52500000
h4,12,ichimoku_cloud_bull+pin_bull+cross_group_return_up,406,99,1.41816131,1.42342297,4,4,0.57263761,0.47826087
h4,12,ichimoku_cloud_bull+pin_bull+mtf_trend_bull+cross_group_return_up,287,85,1.41612665,1.24165098,4,4,0.60924560,0.47826087
h4,12,ichimoku_cloud_bull+pin_bull+mtf_price200_bull,665,163,1.41587821,1.28186639,4,4,0.55676834,0.50000000
h4,12,sma_stack_bull+pin_bull+mtf_trend_bull+cross_group_bull,193,45,1.41559672,0.79684901,4,3,0.50839161,0.36363636
h4,12,ichimoku_cloud_bull+pin_bull+elliott_pullback_bull,150,36,1.41497277,1.68042989,4,4,0.58982684,0.45454545
h4,12,ichimoku_cloud_bull+pin_bull+mtf_trend_bull+cross_group_bull,241,73,1.41472293,1.22897112,4,4,0.58577326,0.41176471
h4,12,ichimoku_cloud_bull+pin_bull+cross_group_bull,340,83,1.41453004,1.44263321,4,4,0.55180481,0.41176471
h4,12,sma_stack_bull+pin_bull+cross_group_return_up,291,47,1.41217945,0.97044826,4,4,0.53533966,0.45454545
h4,12,ichimoku_bull+atr_expand+mtf_volatility+cross_group_bull,205,38,1.40983275,0.98025077,3,2,0.42380952,0.20000000
h4,12,ichimoku_cloud_bull+pin_bull+mtf_price200_bull+cross_group_bull,282,78,1.40920783,1.20809284,4,4,0.56540059,0.41176471
h4,12,pin_bull+elliott_pullback_bull+mtf_price200_bull,183,46,1.40658263,1.41156111,4,4,0.55234594,0.41176471
h4,12,sma_stack_bull+pin_bull+mtf_price200_bull+cross_group_bull,220,45,1.40607787,0.78420062,4,3,0.50839161,0.36363636
h4,12,volatility+pin_bull+cross_group_return_up,235,43,1.39319410,1.15701730,4,4,0.64740260,0.53333333
h4,12,sma_stack_bull+pin_bull+mtf_price200_bull+cross_group_return_up,274,47,1.39266810,0.91490072,4,4,0.53533966,0.45454545
h4,12,ichimoku_cloud_bull+pin_bull+cross_target_relative_up,362,80,1.39093802,1.57540303,4,3,0.55168559,0.35294118
h4,12,pin_bull+elliott_pullback_bull,247,49,1.38949863,1.66304614,4,4,0.57516340,0.41176471
h4,12,pin_bull+elliott_pullback_bull+mtf_trend_bull,156,39,1.38949863,1.59976926,4,4,0.55714286,0.40000000
h4,12,ichimoku_cloud_bull+pin_bull+mtf_trend_bull,551,146,1.38918340,1.30509300,4,4,0.56761319,0.51351351
h4,12,atr_expand+elliott_impulse_bull+mtf_volatility,171,23,1.38645148,0.94104074,1,1,0.60000000,0.60000000
h4,12,pin_bull+mtf_price200_bull,1027,250,1.38290290,1.23089717,4,4,0.57647107,0.51724138
h4,12,sma_stack_bull+pin_bull+mtf_trend_bull+cross_group_return_up,237,47,1.38143719,0.89113706,4,4,0.53533966,0.45454545
h4,12,pin_bull+mtf_trend_bull+cross_group_bull,363,104,1.38088603,1.11689179,4,4,0.59819499,0.48000000
h4,12,sma_stack_bull+pin_bull,538,93,1.37658507,1.12317766,4,4,0.51208978,0.44000000
h4,12,volatility+pin_bull+mtf_price200_bull+cross_group_return_up,174,34,1.37552378,1.08581624,4,4,0.75714286,0.57142857
h4,12,pin_bull+cross_group_return_up,685,162,1.37453870,1.29331515,4,4,0.56834876,0.48717949
h4,12,pin_bull+mtf_price200_bull+cross_group_bull,437,130,1.37439538,1.08916752,4,4,0.57857143,0.46666667
h4,12,ichimoku_cloud_bull+pin_bull+mtf_price200_bull+cross_target_relative_up,309,73,1.37375997,1.45307761,4,3,0.54166667,0.33333333
h4,12,pin_bull+cross_group_bull,569,146,1.37301512,1.29189119,4,4,0.55956805,0.43750000
h4,12,pin_bull+mtf_price200_bull+cross_group_return_up,530,144,1.37180218,1.13709089,4,4,0.58356596,0.50000000
h4,12,ichimoku_bull+pin_bull+mtf_trend_bull+cross_group_return_up,293,64,1.37171494,1.06427227,4,4,0.47723214,0.40000000
h4,12,stoch_cross_up+atr_expand+mtf_volatility,270,38,1.37148661,1.27167668,2,1,0.56666667,0.33333333
h4,12,pin_bull+mtf_trend_bull+cross_group_return_up,435,113,1.37033313,1.15451757,4,4,0.61009286,0.51612903
h4,12,sma_stack_bull+volatility+pin_bull,157,19,1.36626656,0.65350051,2,2,0.53333333,0.40000000
h4,12,ichimoku_bull+pin_bull+mtf_price200_bull+cross_group_return_up,362,82,1.36598846,1.04290598,4,2,0.43817873,0.35000000
h4,12,ichimoku_bull+pin_bull+cross_group_return_up,409,84,1.36359416,1.15762948,4,2,0.43327677,0.33333333
h4,12,ichimoku_bull+pin_bull+mtf_trend_bull+cross_group_bull,242,58,1.36222541,1.02926331,4,3,0.44866071,0.28571429
h4,12,pin_bull+mtf_trend_bull,829,199,1.36184274,1.22845220,4,4,0.57463713,0.50980392
h4,12,volatility+pin_bull+cross_target_relative_up,204,46,1.36140215,1.39685735,4,4,0.64423077,0.50000000
h4,12,sma_stack_bull+atr_expand+mtf_volatility,359,49,1.35853487,1.29013650,5,3,0.44222222,0.16666667
h4,12,pin_bull+cross_target_relative_up,625,136,1.35476116,1.43770113,4,4,0.60509291,0.48000000
h4,12,sma_stack_bull+pin_bull+mtf_price200_bull,504,92,1.35296915,1.08185341,4,4,0.51208978,0.44000000
h4,12,volatility+pin_bull+mtf_price200_bull+cross_target_relative_up,152,39,1.35179019,1.42581930,3,3,0.71421911,0.61538462
h4,12,ichimoku_bull+pin_bull+mtf_price200_bull+cross_group_bull,296,73,1.35018426,0.99332078,4,3,0.40882353,0.23529412
h4,12,ichimoku_bull+pin_bull+cross_group_bull,338,75,1.34941694,1.12603166,4,3,0.40310458,0.23529412
h4,12,sma_stack_bull+pin_bull+mtf_trend_bull,436,89,1.34647516,1.05667710,4,4,0.51208978,0.44000000
h4,12,pin_bull+elliott_pullback_bull+cross_group_return_up,163,31,1.34367927,1.87001686,4,4,0.58387446,0.45454545
h4,12,ichimoku_bull+pin_bull,710,134,1.33886021,1.25115644,4,4,0.47928571,0.40000000
h4,12,ichimoku_cloud_bull+atr_expand+mtf_volatility+cross_group_bull,205,30,1.33273252,1.14450901,2,2,0.41428571,0.40000000
h4,12,ichimoku_bull+pin_bull+mtf_price200_bull,617,131,1.33207202,1.13378402,4,4,0.48273399,0.41379310
h4,12,sma_stack_bull+stoch_recover_up+atr_expand,156,23,1.33160285,1.30700103,2,2,0.70000000,0.60000000
h4,12,pin_bull+mtf_price200_bull+cross_target_relative_up,475,122,1.33099342,1.30233317,4,4,0.58950893,0.42857143
h4,12,ichimoku_cloud_bull+pin_bull+mtf_trend_bull+cross_target_relative_up,254,65,1.32453683,1.48585380,4,4,0.54853480,0.38461538
h4,12,ichimoku_bull+pin_bull+cross_target_relative_up,356,66,1.31290056,1.31826828,4,3,0.49285714,0.33333333
h4,12,ichimoku_cloud_bull+stoch_recover_up+atr_expand+mtf_price200_bull,179,29,1.31187300,1.25472099,2,2,0.63333333,0.60000000
h4,12,sma_stack_bull+stoch_cross_up+elliott_pullback_bull+mtf_trend_bull,255,61,1.31048792,0.97014509,8,2,0.31845238,0.12500000
h4,12,sma_stack_bull+pin_bull+cross_target_relative_up,245,48,1.30868085,1.23662405,4,3,0.42381403,0.14285714
h4,12,sma_stack_bull+horizontal_break_up+mtf_volatility+cross_group_bull,316,64,1.30760175,1.02658990,5,4,0.53111111,0.13333333
h4,12,atr_expand+mtf_volatility,1172,172,1.30621170,1.29883227,11,8,0.47323476,0.25000000
h4,12,ichimoku_bull+atr_expand+mtf_volatility,479,72,1.30102324,1.14613936,6,4,0.46746032,0.16666667
h4,12,ichimoku_bull+pin_bull+mtf_trend_bull,495,102,1.30002334,1.15091314,4,4,0.48444414,0.38888889
h4,12,sma_stack_bull+horizontal_break_up+mtf_volatility+cross_group_return_up,365,68,1.29908604,0.95699058,5,4,0.53333333,0.11111111
h4,12,stoch_recover_up+atr_expand+mtf_price200_bull,298,50,1.29566084,1.15229478,5,5,0.65047619,0.50000000
h4,12,pin_bull+mtf_trend_bull+cross_target_relative_up,373,95,1.29543739,1.31849115,4,4,0.55881618,0.38461538
h4,12,sma_stack_bull+stoch_cross_up+atr_expand+mtf_trend_bull,292,43,1.29135339,1.04560082,6,2,0.31111111,0.10000000
h4,12,ichimoku_cloud_bull+atr_expand+mtf_volatility,569,93,1.28968183,1.41156111,8,4,0.46885580,0.12500000
h4,12,ichimoku_bull+pin_bull+mtf_price200_bull+cross_target_relative_up,305,65,1.28813356,1.13378402,4,3,0.49285714,0.33333333
h4,12,ichimoku_cloud_bull+atr_expand+mtf_volatility+cross_group_return_up,242,36,1.28758292,1.12028660,3,2,0.32380952,0.14285714
h4,12,ichimoku_bull+stoch_cross_up+elliott_pullback_bull+mtf_trend_bull,306,69,1.28392398,0.89826616,8,2,0.37005321,0.16666667
h4,12,atr_expand+mtf_volatility+cross_group_return_up,505,77,1.28322262,1.11021660,8,4,0.37633929,0.00000000
h4,12,sma_stack_bull+volatility+horizontal_break_up+mtf_volatility,227,39,1.28314383,1.35928107,4,2,0.56805556,0.22222222
h4,12,sma_stack_bull+pin_bull+mtf_price200_bull+cross_target_relative_up,229,47,1.28179731,1.14170384,4,3,0.42381403,0.14285714
h4,12,sma_stack_bull+stoch_cross_up+elliott_pullback_bull+cross_target_relative_up,194,37,1.28027257,0.99686519,2,1,0.25000000,0.00000000
h4,12,sma_stack_bull+pin_bull+mtf_trend_bull+cross_target_relative_up,197,45,1.27223764,1.06936448,4,3,0.42381403,0.14285714
h4,12,sma_stack_bull+horizontal_break_up+mtf_volatility+cross_target_relative_up,359,67,1.27048168,1.17630093,5,3,0.41311594,0.12500000
h4,12,sma_stack_bull+stoch_cross_up+elliott_pullback_bull+mtf_price200_bull,336,70,1.27008859,1.00274833,8,3,0.32400794,0.10000000
h4,12,ichimoku_cloud_bull+volatility+inside_2+mtf_trend_bull,194,32,1.26863373,1.66958841,4,4,0.69722222,0.55555556
h4,12,sma_stack_bull+engulf_bull+mtf_volatility+cross_target_relative_up,203,29,1.26800306,1.34434391,3,2,0.48240741,0.22222222
h4,12,sma_stack_bull+volatility+engulf_bull+mtf_volatility,212,26,1.26742593,1.10278212,2,2,0.82857143,0.80000000
h4,12,sma_stack_bull+elliott_pullback_bull+mtf_volatility+cross_group_bull,591,84,1.26459657,1.04739123,8,5,0.45803381,0.00000000
h4,12,stoch_recover_up+atr_expand+mtf_trend_bull,243,43,1.26370040,1.23511597,4,4,0.60000000,0.42857143
h4,12,ichimoku_cloud_bull+volatility+inside_2+mtf_price200_bull,236,34,1.26291295,1.61321270,4,4,0.69722222,0.55555556
h4,12,atr_expand+mtf_volatility+cross_target_relative_up,514,70,1.26075374,1.33670560,9,6,0.43084416,0.20000000
h4,12,sma_stack_bull+stoch_cross_up+mtf_volatility+cross_target_relative_up,484,88,1.25959199,1.36835006,6,3,0.37540191,0.12500000
h4,12,sma_stack_bull+elliott_wave5_bull+mtf_volatility+cross_group_bull,372,68,1.25643172,1.17630093,5,4,0.51307190,0.17647059
h4,12,ichimoku_cloud_bull+horizontal_break_up+mtf_volatility+cross_target_relative_up,381,60,1.25638393,1.27948522,5,1,0.29949495,0.11111111
h4,12,ichimoku_bull+stoch_cross_up+elliott_pullback_bull+mtf_price200_bull,426,92,1.25617525,0.95726558,10,5,0.38745754,0.10000000
h4,12,volatility+inside_2+mtf_trend_bull,293,49,1.25612099,1.48585380,5,5,0.67500000,0.50000000
h4,12,stoch_cross_up+engulf_bull+elliott_impulse_bull+mtf_price200_bull,169,27,1.25589299,0.86943981,2,1,0.37142857,0.14285714
h4,12,ichimoku_cloud_bull+horizontal_break_up+mtf_trend_bull+cross_group_bull,720,154,1.25440848,1.08219685,7,4,0.40455516,0.19047619
h4,12,sma_stack_bull+elliott_impulse_bull+mtf_volatility+cross_group_bull,429,73,1.25265406,1.19497237,5,4,0.52571637,0.21052632
h4,12,ichimoku_cloud_bull+horizontal_break_up+mtf_trend_bull+cross_group_return_up,853,178,1.25205555,1.06203169,7,3,0.37568675,0.17241379
h4,12,atr_expand+mtf_volatility+cross_group_bull,422,71,1.25203046,1.07207173,8,5,0.39047619,0.00000000
h4,12,stoch_cross_up+volatility+elliott_pullback_bull+mtf_trend_bull,188,35,1.24907057,0.73807117,2,2,0.55000000,0.50000000
h4,12,ichimoku_cloud_bull+engulf_bull+mtf_volatility+cross_target_relative_up,333,55,1.24762790,1.37235108,5,5,0.59777778,0.50000000
h4,12,stoch_cross_up+engulf_bull+mtf_volatility+cross_target_relative_up,453,71,1.24610114,1.47037616,9,6,0.50568783,0.28571429
h4,12,sma_stack_bull+stoch_cross_up+atr_expand+mtf_price200_bull,348,47,1.24575739,1.09788086,6,2,0.31111111,0.10000000
d1,1,volatility+pin_bull,166,36,1.94704810,2.23054323,4,4,0.40922619,0.33333333
d1,1,pin_bull+mtf_volatility,161,27,1.86062406,1.57803425,3,3,0.43333333,0.30000000
d1,1,sma_stack_bull+adx_up3+volatility+mtf_volatility,200,57,1.85254503,1.21480386,7,4,0.22142857,0.00000000
d1,1,pin_bull+mtf_macd_rising,316,61,1.83358551,1.99574920,4,4,0.35202429,0.30769231
d1,1,adx25+pin_bull+mtf_macd_rising,155,24,1.83092989,2.31086750,3,3,0.46825397,0.33333333
d1,1,adx25+pin_bull,204,36,1.71961314,1.91591923,4,4,0.37013889,0.25000000
d1,1,trend_bull+pin_bull+mtf_macd_rising,172,48,1.71871447,2.20582807,4,4,0.36423160,0.28571429
d1,1,adx_up3+atr_expand+mtf_volatility,218,59,1.71766327,2.48120171,6,3,0.23009259,0.00000000
d1,1,trend_bull+adx_up3+volatility+mtf_volatility,206,47,1.70291787,1.38167253,6,2,0.17361111,0.00000000
d1,1,price200_bull+pin_bull+mtf_macd_rising,230,55,1.69659536,2.04009919,4,4,0.33401892,0.27272727
d1,1,pin_bull+cross_target_relative_up,179,30,1.69554223,1.99574920,4,4,0.35158730,0.20000000
d1,1,adx_up3+atr_expand,229,60,1.68679191,2.41590693,6,3,0.21818783,0.00000000
d1,1,sma_stack_bull+adx25+atr_expand,155,45,1.67835240,1.40876414,4,3,0.31458333,0.12500000
d1,1,trend_bull+pin_bull,246,64,1.66636121,1.66917206,4,4,0.36578012,0.35294118
d1,1,pin_bull+cross_group_return_up,211,42,1.64388387,1.41365569,4,3,0.26186869,0.11111111
d1,1,sma_stack_bull+pin_bull,195,63,1.63727384,1.72182284,4,4,0.35460434,0.33333333
d1,1,price200_bull+pin_bull,327,81,1.62725994,1.65800703,4,4,0.32464349,0.29411765
d1,1,pin_bull+cross_group_bull,185,37,1.61924580,1.38834727,4,3,0.29387626,0.12500000
d1,1,sma_stack_bull+adx_up3+volatility,297,82,1.56601701,1.15543375,7,3,0.20470958,0.00000000
d1,1,trend_bull+pin_bull+mtf_price200_bull,204,48,1.56504117,1.64355817,4,4,0.35968198,0.33333333
d1,1,price200_bull+pin_bull+cross_group_return_up,179,40,1.56342205,1.10110301,4,3,0.24943182,0.12500000
d1,1,pin_bull+mtf_price200_bull,270,53,1.56203561,1.69501987,4,4,0.34640360,0.30769231
d1,1,price200_bull+pin_bull+cross_group_bull,159,35,1.56176016,1.10110301,4,3,0.28097944,0.14285714
d1,1,adx_up3+volatility+mtf_volatility,546,120,1.55930842,1.67544378,11,9,0.34725754,0.16666667
d1,1,sma_stack_bull+adx25+bb_expand+mtf_volatility,253,70,1.55793881,1.01478773,7,5,0.31147459,0.00000000
d1,1,price200_bull+adx_up3+volatility+mtf_volatility,278,60,1.54544167,1.53519169,6,3,0.23630952,0.12500000
d1,1,price200_bull+pin_bull+mtf_price200_bull,243,53,1.54094894,1.67385417,4,4,0.34640360,0.30769231
d1,1,sma_stack_bull+atr_expand+mtf_volatility,238,83,1.54019925,1.91259299,6,4,0.27272727,0.00000000
d1,1,pin_bull+mtf_price200_bull+cross_group_return_up,164,32,1.53817958,1.36851374,4,3,0.27976190,0.16666667
d1,1,adx25+atr_expand+mtf_volatility,303,67,1.53500677,1.44373347,8,7,0.31840278,0.12500000
d1,1,sma_stack_bull+pin_bull+mtf_price200_bull,150,44,1.52407960,1.74628055,4,4,0.37753913,0.33333333
d1,1,sma_stack_bull+adx_up3+mtf_volatility,339,98,1.52314943,0.84819341,8,5,0.26369724,0.00000000
d1,1,sma_stack_bull+adx25+volatility+mtf_volatility,428,89,1.51953634,0.85064720,7,4,0.32064135,0.00000000
d1,1,adx25+atr_expand+mtf_macd_rising,169,43,1.51599430,1.79617428,5,3,0.35666667,0.16666667
d1,1,sma_stack_bull+adx_up3+bb_expand+mtf_volatility,248,83,1.49398793,1.05039432,7,5,0.26256759,0.00000000
d1,1,sma_stack_bull+volatility+mtf_volatility,784,148,1.49317704,1.11474280,10,7,0.29397884,0.00000000
d1,1,sma_stack_bull+atr_expand,251,84,1.49183503,1.95501963,6,4,0.27034632,0.00000000
d1,1,trend_bull+adx25+atr_expand+mtf_volatility,164,46,1.49011147,1.43693943,4,2,0.28541667,0.12500000
d1,1,sma_stack_bull+bb_expand+mtf_volatility,477,145,1.48739063,1.43811340,9,7,0.28990035,0.00000000
d1,1,adx25+atr_expand,323,69,1.47656906,1.44373347,8,6,0.31125992,0.12500000
d1,1,adx_up3+volatility+mtf_macd_rising,409,95,1.47448052,1.48071715,10,8,0.29988095,0.12500000
d1,1,price200_bull+pin_bull+mtf_price200_bull+cross_group_return_up,150,32,1.47152513,1.10110301,4,3,0.27976190,0.16666667
d1,1,price200_bull+adx25+atr_expand+mtf_volatility,190,45,1.43141778,1.33049947,3,2,0.31944444,0.12500000
d1,1,trend_bull+adx25+bb_expand+mtf_volatility,313,69,1.42300040,1.06814746,8,5,0.23898810,0.00000000
d1,1,trend_bull+adx_up3+volatility,341,70,1.42174480,1.26559706,7,2,0.21598639,0.00000000
d1,1,adx_up3+volatility+mtf_volatility+cross_target_relative_up,200,33,1.41897066,1.52616116,3,2,0.51428571,0.14285714
d1,1,sma_stack_bull+atr_expand+mtf_price200_bull,150,31,1.41897066,2.11314621,2,0,0.13392857,0.12500000
d1,1,trend_bull+volatility+mtf_volatility,895,147,1.41368586,1.25885719,10,8,0.31807359,0.00000000
d1,1,trend_bull+adx25+atr_expand,176,46,1.41090833,1.43693943,4,2,0.28541667,0.12500000
d1,1,trend_bull+bb_expand+close_near_high+mtf_volatility,179,39,1.40928185,1.75625930,4,4,0.44642857,0.20000000
d1,1,trend_bull+adx25+volatility+mtf_volatility,487,89,1.40828711,1.08340671,7,5,0.33902297,0.00000000
d1,1,rsi_cross50_up+volatility+mtf_macd_rising,185,39,1.40618714,1.99574920,2,1,0.17142857,0.14285714
d1,1,sma_stack_bull+adx_up3+volatility+mtf_price200_bull,222,39,1.40263617,1.07878335,3,1,0.11111111,0.00000000
d1,1,rsi_cross50_up+volatility+close_near_high,166,31,1.40092485,2.05277061,1,1,0.20000000,0.20000000
d1,1,trend_bull+atr_expand+mtf_volatility,283,82,1.39278628,1.72047345,8,6,0.28613782,0.00000000
d1,1,price200_bull+adx25+atr_expand,204,46,1.39114771,1.33049947,3,2,0.31944444,0.12500000
d1,1,adx25+volatility+mtf_volatility,973,163,1.38947967,1.16064847,12,10,0.36422333,0.00000000
d1,1,trend_bull+adx_up3+bb_expand+mtf_macd_rising,247,62,1.38833162,1.12260893,6,5,0.27890212,0.14285714
d1,1,adx_up3+volatility,853,189,1.38163419,1.46167547,12,8,0.29008661,0.00000000
d1,1,price200_bull+adx25+volatility+mtf_volatility,586,99,1.37888219,1.02346113,7,5,0.33683349,0.09090909
d1,1,price200_bull+volatility+mtf_volatility,1080,166,1.37590520,1.29594104,11,8,0.31407057,0.08333333
d1,1,trend_bull+bb_expand+mtf_volatility,604,137,1.37041869,1.36418300,10,7,0.25503340,0.00000000
d1,1,sma_stack_bull+adx25+mtf_volatility,737,159,1.36377778,0.95970453,10,6,0.25771173,0.00000000
d1,1,sma_stack_bull+breakout20_up+close_near_high+elliott_impulse_bull,246,53,1.36192984,1.31227345,6,5,0.26150794,0.00000000
d1,1,sma_stack_bull+breakout_up20+close_near_high+elliott_impulse_bull,246,53,1.36192984,1.31227345,6,5,0.26150794,0.00000000
d1,1,sma_stack_bull+channel_breakout_up+close_near_high+elliott_impulse_bull,246,53,1.36192984,1.31227345,6,5,0.26150794,0.00000000
d1,1,trend_bull+breakout20_up+close_near_high+cross_group_return_up,246,52,1.36192984,1.22405951,6,5,0.29036797,0.00000000
d1,1,trend_bull+breakout_up20+close_near_high+cross_group_return_up,246,52,1.36192984,1.22405951,6,5,0.29036797,0.00000000
d1,1,trend_bull+channel_breakout_up+close_near_high+cross_group_return_up,246,52,1.36192984,1.22405951,6,5,0.29036797,0.00000000
d1,1,sma_stack_bull+adx_up3+bb_expand+mtf_macd_rising,200,68,1.35984689,1.08859047,7,5,0.27358277,0.14285714
d1,1,adx25+volatility+mtf_macd_rising+cross_target_relative_up,326,68,1.35416423,1.04126045,6,4,0.33898509,0.00000000
d1,1,adx25+bb_expand+mtf_volatility,670,135,1.35308148,1.08859047,10,7,0.33476063,0.16666667
d1,1,trend_bull+bb_expand+breakout20_up+close_near_high,263,34,1.34883143,1.28298163,4,3,0.30000000,0.00000000
d1,1,trend_bull+bb_expand+breakout_up20+close_near_high,263,34,1.34883143,1.28298163,4,3,0.30000000,0.00000000
d1,1,trend_bull+bb_expand+channel_breakout_up+close_near_high,263,34,1.34883143,1.28298163,4,3,0.30000000,0.00000000
d1,1,price200_bull+atr_expand+mtf_volatility,323,85,1.34233551,1.67758629,8,4,0.25178571,0.00000000
d1,1,sma_stack_bull+bb_expand+close_near_high+mtf_volatility,150,39,1.34013896,1.81431746,4,3,0.43214286,0.14285714
d1,1,sma_stack_bull+volatility+mtf_macd_rising,855,177,1.33691193,1.21363127,9,5,0.27873364,0.07692308
d1,1,price200_bull+adx_up3+volatility,466,101,1.33641729,1.36695151,9,3,0.20234087,0.00000000
d1,1,price200_bull+adx_up3+volatility+mtf_macd_rising,192,49,1.33439082,1.59659936,5,3,0.25738095,0.12500000
d1,1,trend_bull+breakout20_up+close_near_high+elliott_impulse_bull,370,67,1.33161661,1.25034890,6,5,0.23604497,0.00000000
d1,1,trend_bull+breakout_up20+close_near_high+elliott_impulse_bull,370,67,1.33161661,1.25034890,6,5,0.23604497,0.00000000
d1,1,trend_bull+channel_breakout_up+close_near_high+elliott_impulse_bull,370,67,1.33161661,1.25034890,6,5,0.23604497,0.00000000
d1,1,trend_bull+atr_expand,305,84,1.33109270,1.75896540,8,5,0.27624199,0.00000000
d1,1,price200_bull+adx25+bb_expand+mtf_volatility,388,84,1.33079293,0.96346513,8,4,0.25431548,0.00000000
d1,1,rsi_cross50_up+volatility,261,55,1.32896358,1.99574920,4,1,0.26934524,0.14285714
d1,1,sma_stack_bull+mtf_volatility,1559,346,1.32481760,1.10929981,11,5,0.22196776,0.00000000
d1,1,trend_bull+adx_up3+mtf_volatility,441,101,1.32279956,0.95251667,9,5,0.23206516,0.09090909
d1,1,sma_stack_bull+adx_up3+mtf_macd_rising,307,96,1.32242109,0.81876890,9,6,0.21216837,0.00000000
d1,1,sma_stack_bull+volatility,1655,348,1.32180047,1.15009276,10,5,0.27216128,0.06250000
d1,1,price200_bull+atr_expand,346,89,1.32145630,1.71064217,9,5,0.26682947,0.00000000
d1,1,trend_bull+bb_expand+elliott_impulse_bull+cross_group_bull,191,26,1.32074058,1.30971041,1,0,0.00000000,0.00000000
d1,1,adx25+bb_expand+close_near_high+mtf_volatility,194,36,1.32063421,0.70438207,4,3,0.38333333,0.00000000
d1,1,trend_bull+bb_expand+breakout20_up,409,53,1.32028648,1.10241385,4,2,0.28571429,0.00000000
d1,1,trend_bull+bb_expand+breakout_up20,409,53,1.32028648,1.10241385,4,2,0.28571429,0.00000000
d1,1,trend_bull+bb_expand+channel_breakout_up,409,53,1.32028648,1.10241385,4,2,0.28571429,0.00000000
d1,1,trend_bull+bb_expand+breakout20_up+mtf_price200_bull,409,53,1.32028648,1.10241385,4,2,0.28571429,0.00000000
d1,1,trend_bull+bb_expand+breakout_up20+mtf_price200_bull,409,53,1.32028648,1.10241385,4,2,0.28571429,0.00000000
d1,1,trend_bull+bb_expand+channel_breakout_up+mtf_price200_bull,409,53,1.32028648,1.10241385,4,2,0.28571429,0.00000000
d1,1,adx_up3+bb_expand+close_near_high+mtf_macd_rising,317,69,1.31800640,1.25106666,7,5,0.17448980,0.00000000
d1,1,adx_up3+bb_expand+mtf_volatility,759,171,1.31386173,1.25606593,12,9,0.26510507,0.00000000
d1,1,trend_bull+adx_up3+bb_expand+mtf_volatility,312,77,1.31386173,1.04695040,8,4,0.26073232,0.00000000
d1,1,trend_bull+bb_expand+close_near_high+elliott_impulse_bull,234,30,1.31386173,1.44373347,4,3,0.30000000,0.00000000
d1,1,sma_stack_bull+volatility+mtf_price200_bull,1213,238,1.31277858,1.14735379,8,4,0.24512254,0.00000000
d1,1,price200_bull+volatility+mtf_macd_rising,1245,250,1.31069579,1.18194856,11,7,0.24002329,0.00000000
d1,1,trend_bull+bb_expand+retest_up,407,51,1.30740540,1.08506753,4,2,0.31071429,0.00000000
d1,1,trend_bull+bb_expand+breakout20_up+retest_up,407,51,1.30740540,1.08506753,4,2,0.31071429,0.00000000
d1,1,trend_bull+bb_expand+breakout_up20+retest_up,407,51,1.30740540,1.08506753,4,2,0.31071429,0.00000000
d1,1,trend_bull+bb_expand+channel_breakout_up+retest_up,407,51,1.30740540,1.08506753,4,2,0.31071429,0.00000000
d1,1,trend_bull+bb_expand+retest_up+mtf_price200_bull,407,51,1.30740540,1.08506753,4,2,0.31071429,0.00000000
d1,1,rsi_cross50_up+volatility+mtf_price200_bull,199,42,1.30725941,1.64866239,3,1,0.36984127,0.14285714
d1,1,trend_bull+atr_expand+mtf_price200_bull,184,35,1.30672117,1.81431746,3,1,0.22261905,0.12500000
d1,1,trend_bull+bb_expand+breakout20_up+elliott_impulse_bull,365,47,1.30666248,1.06439957,4,2,0.31071429,0.00000000
d1,1,trend_bull+bb_expand+breakout_up20+elliott_impulse_bull,365,47,1.30666248,1.06439957,4,2,0.31071429,0.00000000
d1,1,trend_bull+bb_expand+channel_breakout_up+elliott_impulse_bull,365,47,1.30666248,1.06439957,4,2,0.31071429,0.00000000
d1,1,trend_bull+breakout20_up+close_near_high,435,80,1.30480061,1.16922681,6,4,0.20897436,0.00000000
d1,1,trend_bull+breakout_up20+close_near_high,435,80,1.30480061,1.16922681,6,4,0.20897436,0.00000000
d1,1,trend_bull+channel_breakout_up+close_near_high,435,80,1.30480061,1.16922681,6,4,0.20897436,0.00000000
d1,1,trend_bull+breakout20_up+close_near_high+mtf_price200_bull,435,80,1.30480061,1.16922681,6,4,0.20897436,0.00000000
d1,3,volatility+pin_bull,166,36,1.52254539,1.51912250,4,4,0.68898810,0.62500000
d1,3,pin_bull+mtf_volatility,161,27,1.45769874,1.34530662,3,3,0.78888889,0.70000000
d1,3,sma_stack_bull+adx_up3+volatility+mtf_volatility,200,57,1.44424306,1.34739561,7,4,0.45634921,0.00000000
d1,3,pin_bull+mtf_di_bull,189,26,1.43278081,1.37733773,3,2,0.62010582,0.40000000
d1,3,sma_stack_bull+pin_bull,195,63,1.41955514,1.37733773,4,4,0.62845763,0.57142857
d1,3,trend_bull+pin_bull,246,64,1.39434035,1.35229523,4,4,0.64285289,0.53846154
d1,3,trend_bull+adx_up3+volatility+mtf_volatility,206,47,1.39244038,1.43031226,6,3,0.46296296,0.00000000
d1,3,pin_bull+cross_group_return_up,211,42,1.38796397,1.24821232,4,4,0.60934343,0.54545455
d1,3,price200_bull+pin_bull+mtf_di_bull,155,25,1.38471333,1.29863272,3,2,0.61547619,0.40000000
d1,3,pin_bull+mtf_price200_bull+cross_group_return_up,164,32,1.38210930,1.23960396,4,4,0.57341270,0.50000000
d1,3,price200_bull+pin_bull+cross_group_return_up,179,40,1.37835115,1.13986571,4,4,0.58636364,0.50000000
d1,3,sma_stack_bull+pin_bull+mtf_price200_bull,150,44,1.37737995,1.37733773,4,3,0.54318598,0.42857143
d1,3,price200_bull+pin_bull+mtf_price200_bull+cross_group_return_up,150,32,1.37737995,1.13986571,4,4,0.57341270,0.50000000
d1,3,adx_up3+atr_expand+mtf_volatility,218,59,1.37100036,1.73097850,6,4,0.44120370,0.00000000
d1,3,pin_bull+cross_group_bull,185,37,1.36617587,1.25756924,4,4,0.62594697,0.54545455
d1,3,price200_bull+pin_bull,327,81,1.36179901,1.43031226,4,4,0.64594474,0.52941176
d1,3,adx_up3+atr_expand,229,60,1.35770060,1.68542644,6,3,0.42929894,0.00000000
d1,3,price200_bull+pin_bull+cross_group_bull,159,35,1.34987777,1.13986571,4,4,0.59866522,0.50000000
d1,3,trend_bull+pin_bull+mtf_price200_bull,204,48,1.34709490,1.33682780,4,4,0.58981296,0.54545455
d1,3,sma_stack_bull+adx25+atr_expand,155,45,1.34588959,1.21529800,4,4,0.72638889,0.55555556
d1,3,pin_bull+cross_target_relative_up,179,30,1.34473283,1.44620462,4,4,0.64206349,0.44444444
d1,3,pin_bull+mtf_price200_bull,270,53,1.34469133,1.47167593,4,4,0.59240759,0.53846154
d1,3,adx_up3+volatility+mtf_volatility,546,120,1.33726209,1.53037526,11,8,0.60902734,0.16666667
d1,3,price200_bull+pin_bull+mtf_price200_bull,243,53,1.33726209,1.43287555,4,4,0.59240759,0.53846154
d1,3,price200_bull+adx_up3+volatility+mtf_volatility,278,60,1.32764150,1.48328679,6,4,0.54113757,0.25000000
d1,3,adx25+pin_bull,204,36,1.32742928,1.40488449,4,4,0.73819444,0.62500000
d1,3,adx25+volatility+inside_bar+mtf_volatility,202,30,1.32071182,1.52704836,1,0,0.20000000,0.20000000
d1,3,sma_stack_bull+adx_up3+volatility,297,82,1.31700054,1.52232065,7,4,0.49515088,0.00000000
d1,3,adx_up3+volatility+mtf_volatility+cross_target_relative_up,200,33,1.30383054,1.51912250,3,3,0.79047619,0.57142857
d1,3,sma_stack_bull+volatility+inside_bar+mtf_volatility,166,34,1.29295522,1.23960396,2,1,0.51428571,0.42857143
d1,3,trend_bull+adx_up3+volatility,341,70,1.28824222,1.56210255,7,4,0.53117914,0.16666667
d1,3,sma_stack_bull+atr_expand+mtf_volatility,238,83,1.28107461,1.42037954,6,5,0.55749459,0.00000000
d1,3,sma_stack_bull+adx_up3+volatility+mtf_price200_bull,222,39,1.27401321,1.50762644,3,2,0.40740741,0.00000000
d1,3,trend_bull+adx25+atr_expand+mtf_volatility,164,46,1.27202979,1.15696370,4,4,0.72083333,0.50000000
d1,3,sma_stack_bull+adx25+volatility+mtf_volatility,428,89,1.27008654,0.91446194,7,4,0.50636206,0.00000000
d1,3,trend_bull+adx25+atr_expand,176,46,1.26508033,1.15696370,4,4,0.72083333,0.50000000
d1,3,sma_stack_bull+close_near_high+elliott_impulse_bull+cross_group_bull,162,38,1.26296975,0.96176169,4,4,0.77291667,0.62500000
d1,3,price200_bull+adx25+atr_expand,204,46,1.25859962,1.11908691,3,3,0.68518519,0.55555556
d1,3,price200_bull+volatility+nr7,212,53,1.25841409,1.35766148,5,5,0.88285714,0.70000000
d1,3,price200_bull+adx_up3+volatility+close_near_high,166,31,1.25670413,1.31473147,1,1,0.62500000,0.62500000
d1,3,price200_bull+adx25+atr_expand+mtf_volatility,190,45,1.25632254,1.11908691,3,3,0.68518519,0.55555556
d1,3,sma_stack_bull+atr_expand,251,84,1.25468216,1.43355560,6,5,0.55035173,0.00000000
d1,3,adx25+atr_expand+mtf_volatility,303,67,1.25120067,1.18685486,8,6,0.57986111,0.20000000
d1,3,trend_bull+adx_up3+volatility+mtf_price200_bull,279,48,1.25098712,1.54950495,5,2,0.36825397,0.00000000
d1,3,sma_stack_bull+adx_up3+bb_expand+close_near_high,170,39,1.25073337,1.10678925,3,3,0.61851852,0.50000000
d1,3,price200_bull+volatility+inside_bar+mtf_volatility,225,34,1.24811129,1.50255026,1,1,0.50000000,0.50000000
d1,3,adx_up3+volatility+inside_bar,169,45,1.24626497,1.35359053,4,2,0.47321429,0.00000000
d1,3,trend_bull+volatility+close_near_high+cross_target_relative_up,211,26,1.24536493,1.29125413,2,2,0.57142857,0.57142857
d1,3,sma_stack_bull+adx25+bb_expand+mtf_volatility,253,70,1.24476373,0.91044359,7,5,0.57828131,0.00000000
d1,3,price200_bull+adx_up3+volatility,466,101,1.24399810,1.41507301,9,7,0.55098605,0.11111111
d1,3,sma_stack_bull+adx25+inside_bar+mtf_volatility,168,29,1.24174337,1.03300330,1,1,0.80000000,0.80000000
d1,3,trend_bull+bb_expand+elliott_impulse_bull+cross_group_bull,191,26,1.23924288,0.83931518,1,0,0.20000000,0.20000000
d1,3,sma_stack_bull+adx_up3+mtf_volatility,339,98,1.23667158,0.85222772,8,6,0.54311418,0.00000000
d1,3,adx25+atr_expand,323,69,1.23582890,1.18685486,8,6,0.59057540,0.20000000
d1,3,adx_up3+bb_expand+inside_bar+mtf_volatility,156,36,1.23439578,1.37733773,4,3,0.65833333,0.40000000
d1,3,trend_bull+volatility+inside_bar+mtf_volatility,187,27,1.23357065,1.37733773,1,1,0.50000000,0.50000000
d1,3,sma_stack_bull+volatility+mtf_volatility,784,148,1.23321491,1.13537300,10,6,0.46663492,0.00000000
d1,3,adx25+volatility+elliott_pullback_bull+mtf_di_bull,241,44,1.23183479,1.19610908,4,3,0.59444444,0.33333333
d1,3,sma_stack_bull+elliott_wave5_bull+cross_group_bull,202,40,1.23134034,0.85561890,5,3,0.47333333,0.20000000
d1,3,sma_stack_bull+elliott_wave5_bull+mtf_price200_bull+cross_group_bull,202,40,1.23134034,0.85561890,5,3,0.47333333,0.20000000
d1,3,volatility+nr7,378,80,1.23113018,1.26255959,11,11,0.78225108,0.50000000
d1,3,adx_up3+volatility,853,189,1.22987352,1.36763817,12,11,0.61380074,0.11111111
d1,3,sma_stack_bull+adx_up3+bb_expand+mtf_volatility,248,83,1.22941837,0.97863471,7,5,0.52499564,0.00000000
d1,3,sma_stack_bull+elliott_wave5_bull+mtf_di_bull+cross_group_bull,196,39,1.22809784,0.86083608,5,3,0.48666667,0.20000000
d1,3,volatility+inside_bar+mtf_volatility,361,57,1.22798444,1.59645965,7,3,0.50340136,0.20000000
d1,3,trend_bull+atr_expand+mtf_volatility,283,82,1.22621736,1.31796973,8,5,0.54287587,0.20000000
d1,3,price200_bull+volatility+nr7+mtf_price200_bull,167,30,1.22515629,1.37733773,2,2,0.85000000,0.70000000
d1,3,trend_bull+adx_up3+bb_expand+close_near_high,231,41,1.22437633,1.10187019,3,3,0.62380952,0.50000000
d1,3,adx_up3+inside_bar+mtf_volatility,213,50,1.22425403,1.23960396,5,4,0.63166667,0.33333333
d1,3,price200_bull+volatility+inside_bar+mtf_price200_bull,354,56,1.22393480,1.22082208,6,3,0.37272727,0.00000000
d1,3,trend_bull+adx25+volatility+mtf_volatility,487,89,1.22330649,1.00348892,7,4,0.52983858,0.16666667
d1,3,sma_stack_bull+volatility+inside_bar+mtf_price200_bull,246,44,1.22310557,1.09624840,5,2,0.41298701,0.00000000
d1,3,sma_stack_bull+elliott_impulse_bull+cross_group_bull,228,54,1.22289099,0.84518452,6,4,0.56250000,0.16666667
d1,3,sma_stack_bull+adx_up3+volatility+mtf_di_bull,187,29,1.22284394,1.49607375,2,1,0.61666667,0.40000000
d1,3,sma_stack_bull+volatility+close_near_high,435,106,1.22198088,1.18057520,8,6,0.48272196,0.00000000
d1,3,sma_stack_bull+elliott_impulse_bull+mtf_di_bull+cross_group_bull,220,53,1.22177127,0.84957281,6,4,0.57260101,0.16666667
d1,3,sma_stack_bull+volatility+close_near_high+mtf_volatility,202,39,1.22141018,1.25047768,4,4,0.59166667,0.50000000
d1,3,trend_bull+volatility+elliott_wave5_bull+mtf_di_bull,184,27,1.22097843,0.94691969,2,1,0.37500000,0.25000000
d1,3,trend_bull+volatility+nr7,171,38,1.21995840,1.30081897,4,3,0.73333333,0.40000000
d1,3,sma_stack_bull+elliott_impulse_bull+mtf_price200_bull+cross_group_bull,227,54,1.21944164,0.84518452,6,4,0.56250000,0.16666667
d1,3,sma_stack_bull+volatility+close_near_high+cross_target_relative_up,163,27,1.21830319,1.25436115,3,3,0.60317460,0.57142857
d1,3,sma_stack_bull+volatility+close_near_high+mtf_price200_bull,364,79,1.21786369,1.14778144,6,4,0.48184524,0.20000000
d1,3,adx_up3+volatility+close_near_high,249,55,1.21642516,1.25976012,5,5,0.73642857,0.60000000
d1,3,adx25+volatility+mtf_volatility,973,163,1.21631752,1.09893968,12,9,0.59557628,0.00000000
d1,3,trend_bull+volatility+close_near_high+mtf_volatility,236,36,1.21543525,1.29125413,3,3,0.62222222,0.60000000
d1,3,trend_bull+volatility+close_near_high,548,109,1.21524913,1.18417452,9,6,0.46743827,0.00000000
d1,3,trend_bull+bb_expand+close_near_high+mtf_price200_bull,393,63,1.21476480,1.08219393,6,4,0.47023810,0.20000000
d1,3,adx25+inside_bar+mtf_volatility,380,49,1.21409321,1.24672812,5,4,0.67047619,0.28571429
d1,3,price200_bull+volatility+inside_bar,504,99,1.21388374,1.29469747,10,7,0.53611111,0.14285714
d1,3,trend_bull+volatility+inside_bar+mtf_price200_bull,296,48,1.21302322,1.11246509,5,3,0.42727273,0.00000000
d1,3,price200_bull+volatility+close_near_high+cross_target_relative_up,296,45,1.21302322,1.21529800,4,4,0.62063492,0.44444444
d1,3,trend_bull+bb_expand+close_near_high+mtf_di_bull,376,53,1.21100463,1.11246509,7,3,0.38520408,0.12500000
d1,3,trend_bull+bb_expand+close_near_high+mtf_volatility,179,39,1.21025955,1.19828383,4,4,0.80119048,0.57142857
d1,3,sma_stack_bull+volatility+inside_bar,335,71,1.20952362,1.13045644,7,5,0.52465986,0.12500000
d1,3,price200_bull+volatility+close_near_high,755,153,1.20884951,1.17515972,11,7,0.45841034,0.00000000
d1,3,price200_bull+volatility+inside_bar+mtf_di_bull,259,36,1.20818274,1.22843636,3,2,0.71111111,0.33333333
d1,3,trend_bull+volatility+elliott_wave5_bull,186,28,1.20784963,0.90904290,2,1,0.36538462,0.23076923
d1,3,trend_bull+volatility+elliott_wave5_bull+mtf_price200_bull,186,28,1.20784963,0.90904290,2,1,0.36538462,0.23076923
d1,3,trend_bull+volatility+close_near_high+mtf_price200_bull,463,91,1.20440236,1.16892479,8,5,0.43261409,0.00000000
d1,3,trend_bull+atr_expand,305,84,1.20353588,1.33064832,8,5,0.52933421,0.20000000
d1,3,trend_bull+adx_up3+volatility+mtf_di_bull,235,34,1.20353588,1.54950495,3,1,0.54444444,0.40000000
d1,3,sma_stack_bull+elliott_wave5_bull+mtf_di_bull+cross_group_return_up,210,49,1.20353588,0.89394516,6,3,0.50128205,0.20000000
d1,3,sma_stack_bull+atr_expand+mtf_price200_bull,150,31,1.20353588,1.33682780,2,2,0.73214286,0.71428571
d1,3,sma_stack_bull+bb_expand+close_near_high+mtf_price200_bull,267,56,1.20203334,1.04677668,6,4,0.50820106,0.20000000
d1,3,sma_stack_bull+bb_expand+elliott_impulse_bull,232,40,1.20180666,0.78105128,4,3,0.54285714,0.10000000
d1,3,sma_stack_bull+bb_expand+elliott_impulse_bull+mtf_price200_bull,232,40,1.20180666,0.78105128,4,3,0.54285714,0.10000000
d1,3,trend_bull+volatility+mtf_volatility,895,147,1.20129466,1.17603453,10,6,0.51082251,0.16666667
d1,3,trend_bull+close_near_high+elliott_pullback_bull,172,45,1.20120345,1.16447645,4,4,0.74469697,0.60000000
d1,3,volatility+inside_bar+close_near_high,229,41,1.20003214,0.99738250,3,2,0.68571429,0.40000000
d1,3,sma_stack_bull+inside_bar+mtf_volatility,321,72,1.19978655,1.09376820,7,5,0.50484436,0.12500000
d1,3,trend_bull+bb_expand+close_near_high,460,85,1.19917525,1.11564356,7,5,0.52458335,0.20000000
d1,3,price200_bull+nr7+elliott_pullback_bull,184,44,1.19917525,1.10858891,4,3,0.69732143,0.20000000
d1,3,price200_bull+atr_expand+mtf_volatility,323,85,1.19856773,1.40727986,8,7,0.55168651,0.14285714
d1,3,sma_stack_bull+elliott_wave5_bull+cross_group_return_up,216,51,1.19796396,0.88274827,6,3,0.48852814,0.20000000
d1,3,sma_stack_bull+elliott_wave5_bull+mtf_price200_bull+cross_group_return_up,216,51,1.19796396,0.88274827,6,3,0.48852814,0.20000000
d1,3,trend_bull+bb_expand+elliott_wave5_bull+cross_group_return_up,196,23,1.19739539,0.86340574,2,1,0.48333333,0.16666667
d1,3,sma_stack_bull+bb_expand+elliott_impulse_bull+mtf_di_bull,228,40,1.19649766,0.81071145,4,3,0.54285714,0.10000000
d1,5,sma_stack_bull+volatility+nr4+mtf_volatility,155,31,1.35615712,1.10747457,2,2,0.91666667,0.83333333
d1,5,pin_bull+mtf_volatility,161,27,1.32601737,1.23625068,3,3,0.82222222,0.80000000
d1,5,pin_bull+mtf_di_bull,189,26,1.31203941,1.28233897,3,2,0.66772487,0.40000000
d1,5,trend_bull+volatility+nr4+mtf_volatility,174,25,1.31188960,1.20294651,2,2,0.90000000,0.80000000
d1,5,volatility+nr4+mtf_di_bull+cross_target_relative_up,162,22,1.30769490,1.19326485,1,1,1.00000000,1.00000000
d1,5,volatility+pin_bull,166,36,1.30586289,1.41691599,4,4,0.74107143,0.71428571
d1,5,price200_bull+volatility+nr4+mtf_volatility,211,32,1.29976773,1.29205366,2,2,0.91666667,0.83333333
d1,5,rci_bull+volatility+nr4+cross_target_relative_up,158,27,1.29922588,1.20118396,1,1,1.00000000,1.00000000
d1,5,nr4+elliott_pullback_bull+mtf_volatility,171,24,1.29649066,1.05713482,1,1,1.00000000,1.00000000
d1,5,price200_bull+pin_bull+mtf_di_bull,155,25,1.29258725,1.13911670,3,2,0.66309524,0.40000000
d1,5,sma_stack_bull+pin_bull,195,63,1.28851226,1.20519291,4,4,0.72902661,0.64705882
d1,5,price200_bull+rci_bull+pin_bull,202,52,1.28450989,1.27033848,4,3,0.69290415,0.53846154
d1,5,rci_bull+pin_bull,237,52,1.28190286,1.34362723,4,3,0.69290415,0.53846154
d1,5,sma_stack_bull+volatility+nr4+mtf_di_bull,176,23,1.27832015,1.09165350,1,1,1.00000000,1.00000000
d1,5,price200_bull+pin_bull+cross_group_return_up,179,40,1.27524463,1.03109701,4,4,0.71306818,0.62500000
d1,5,price200_bull+volatility+nr4+mtf_di_bull,298,50,1.27299721,1.22405084,6,6,0.88174603,0.80000000
d1,5,volatility+nr4+mtf_volatility,364,53,1.27227051,1.36127082,5,5,0.86666667,0.66666667
d1,5,price200_bull+pin_bull+cross_group_bull,159,35,1.27039777,1.03109701,4,4,0.73886183,0.62500000
d1,5,pin_bull+cross_group_bull,185,37,1.26939284,1.15562564,4,4,0.75820707,0.66666667
d1,5,pin_bull+cross_group_return_up,211,42,1.26863557,1.14208315,4,4,0.73030303,0.66666667
d1,5,trend_bull+pin_bull,246,64,1.26838247,1.20815408,4,4,0.72703535,0.69230769
d1,5,price200_bull+volatility+nr4+mtf_di_strong_bull,206,26,1.26753990,1.24590889,1,1,1.00000000,1.00000000
d1,5,trend_bull+rci_bull+pin_bull,162,42,1.26714622,1.18657990,4,3,0.65714286,0.50000000
d1,5,price200_bull+pin_bull,327,81,1.26054311,1.25229817,4,4,0.75167112,0.72727273
d1,5,sma_stack_bull+rci_bull+volatility+nr4,212,42,1.25490511,1.24590889,3,3,0.72701808,0.57142857
d1,5,trend_bull+volatility+nr4+mtf_di_bull,219,27,1.25228763,1.10747457,2,2,0.90000000,0.80000000
d1,5,trend_bull+rci_bull+volatility+nr4,265,52,1.25180658,1.28828674,3,3,0.76094276,0.66666667
d1,5,trend_bull+volatility+nr4+mtf_di_strong_bull,150,16,1.24808835,1.16900093,1,1,1.00000000,1.00000000
d1,5,pin_bull+cross_target_relative_up,179,30,1.24772137,1.27359575,4,3,0.75555556,0.55555556
d1,5,price200_bull+rci_bull+volatility+nr4,345,70,1.24713633,1.27785527,5,4,0.71773525,0.50000000
d1,5,sma_stack_bull+elliott_wave5_bull+mtf_di_strong_bull+cross_group_bull,187,35,1.24703451,0.89312465,4,3,0.54523810,0.20000000
d1,5,sma_stack_bull+rci_bull+elliott_wave5_bull+cross_group_bull,190,36,1.23598777,0.94135338,4,2,0.52222222,0.20000000
d1,5,sma_stack_bull+nr4+mtf_volatility,319,66,1.23552715,1.05388709,8,8,0.78456439,0.60000000
d1,5,volatility+nr4+mtf_di_strong_bull,309,39,1.23299479,1.17669173,3,3,0.83809524,0.71428571
d1,5,rci_bull+volatility+nr4+mtf_di_strong_bull,236,24,1.23166613,1.18201613,1,1,1.00000000,1.00000000
d1,5,trend_bull+bb_expand+elliott_impulse_bull+cross_group_bull,191,26,1.22951663,0.90847523,1,0,0.40000000,0.40000000
d1,5,sma_stack_bull+elliott_wave5_bull+cross_group_bull,202,40,1.22760123,0.92289547,5,4,0.54666667,0.20000000
d1,5,volatility+nr4+cross_target_relative_up,257,51,1.22687366,1.17262013,4,4,0.89155844,0.80000000
d1,5,sma_stack_bull+elliott_wave5_bull+mtf_di_bull+cross_group_bull,196,39,1.22328745,0.91712738,5,4,0.56000000,0.20000000
d1,5,volatility+nr4+mtf_di_bull,454,70,1.22262306,1.16123547,8,8,0.84404762,0.66666667
d1,5,sma_stack_bull+retest_up+elliott_wave5_bull+cross_group_bull,168,35,1.22189100,0.89900877,5,3,0.50000000,0.20000000
d1,5,sma_stack_bull+rci_bull+nr4+mtf_volatility,191,33,1.22091861,1.00299584,2,2,0.92857143,0.85714286
d1,5,price200_bull+volatility+nr4+cross_target_relative_up,152,30,1.22086204,1.10747457,1,1,0.90909091,0.90909091
d1,5,sma_stack_bull+retest_up+elliott_impulse_bull+cross_group_bull,178,45,1.21782719,0.90443756,5,2,0.52301587,0.16666667
d1,5,trend_bull+nr4+mtf_volatility,409,70,1.21660909,1.08059412,8,8,0.81095779,0.60000000
d1,5,sma_stack_bull+elliott_impulse_bull+mtf_di_strong_bull+cross_group_bull,208,47,1.21587554,0.92644507,6,4,0.62962963,0.16666667
d1,5,sma_stack_bull+rci_bull+elliott_impulse_bull+cross_group_bull,207,49,1.21381590,0.94192425,6,4,0.61836219,0.16666667
d1,5,volatility+nr4+mtf_di_bull+cross_group_return_up,195,36,1.21271742,1.10747457,3,3,0.93333333,0.80000000
d1,5,sma_stack_bull+elliott_wave5_bull+mtf_di_strong_bull+cross_group_return_up,198,44,1.21093101,0.90462032,5,3,0.59909091,0.20000000
d1,5,price200_bull+volatility+nr4,576,127,1.20885750,1.16284830,10,8,0.78910744,0.50000000
d1,5,price200_bull+volatility+nr7,212,53,1.20842715,1.13911670,5,5,0.91142857,0.70000000
d1,5,sma_stack_bull+volatility+nr4,385,86,1.20713945,1.07104448,7,5,0.68170223,0.33333333
d1,5,bb_expand+nr4+mtf_volatility,290,55,1.20618338,1.32415438,6,6,0.75793651,0.60000000
d1,5,rci_bull+nr4+mtf_di_strong_bull+cross_group_bull,222,47,1.20577525,1.05288075,3,2,0.56746032,0.28571429
d1,5,trend_bull+bb_expand+retest_up+cross_group_bull,202,29,1.20321180,0.87946510,1,0,0.33333333,0.33333333
d1,5,sma_stack_bull+elliott_impulse_bull+cross_group_bull,228,54,1.20285523,0.95142133,6,4,0.62037037,0.16666667
d1,5,price200_bull+bb_expand+nr4+mtf_volatility,153,33,1.20214908,1.31148304,1,1,0.80000000,0.80000000
d1,5,sma_stack_bull+elliott_impulse_bull+mtf_di_bull+cross_group_bull,220,53,1.20180756,0.94704601,6,4,0.63047138,0.16666667
d1,5,rci_bull+volatility+nr4+mtf_di_bull,325,44,1.19755845,1.23332395,3,3,0.82222222,0.66666667
d1,5,rci_bull+volatility+nr4+mtf_volatility,166,21,1.19704098,1.31751285,1,1,1.00000000,1.00000000
d1,5,sma_stack_bull+rci_bull+elliott_wave5_bull+cross_group_return_up,202,46,1.19508199,0.93751560,5,3,0.56102564,0.20000000
d1,5,trend_bull+volatility+nr4,455,90,1.19467103,1.10103576,7,5,0.72102184,0.40000000
d1,5,trend_bull+bb_expand+nr4+mtf_di_bull,242,33,1.19434291,1.21624439,2,2,0.71666667,0.60000000
d1,5,sma_stack_bull+atr_expand+mtf_volatility,238,83,1.19371563,1.34973463,6,5,0.72949134,0.20000000
d1,5,sma_stack_bull+retest_up+mtf_di_strong_bull+cross_group_bull,182,45,1.19106175,0.85798854,5,3,0.52500000,0.14285714
d1,5,price200_bull+bb_expand+nr4+mtf_di_strong_bull,298,46,1.19033505,1.20571828,2,1,0.58928571,0.42857143
d1,5,sma_stack_bull+volatility+mtf_volatility,784,148,1.18977272,1.12244044,10,8,0.67668783,0.11111111
d1,5,trend_bull+rci_bull+nr4+mtf_volatility,261,43,1.18919488,1.07174958,2,2,0.92857143,0.85714286
d1,5,sma_stack_bull+elliott_wave5_bull+mtf_di_bull+cross_group_return_up,210,49,1.18865557,0.92644507,6,5,0.60256410,0.20000000
d1,5,bb_expand+nr4+mtf_di_strong_bull+cross_group_return_up,152,26,1.18844978,1.21624439,1,0,0.42857143,0.42857143
d1,5,price200_bull+bb_expand+elliott_impulse_bull+cross_group_bull,242,31,1.18755688,0.86136911,1,0,0.40000000,0.40000000
d1,5,sma_stack_bull+elliott_wave5_bull+cross_group_return_up,216,51,1.18604887,0.92121748,6,5,0.58463203,0.20000000
d1,5,price200_bull+volatility+elliott_impulse_bull+cross_group_bull,169,32,1.18550902,1.10747457,3,3,0.73333333,0.60000000
d1,5,price200_bull+nr4+mtf_volatility,513,89,1.18444826,1.14799193,10,10,0.77312771,0.57142857
d1,5,rci_bull+nr4+mtf_di_bull+cross_group_bull,293,69,1.18262368,1.06250098,7,4,0.56507937,0.28571429
d1,5,rci_bull+volatility+elliott_impulse_bull+cross_group_bull,189,28,1.18170437,1.07754282,2,2,0.70000000,0.60000000
d1,5,trend_bull+volatility+nr7,171,38,1.18124705,1.10747457,4,3,0.73333333,0.40000000
d1,5,price200_bull+bb_expand+nr4+mtf_di_bull,337,61,1.17928073,1.23468449,8,4,0.46815476,0.00000000
d1,5,price200_bull+bb_expand+nr4,478,113,1.17841418,1.23052730,11,8,0.62224442,0.00000000
d1,5,sma_stack_bull+retest_up+elliott_wave5_bull+cross_group_return_up,177,42,1.17831713,0.88362333,5,2,0.48202020,0.20000000
d1,5,sma_stack_bull+nr4+elliott_pullback_bull,198,53,1.17775482,0.97718344,5,4,0.71333333,0.40000000
d1,5,sma_stack_bull+bb_expand+nr4+mtf_di_bull,152,27,1.17764569,1.19607253,1,1,0.83333333,0.83333333
d1,5,trend_bull+rci_bull+elliott_wave5_bull+cross_group_bull,300,50,1.17692541,0.91203788,5,3,0.56095238,0.33333333
d1,5,sma_stack_bull+retest_up+cross_group_bull,194,51,1.17664325,0.87342067,5,2,0.49718615,0.14285714
d1,5,trend_bull+rci_bull+bb_expand+nr4,261,44,1.17661081,1.19490677,3,3,0.74074074,0.66666667
d1,5,nr7+mtf_volatility,298,52,1.17380262,1.01706848,4,4,0.77051282,0.61538462
d1,5,rci_bull+volatility+nr4,508,89,1.17347718,1.26646844,9,9,0.74318625,0.66666667
d1,5,trend_bull+bb_expand+elliott_wave5_bull+cross_group_return_up,196,23,1.17301536,0.89259144,2,1,0.56666667,0.33333333
d1,5,trend_bull+atr_expand+mtf_volatility,283,82,1.17218638,1.37479602,8,6,0.72143794,0.20000000
d1,5,sma_stack_bull+rci_bull+retest_up+cross_group_bull,192,48,1.17179347,0.89312465,5,2,0.50432900,0.14285714
d1,5,price200_bull+bb_expand+nr4+cross_group_return_up,171,48,1.17164341,1.20118396,4,1,0.44880952,0.20000000
d1,5,rci_bull+volatility+elliott_wave5_bull+cross_group_bull,157,23,1.17152108,1.03825741,1,1,0.60000000,0.60000000
d1,5,rci_bull+bb_expand+elliott_impulse_bull+cross_group_bull,258,31,1.17119673,0.85038226,1,0,0.40000000,0.40000000
d1,5,sma_stack_bull+atr_expand,251,84,1.17114602,1.35609131,6,5,0.73107864,0.20000000
d1,5,sma_stack_bull+bb_expand+mtf_volatility,477,145,1.17055621,1.06268699,9,8,0.68212746,0.12500000
d1,5,sma_stack_bull+retest_up+elliott_impulse_bull+cross_group_return_up,188,55,1.17051959,0.91203788,7,4,0.56586033,0.16666667
d1,5,bb_expand+retest_up+elliott_impulse_bull+cross_group_bull,254,32,1.17024446,0.84992234,1,0,0.40000000,0.40000000
d1,5,price200_bull+nr7+mtf_volatility,153,36,1.16994866,0.99672711,2,2,0.83333333,0.66666667
d1,5,trend_bull+rci_bull+elliott_impulse_bull+cross_group_bull,333,66,1.16878828,0.91291823,6,4,0.59788360,0.28571429
d1,5,volatility+nr4+elliott_pullback_bull,211,45,1.16745605,1.26022968,3,3,0.94444444,0.83333333
d1,5,sma_stack_bull+bb_expand+mtf_di_strong_bull+cross_group_bull,204,48,1.16726529,0.89449869,5,4,0.66595238,0.30000000
d1,5,price200_bull+volatility+nr4+cross_group_return_up,190,49,1.16684160,1.11612671,5,5,0.79919192,0.60000000
d1,5,sma_stack_bull+retest_up+mtf_di_strong_bull+cross_group_return_up,190,57,1.16684160,0.90318314,7,5,0.56785714,0.25000000
d1,5,sma_stack_bull+rci_bull+elliott_impulse_bull+cross_group_return_up,221,62,1.16664605,0.95556434,7,5,0.61614338,0.16666667
d1,5,bb_expand+elliott_impulse_bull+cross_group_bull,262,32,1.16585191,0.84015312,1,0,0.40000000,0.40000000
d1,5,price200_bull+rci_bull+bb_expand+nr4,361,73,1.16456705,1.19266492,8,4,0.48601190,0.00000000
d1,5,sma_stack_bull+retest_up+mtf_di_bull+cross_group_bull,189,49,1.16432636,0.87526216,5,3,0.51642857,0.14285714
d1,5,trend_bull+bb_expand+elliott_impulse_bull+cross_group_return_up,213,34,1.16420398,0.88909930,2,1,0.54166667,0.25000000
d1,5,sma_stack_bull+rci_bull+bb_expand+elliott_impulse_bull,230,40,1.16383524,0.78801075,4,3,0.63452381,0.30000000
d1,5,price200_bull+bb_expand+retest_up+cross_group_bull,254,34,1.16377902,0.85924751,1,0,0.33333333,0.33333333
d1,5,sma_stack_bull+rci_bull+nr4+mtf_di_strong_bull,278,47,1.16373251,0.95598041,5,2,0.50857143,0.40000000
d1,5,sma_stack_bull+elliott_impulse_bull+mtf_di_strong_bull+cross_group_return_up,223,60,1.16354708,0.95339115,7,4,0.60714286,0.16666667
d1,5,sma_stack_bull+rci_bull+bb_expand+retest_up,247,43,1.16351726,0.79197309,3,2,0.50360750,0.27272727
d1,10,pin_bull+mtf_volatility,161,27,1.22348295,1.20393755,3,3,0.91111111,0.83333333
d1,10,sma_stack_bull+volatility+nr4+mtf_volatility,155,31,1.21676513,0.96499819,2,2,0.91666667,0.83333333
d1,10,volatility+nr4+mtf_di_bull+cross_target_relative_up,162,22,1.21593059,1.13209398,1,1,1.00000000,1.00000000
d1,10,sma_stack_bull+adx_up3+volatility+mtf_volatility,200,57,1.20144290,1.12541988,7,5,0.82448980,0.40000000
d1,10,sma_stack_bull+volatility+nr4+mtf_di_bull,176,23,1.19858535,1.08988030,1,1,1.00000000,1.00000000
d1,10,adx_up3+atr_expand+mtf_volatility,218,59,1.19836688,1.21506926,6,3,0.59854497,0.25000000
d1,10,adx_up3+volatility+nr4,209,59,1.19649649,1.20665319,6,6,0.96296296,0.88888889
d1,10,pin_bull+cross_target_relative_up,179,30,1.18630195,1.18070366,4,3,0.81111111,0.66666667
d1,10,sma_stack_bull+pin_bull,195,63,1.18209946,1.17536111,4,4,0.80727416,0.70588235
d1,10,price200_bull+volatility+nr4+mtf_di_bull,298,50,1.18137823,1.12334154,6,6,0.88174603,0.80000000
d1,10,ema200_rising+volatility+nr4+mtf_di_bull,298,50,1.18137823,1.12334154,6,6,0.88174603,0.80000000
d1,10,adx_up3+volatility+mtf_volatility,546,120,1.17954080,1.17733984,11,10,0.84670128,0.63636364
d1,10,adx_up3+atr_expand,229,60,1.17740673,1.18309375,6,3,0.61044974,0.25000000
d1,10,volatility+pin_bull,166,36,1.16979941,1.28221212,4,4,0.74107143,0.71428571
d1,10,pin_bull+mtf_di_bull,189,26,1.16788470,1.19504419,3,2,0.66772487,0.40000000
d1,10,price200_bull+volatility+nr4+mtf_di_strong_bull,206,26,1.16644942,1.08988030,1,1,1.00000000,1.00000000
d1,10,ema200_rising+volatility+nr4+mtf_di_strong_bull,206,26,1.16644942,1.08988030,1,1,1.00000000,1.00000000
d1,10,volatility+nr4+mtf_di_bull+cross_group_return_up,195,36,1.16060674,1.12541988,3,3,0.93333333,0.80000000
d1,10,price200_bull+pin_bull+cross_group_bull,159,35,1.15979570,1.22141758,4,4,0.80136183,0.71428571
d1,10,ema200_rising+pin_bull+cross_group_bull,159,35,1.15979570,1.22141758,4,4,0.80136183,0.71428571
d1,10,price200_bull+volatility+nr4+mtf_volatility,211,32,1.15867138,1.09744892,2,2,0.91666667,0.83333333
d1,10,ema200_rising+volatility+nr4+mtf_volatility,211,32,1.15867138,1.09744892,2,2,0.91666667,0.83333333
d1,10,pin_bull+cross_group_bull,185,37,1.15537878,1.27350144,4,4,0.81376263,0.72727273
d1,10,price200_bull+pin_bull+cross_group_return_up,179,40,1.15508347,1.22141758,4,3,0.76306818,0.62500000
d1,10,ema200_rising+pin_bull+cross_group_return_up,179,40,1.15508347,1.22141758,4,3,0.76306818,0.62500000
d1,10,price200_bull+pin_bull+mtf_di_bull,155,25,1.15367361,1.16772890,3,2,0.66309524,0.40000000
d1,10,ema200_rising+pin_bull+mtf_di_bull,155,25,1.15367361,1.16772890,3,2,0.66309524,0.40000000
d1,10,price200_bull+pin_bull,327,81,1.15350823,1.21563572,4,4,0.81088458,0.76470588
d1,10,ema200_rising+pin_bull,327,81,1.15350823,1.21563572,4,4,0.81088458,0.76470588
d1,10,nr4+elliott_pullback_bull+mtf_volatility,171,24,1.15193424,1.07336697,1,1,1.00000000,1.00000000
d1,10,sma_stack_bull+elliott_wave5_bull+mtf_di_strong_bull+cross_group_bull,187,35,1.15049252,0.89358466,4,2,0.67261905,0.40000000
d1,10,pin_bull+cross_group_return_up,211,42,1.14542942,1.24882118,4,3,0.77575758,0.66666667
d1,10,volatility+nr4+mtf_di_strong_bull,309,39,1.14384381,1.09744892,3,3,0.93333333,0.80000000
d1,10,volatility+nr4+mtf_di_bull,454,70,1.14162309,1.11104303,8,8,0.88571429,0.71428571
d1,10,sma_stack_bull+elliott_wave5_bull+cross_group_bull,202,40,1.14113562,0.92199470,5,3,0.68000000,0.40000000
d1,10,sma_stack_bull+elliott_wave5_bull+mtf_di_bull+cross_group_bull,196,39,1.14042990,0.90823359,5,3,0.69555556,0.40000000
d1,10,volatility+nr4+mtf_volatility,364,53,1.13604364,1.17313505,5,5,0.90000000,0.83333333
d1,10,sma_stack_bull+retest_up+elliott_wave5_bull+cross_group_bull,168,35,1.13092632,0.89754849,5,2,0.64500000,0.40000000
d1,10,price200_bull+adx_up3+volatility+mtf_volatility,278,60,1.13068702,1.15275801,6,4,0.82440476,0.57142857
d1,10,ema200_rising+adx_up3+volatility+mtf_volatility,278,60,1.13068702,1.15275801,6,4,0.82440476,0.57142857
d1,10,sma_stack_bull+nr4+mtf_volatility,319,66,1.12988361,0.98147823,8,6,0.84914773,0.60000000
d1,10,sma_stack_bull+elliott_impulse_bull+mtf_di_strong_bull+cross_group_bull,208,47,1.12836766,0.91696660,6,4,0.71759259,0.33333333
d1,10,sma_stack_bull+volatility+mtf_volatility,784,148,1.12795645,1.06778814,10,7,0.79598942,0.50000000
d1,10,adx_up3+volatility,853,189,1.12515510,1.11290594,12,11,0.83340197,0.33333333
d1,10,sma_stack_bull+adx_up3+volatility,297,82,1.12420662,1.18309375,7,5,0.83516484,0.50000000
d1,10,sma_stack_bull+elliott_impulse_bull+mtf_di_bull+cross_group_bull,220,53,1.12397143,0.92945400,6,4,0.71043771,0.33333333
d1,10,sma_stack_bull+retest_up+elliott_impulse_bull+cross_group_bull,178,45,1.12233038,0.90823359,5,2,0.63214286,0.33333333
d1,10,sma_stack_bull+elliott_wave5_bull+mtf_di_strong_bull+cross_group_return_up,198,44,1.12185472,0.89024876,5,4,0.75196970,0.40000000
d1,10,sma_stack_bull+elliott_impulse_bull+cross_group_bull,228,54,1.12129769,0.94126026,6,4,0.69907407,0.33333333
d1,10,price200_bull+volatility+nr4+cross_target_relative_up,152,30,1.12129769,1.05014509,1,1,0.90909091,0.90909091
d1,10,ema200_rising+volatility+nr4+cross_target_relative_up,152,30,1.12129769,1.05014509,1,1,0.90909091,0.90909091
d1,10,sma_stack_bull+atr_expand+mtf_volatility,238,83,1.12114322,1.16367428,6,5,0.84345238,0.40000000
d1,10,price200_bull+volatility+nr7,212,53,1.12025721,1.08988030,5,5,0.96000000,0.80000000
d1,10,ema200_rising+volatility+nr7,212,53,1.12025721,1.08988030,5,5,0.96000000,0.80000000
d1,10,volatility+nr4+cross_target_relative_up,257,51,1.11979567,1.09522286,4,4,0.89155844,0.80000000
d1,10,sma_stack_bull+atr_expand,251,84,1.11873447,1.16772890,6,5,0.84345238,0.40000000
d1,10,adx_up3+volatility+mtf_volatility+cross_target_relative_up,200,33,1.11762131,1.20207387,3,3,0.90476190,0.71428571
d1,10,price200_bull+volatility+elliott_pullback_bull+cross_group_bull,179,47,1.11606038,1.07720728,4,3,0.77935606,0.50000000
d1,10,ema200_rising+volatility+elliott_pullback_bull+cross_group_bull,179,47,1.11606038,1.07720728,4,3,0.77935606,0.50000000
d1,10,price200_bull+bb_expand+elliott_impulse_bull+cross_group_bull,242,31,1.11415760,0.92505273,1,0,0.40000000,0.40000000
d1,10,ema200_rising+bb_expand+elliott_impulse_bull+cross_group_bull,242,31,1.11415760,0.92505273,1,0,0.40000000,0.40000000
d1,10,sma_stack_bull+volatility+nr4,385,86,1.11399267,1.02176279,7,4,0.73035199,0.44444444
d1,10,bb_expand+nr4+mtf_volatility,290,55,1.11280397,1.12541988,6,5,0.75793651,0.60000000
d1,10,sma_stack_bull+elliott_wave5_bull+mtf_di_bull+cross_group_return_up,210,49,1.11096880,0.90386708,6,5,0.75213675,0.40000000
d1,10,sma_stack_bull+bb_expand+mtf_volatility,477,145,1.11000649,0.96165909,9,7,0.81399596,0.37500000
d1,10,price200_bull+volatility+nr4,576,127,1.10840481,1.07749530,10,7,0.81355331,0.50000000
d1,10,ema200_rising+volatility+nr4,576,127,1.10840481,1.07749530,10,7,0.81355331,0.50000000
d1,10,price200_bull+volatility+elliott_impulse_bull+cross_group_bull,169,32,1.10770159,0.95869101,3,2,0.80000000,0.60000000
d1,10,ema200_rising+volatility+elliott_impulse_bull+cross_group_bull,169,32,1.10770159,0.95869101,3,2,0.80000000,0.60000000
d1,10,price200_bull+adx_up3+volatility,466,101,1.10622924,1.13840237,9,8,0.82772166,0.33333333
d1,10,ema200_rising+adx_up3+volatility,466,101,1.10622924,1.13840237,9,8,0.82772166,0.33333333
d1,10,sma_stack_bull+elliott_wave5_bull+cross_group_return_up,216,51,1.10597942,0.91649026,6,5,0.74184704,0.40000000
d1,10,adx_up3+volatility+mtf_volatility+cross_group_return_up,163,51,1.10562230,1.09580357,5,2,0.68412698,0.50000000
d1,10,price200_bull+bb_expand+retest_up+cross_group_bull,254,34,1.10552108,0.93955199,1,0,0.33333333,0.33333333
d1,10,ema200_rising+bb_expand+retest_up+cross_group_bull,254,34,1.10552108,0.93955199,1,0,0.33333333,0.33333333
d1,10,bb_expand+retest_up+elliott_impulse_bull+cross_group_bull,254,32,1.10552108,0.91879444,1,0,0.40000000,0.40000000
d1,10,sma_stack_bull+adx_up3+mtf_volatility,339,98,1.10031301,0.85146899,8,7,0.85111607,0.57142857
d1,10,volatility+elliott_pullback_bull+mtf_di_bull+cross_group_bull,160,37,1.10015847,1.11782595,4,3,0.80833333,0.60000000
