timeframe,direction,horizon_bars,conditions,discovery_samples,validation_samples,oos_samples,discovery_lift,validation_lift,oos_lift,oos_wilson95_lower,oos_pairs_n_ge5,oos_pairs_above_oos_base,oos_pair_hit_mean,oos_min_pair_hit
h4,bull,1,adx25+atr_expand,2444,473,347,1.93708668,1.58244000,1.90273613,0.03992031,12,7,0.06101544,0.00000000
h4,bull,1,adx_up3+atr_expand,1626,337,330,1.92460810,1.36680049,2.76294859,0.06188288,12,7,0.07910477,0.00000000
h4,bull,1,volatility+atr_expand,2864,605,491,1.86314595,1.99852212,2.43327307,0.05690261,12,7,0.07781376,0.00000000
h4,bull,1,rsi_cross55_up+breakout20_up,547,136,102,1.79699557,1.69342561,2.46591760,0.04027669,12,6,0.08806217,0.00000000
h4,bull,1,atr_expand+bb_expand,2638,511,470,1.78702786,1.31453129,2.27441549,0.05222650,12,7,0.06752353,0.00000000
h4,bull,1,adx_rising+atr_expand,3127,620,565,1.71285907,1.67157495,2.28151934,0.05393962,12,7,0.07043001,0.00000000
h4,bull,1,di_strong_bull+price200_cross_up,683,145,99,1.67414243,1.45595673,1.58790149,0.02176323,10,4,0.05462213,0.00000000
h4,bull,1,adx25+di_cross_up,681,154,106,1.64960197,1.99399032,0.29660801,0.00166727,11,1,0.01818182,0.00000000
h4,bull,1,rsi_cross55_up+price200_cross_up,381,97,53,1.63220600,1.78071559,1.18643205,0.01041029,5,2,0.06190476,0.00000000
h4,bull,1,bb_upper+price200_cross_up,691,164,106,1.62572930,1.28727881,1.48304007,0.02031407,12,4,0.05105311,0.00000000
h4,bull,1,price200_cross_up+breakout20_up,329,89,62,1.58531549,1.72513770,2.02841609,0.02537291,6,3,0.11666667,0.00000000
h4,bull,1,adx25+volatility,13559,2791,2339,1.55345934,1.49906492,1.77432207,0.04778937,12,6,0.05607093,0.00000000
h4,bull,1,adx_rising+price200_cross_up,755,184,132,1.54105910,1.35596760,1.42911134,0.02099632,11,5,0.05179895,0.00000000
h4,bull,1,rsi60+price200_cross_up,534,114,91,1.54021324,1.17846577,1.38199778,0.01722437,11,3,0.05339105,0.00000000
h4,bull,1,volatility+price200_cross_up,588,155,88,1.53522997,1.60966477,1.78638917,0.02451103,10,4,0.06968254,0.00000000
h4,bull,1,rsi60+rsi_cross55_up,764,166,117,1.52290526,1.27176943,1.07488716,0.01337384,11,3,0.03823954,0.00000000
h4,bull,1,atr_expand,4895,940,740,1.49581685,1.47003755,2.12435469,0.05162519,12,7,0.06895648,0.00000000
h4,bull,1,ema20_slope_up3+price200_cross_up,914,210,154,1.49245405,0.91391223,1.42911134,0.02219003,12,5,0.04856054,0.00000000
h4,bull,1,momentum_bull+price200_cross_up,820,186,128,1.49229346,1.23820367,0.98251404,0.01221827,12,3,0.03823529,0.00000000
h4,bull,1,rsi_cross55_up+bb_expand,444,116,65,1.49097109,1.65449628,1.93479689,0.02418905,7,1,0.04081633,0.00000000
h4,bull,1,trend_bull+atr_expand,2039,334,293,1.48558660,1.55146178,1.82418990,0.03653724,12,6,0.06084779,0.00000000
h4,bull,1,di_strong_bull+rsi_cross55_up,2057,503,286,1.48233905,1.44990449,1.64897462,0.03203824,12,7,0.05811237,0.00000000
h4,bull,1,adx25+breakout20_up,2351,527,366,1.47615420,1.38387469,1.20264014,0.02292002,12,6,0.04589101,0.00000000
h4,bull,1,bb_upper+price20_cross_up,736,189,118,1.47181830,1.21854964,1.59866692,0.02350963,12,4,0.05728114,0.00000000
h4,bull,1,macd_bull+price200_cross_up,983,239,160,1.46932285,0.96362294,1.37551966,0.02135161,12,5,0.05337204,0.00000000
h4,bull,1,volatility+bb_expand,7176,1540,1214,1.45923866,1.69489177,1.63158840,0.04077028,12,6,0.05852675,0.00000000
h4,bull,1,price200_cross_up+body_expand,770,195,122,1.45893369,0.98421317,0.25770860,0.00144839,12,1,0.01388889,0.00000000
h4,bull,1,rsi_up1+breakout20_up,3111,799,594,1.45729234,1.29709195,1.42911134,0.03142459,12,6,0.04659897,0.00000000
h4,bull,1,volatility+macd_cross_up,1035,225,154,1.45364770,1.27947712,0.40831753,0.00356876,12,2,0.01076389,0.00000000
h4,bull,1,adx25+price200_cross_up,504,122,112,1.43288131,1.41581485,0.84215490,0.00915082,10,2,0.01880342,0.00000000
h4,bull,1,rsi_up1+price200_cross_up,1263,347,209,1.42947779,0.99555857,0.90259663,0.01322222,12,4,0.03168981,0.00000000
h4,bull,1,body_bull+breakout20_up,3053,715,578,1.42584127,1.28842452,1.30548579,0.02805944,12,5,0.04756944,0.00000000
h4,bull,1,price200_cross_up+bb_expand,394,120,84,1.42560780,1.11954248,1.49716426,0.01867175,9,2,0.04100529,0.00000000
h4,bull,1,adx_rising+rsi_cross55_up,1281,304,184,1.42505135,1.51517028,1.70872008,0.02978526,12,6,0.04776578,0.00000000
h4,bull,1,body_bull+price200_cross_up,944,254,139,1.42377401,0.98227574,0.90476113,0.01124651,12,3,0.03067130,0.00000000
h4,bull,1,volatility+adx_up3,5205,1109,1092,1.42214502,1.76519387,2.10178829,0.05350279,12,6,0.06145904,0.00000000
h4,bull,1,trend_bull+breakout20_up,2893,752,552,1.42148958,1.25055277,0.62653070,0.01116296,12,5,0.02608065,0.00000000
h4,bull,1,rsi_up1+atr_expand,1669,315,235,1.41828635,1.64504202,1.73925891,0.03261041,12,7,0.05978888,0.00000000
h4,bull,1,breakout20_up+body_expand,2421,610,499,1.41690122,1.16411443,1.19713134,0.02450940,12,4,0.04362827,0.00000000
h4,bull,1,price20_bull+price200_cross_up,1191,289,198,1.41483494,0.99613271,1.27032119,0.02061317,12,5,0.04626924,0.00000000
h4,bull,1,ema20_rising+price200_cross_up,1191,289,198,1.41483494,0.99613271,1.27032119,0.02061317,12,5,0.04626924,0.00000000
h4,bull,1,price200_bull+atr_expand,2609,454,375,1.40706857,1.60639198,1.17377678,0.02236677,12,5,0.04099838,0.00000000
h4,bull,1,ema200_rising+atr_expand,2609,454,375,1.40706857,1.60639198,1.17377678,0.02236677,12,5,0.04099838,0.00000000
h4,bull,1,di_bull+price200_cross_up,942,218,139,1.40550141,1.05644900,1.13095142,0.01546084,12,4,0.04431652,0.00000000
h4,bull,1,bb_bull+price200_cross_up,1123,280,187,1.39332715,0.95960784,1.17691522,0.01824886,12,5,0.04492389,0.00000000
h4,bull,1,volatility+rsi_up1,6002,1298,974,1.39038666,1.28637723,1.32346861,0.03117944,12,6,0.04294013,0.00000000
h4,bull,1,bb_upper+rsi_cross55_up,1965,498,322,1.38840000,1.31030790,1.26933492,0.02374339,12,7,0.03993970,0.00000000
h4,bull,1,volatility+breakout20_up,1720,384,274,1.38789550,1.64932598,1.14746166,0.01994279,12,4,0.03899035,0.00000000
h4,bull,1,adx25+bb_expand,8825,1909,1557,1.38433383,1.18631457,1.09042021,0.02667804,12,5,0.03910493,0.00000000
h4,bull,1,volatility+di_cross_up,1108,258,147,1.37597988,1.26459948,0.64164183,0.00696451,12,3,0.02440476,0.00000000
h4,bull,1,rsi_up1+bb_expand,4039,1063,776,1.36583140,1.11939203,1.17496525,0.02614439,12,7,0.03789298,0.00000000
h4,bull,1,di_strong_bull+rsi_up1,6199,1538,980,1.36561748,1.14803539,1.31536574,0.03098763,12,5,0.03967698,0.00000000
h4,bull,1,di_spread_up3+breakout20_up,3498,843,689,1.35914814,1.27492382,1.46022407,0.03308834,12,7,0.04702098,0.00000000
h4,bull,3,adx_up3+atr_expand,1626,337,330,1.41745659,1.19138452,1.58422841,0.15215703,12,6,0.16462101,0.00000000
h4,bull,3,adx25+volatility,13559,2791,2339,1.29369999,1.30122504,1.36590877,0.15012466,12,7,0.16620076,0.00896861
h4,bull,3,adx25+atr_expand,2444,473,347,1.28457043,1.18321755,1.05223898,0.09582989,12,6,0.12143634,0.00000000
h4,bull,3,volatility+atr_expand,2864,605,491,1.25061437,1.48814160,1.35207157,0.13290576,12,7,0.15794818,0.00000000
h4,bull,3,adx_rising+atr_expand,3127,620,565,1.23108823,1.28533852,1.35123400,0.13468258,12,7,0.15418194,0.00000000
h4,bull,3,adx25+breakout20_up,2351,527,366,1.22145334,1.08506350,0.90692232,0.08129205,12,6,0.12105093,0.00000000
h4,bull,3,trend_bull+breakout20_up,2893,752,552,1.22085254,0.98691536,0.97715951,0.09347039,12,6,0.12036904,0.00000000
h4,bull,3,volatility+adx_up3,5205,1109,1092,1.21112331,1.45362453,1.54263999,0.16393922,12,6,0.17497629,0.00000000
h4,bull,3,atr_expand+bb_expand,2638,511,470,1.20427028,1.19046606,1.41248328,0.13894242,12,6,0.15235922,0.00000000
h4,bull,3,rsi_cross55_up+breakout20_up,547,136,102,1.17294725,1.02879026,1.46441281,0.11464315,12,7,0.19298942,0.00000000
h4,bull,3,adx_up3+breakout20_up,1575,383,266,1.15881911,1.06417719,0.96709969,0.08332819,12,5,0.12301667,0.00000000
h4,bull,3,adx25+body_bull,5348,1181,971,1.14496103,1.07655025,1.19646498,0.12348796,12,6,0.14610878,0.01388889
h4,bull,3,macd_rising+volatility,12514,2729,2101,1.14488079,1.30180888,1.32710233,0.14487356,12,6,0.15863324,0.01234568
h4,bull,3,volatility+macd_accel_up,12514,2729,2101,1.14488079,1.30180888,1.32710233,0.14487356,12,6,0.15863324,0.01234568
h4,bull,3,trend_bull+volatility+body_bull,1653,377,288,1.14182188,1.11338575,1.26780183,0.11581939,12,7,0.16502290,0.00000000
h4,bull,3,volatility,24772,5376,3939,1.13911013,1.23114031,1.24506690,0.13922719,12,5,0.15749220,0.01104972
h4,bull,3,body_bull+breakout20_up,3053,715,578,1.13646738,1.02097033,1.17727304,0.11578373,12,6,0.13949022,0.00000000
h4,bull,3,adx25+bb_expand,8825,1909,1557,1.13430474,1.12169466,1.00731286,0.10609087,12,5,0.13541111,0.00000000
h4,bull,3,rsi_up1+adx_up3,2626,672,560,1.13386607,1.33071784,1.30402474,0.12934848,12,5,0.15493949,0.00000000
h4,bull,3,volatility+bb_expand,7176,1540,1214,1.13367699,1.35886289,1.24406734,0.13094173,12,5,0.16482821,0.00000000
h4,bull,3,volatility+body_bull,4413,915,702,1.13064736,1.26319507,1.32395156,0.13431936,12,7,0.16254618,0.00000000
h4,bull,3,adx_up3+body_expand,3646,874,737,1.12931054,1.14844560,1.49752934,0.15437619,12,7,0.17438530,0.00000000
h4,bull,3,adx_up3+bb_expand,8301,1996,1574,1.12636426,1.12156694,1.11242032,0.11810944,12,5,0.13490029,0.00000000
h4,bull,3,trend_bull+body_bull,4901,1341,1014,1.12610167,0.91181177,0.94931692,0.09624558,12,6,0.10533847,0.00000000
h4,bull,3,volatility+macd_cross_up,1035,225,154,1.12545942,1.16258269,1.18547704,0.09627119,12,7,0.15232572,0.00000000
h4,bull,3,adx_rising+volatility,12036,2669,2084,1.12513840,1.35158709,1.40960273,0.15435418,12,6,0.17321547,0.00561798
h4,bull,3,di_strong_bull+body_bull,5596,1292,897,1.12316108,0.99818552,0.97137751,0.09763274,12,6,0.11971923,0.00000000
h4,bull,3,trend_bull+atr_expand,2039,334,293,1.12118537,1.29315266,1.10455710,0.09892053,12,5,0.12549751,0.00000000
h4,bull,3,price200_bull+breakout20_up,4235,1082,799,1.11345085,0.98389489,0.97627521,0.09711493,12,6,0.12237978,0.00000000
h4,bull,3,ema200_rising+breakout20_up,4235,1082,799,1.11345085,0.98389489,0.97627521,0.09711493,12,6,0.12237978,0.00000000
h4,bull,3,adx_rising+breakout20_up,4122,1002,697,1.11072855,0.98959570,1.07152157,0.10624776,12,6,0.12788362,0.00000000
h4,bull,3,volatility+body_expand,7611,1669,1204,1.11062312,1.25747881,1.29575397,0.13673943,12,6,0.16742938,0.00000000
h4,bull,3,atr_expand,4895,940,740,1.10839369,1.22959946,1.27839281,0.12983646,12,6,0.15210649,0.00000000
h4,bull,3,di_strong_bull+breakout20_up,4648,1121,789,1.10698698,0.97679811,1.02020141,0.10183758,12,6,0.12323521,0.00000000
h4,bull,3,adx25+di_cross_up,681,154,106,1.10679412,1.02704753,0.78286219,0.05205250,11,5,0.11078972,0.00000000
h4,bull,3,volatility+rsi_up1,6002,1298,974,1.10426732,1.27945752,1.33761731,0.13943650,12,7,0.16470474,0.00000000
h4,bull,3,body_bull+adx_up3,2048,501,408,1.10409199,1.21422785,1.30170028,0.12479480,12,7,0.15483290,0.00000000
h4,bull,3,trend_bull+volatility,9265,2286,1512,1.10396756,1.01920246,1.13608216,0.12049594,12,6,0.14433746,0.00000000
h4,bull,3,volatility+di_cross_up,1108,258,147,1.10190688,1.08461609,1.12902575,0.08983087,12,6,0.13818092,0.00000000
h4,bull,3,macd_bull+volatility,12084,2542,1928,1.10108061,1.25877502,1.18793653,0.12822938,12,6,0.15617213,0.01069519
h4,bull,6,adx_up3+atr_expand,1626,337,330,1.34587207,1.33020296,1.17075095,0.22466669,12,5,0.25337280,0.00000000
h4,bull,6,adx25+atr_expand,2444,473,347,1.24238475,1.18653369,0.93825360,0.17606407,12,5,0.21708968,0.01818182
h4,bull,6,adx_rising+atr_expand,3127,620,565,1.22690044,1.34358270,1.09100904,0.21732059,12,6,0.24722099,0.00000000
h4,bull,6,breakout20_up+atr_expand+bb_expand,544,115,74,1.21311719,1.28912651,0.99725369,0.14867187,8,4,0.24841270,0.00000000
h4,bull,6,atr_expand+bb_expand,2638,511,470,1.21194013,1.27098672,1.14528159,0.22601727,12,6,0.24718334,0.01612903
h4,bull,6,volatility+atr_expand,2864,605,491,1.20823621,1.39439757,1.14934474,0.22767508,12,7,0.26371001,0.00000000
h4,bull,6,trend_bull+atr_expand,2039,334,293,1.19568464,1.16249290,1.14080537,0.21570280,12,7,0.25510445,0.00000000
h4,bull,6,price200_bull+atr_expand,2609,454,375,1.18740389,1.22064082,1.08814066,0.20947969,12,6,0.26227779,0.00000000
h4,bull,6,ema200_rising+atr_expand,2609,454,375,1.18740389,1.22064082,1.08814066,0.20947969,12,6,0.26227779,0.00000000
h4,bull,6,rsi_up1+atr_expand,1669,315,235,1.18417489,1.24381708,1.07139245,0.19604966,12,6,0.24982559,0.00000000
h4,bull,6,adx25+volatility,13559,2791,2339,1.18324503,1.23813199,1.23047206,0.26555703,12,8,0.28642385,0.03587444
h4,bull,6,breakout20_up+atr_expand,738,143,93,1.18148488,1.28354588,0.98022279,0.15270154,9,5,0.24291819,0.00000000
h4,bull,6,rsi_cross55_up+breakout20_up,547,136,102,1.17520836,1.16793237,1.27676078,0.21446358,12,7,0.31296296,0.00000000
h4,bull,6,atr_expand,4895,940,740,1.16516572,1.23916796,1.12044385,0.22788553,12,6,0.26200793,0.01041667
h4,bull,6,body_bull+atr_expand,1073,214,154,1.14403438,1.23706233,0.90202320,0.15121020,12,7,0.21620781,0.00000000
h4,bull,6,macd_rising+atr_expand,2308,461,307,1.14077309,1.26335996,1.10292169,0.20862003,12,8,0.27245945,0.00000000
h4,bull,6,macd_accel_up+atr_expand,2308,461,307,1.14077309,1.26335996,1.10292169,0.20862003,12,8,0.27245945,0.00000000
h4,bull,6,volatility+price200_cross_up,588,155,88,1.13397018,1.22971976,1.23323485,0.20044769,10,5,0.27632035,0.09090909
h4,bull,6,rsi_up3+atr_expand,1793,386,234,1.12707168,1.23449847,1.11307350,0.20471220,12,7,0.26260220,0.00000000
h4,bull,6,trend_bull+breakout20_up,2893,752,552,1.11929843,1.03263997,1.00660560,0.19860313,12,6,0.22300194,0.00000000
h4,bull,6,volatility+di_cross_up,1108,258,147,1.11406823,1.06713408,1.12215982,0.19451586,12,5,0.25815747,0.00000000
h4,bull,6,rsi_cross55_up+bb_expand,444,116,65,1.10898040,1.06501113,1.33568820,0.20887031,7,5,0.32108844,0.00000000
h4,bull,6,volatility+adx_up3,5205,1109,1092,1.10825244,1.39407666,1.29593558,0.27213773,12,8,0.28871532,0.00000000
h4,bull,6,di_cross_up+breakout20_up,466,124,123,1.10798882,1.13862941,0.81172921,0.12795837,10,3,0.20653430,0.00000000
h4,bull,6,macd_rising+volatility,12514,2729,2101,1.10772496,1.21193728,1.22316235,0.26294631,12,5,0.27971731,0.01851852
h4,bull,6,volatility+macd_accel_up,12514,2729,2101,1.10772496,1.21193728,1.22316235,0.26294631,12,5,0.27971731,0.01851852
h4,bull,6,adx25+price200_cross_up,504,122,112,1.10586322,1.01263353,1.12400547,0.18675389,10,5,0.24178322,0.00000000
h4,bull,6,volatility+rsi_up1,6002,1298,974,1.10522344,1.21012271,1.24346538,0.25893746,12,7,0.28932593,0.03125000
h4,bull,6,rsi60+atr_expand,1493,281,211,1.10390469,1.20589364,0.88465605,0.15496443,12,5,0.22298581,0.00000000
h4,bull,12,adx_up3+atr_expand,1626,337,330,1.16090645,1.26356361,1.05714229,0.35151767,12,6,0.40345686,0.00000000
h4,bull,12,adx25+volatility,13559,2791,2339,1.10790201,1.12193231,1.10907730,0.40295265,12,7,0.42447251,0.06278027
h4,bull,12,adx25+atr_expand,2444,473,347,1.10309931,1.03454796,0.92976112,0.30598087,12,5,0.38148608,0.01818182
h4,bear,1,breakout20_down+atr_expand+bb_expand,602,107,125,2.29927466,1.43492762,3.52133034,0.06789839,11,7,0.11899489,0.00000000
h4,bear,1,breakout20_down+atr_expand,778,150,144,2.14011321,1.40742484,3.49338327,0.06955939,12,7,0.11522644,0.00000000
h4,bear,1,rsi40+atr_expand,1581,317,298,2.13164885,1.57412012,3.16514592,0.07143038,12,7,0.08852834,0.00000000
h4,bear,1,rsi_cross45_down+breakout20_down,567,144,102,1.98126798,1.33278867,1.84943820,0.02723564,10,4,0.06971612,0.00000000
h4,bear,1,price200_cross_down+breakout20_down,355,101,72,1.97777983,2.28025626,2.62003745,0.03875242,9,4,0.08787879,0.00000000
h4,bear,1,bb_lower+atr_expand,1846,347,334,1.95604599,1.54864666,3.20052479,0.07376414,12,7,0.08974379,0.00000000
h4,bear,1,adx25+atr_expand,2444,473,347,1.93708668,1.58244000,1.90273613,0.03992031,12,7,0.06101544,0.00000000
h4,bear,1,adx_up3+atr_expand,1626,337,330,1.92460810,1.36680049,2.76294859,0.06188288,12,7,0.07910477,0.00000000
h4,bear,1,rsi_cross50_down+bb_expand,308,56,50,1.88879809,0.00000000,5.65928090,0.09770193,5,3,0.22261905,0.00000000
h4,bear,1,di_strong_bear+atr_expand,2257,431,421,1.87537943,1.73664528,2.76317489,0.06443298,12,7,0.07757064,0.00000000
h4,bear,1,volatility+atr_expand,2864,605,491,1.86314595,1.99852212,2.43327307,0.05690261,12,7,0.07781376,0.00000000
h4,bear,1,rsi_cross50_down+atr_expand,493,74,68,1.83106536,0.77806041,3.69887640,0.06083493,8,3,0.10515873,0.00000000
h4,bear,1,macd_bear+atr_expand,2630,500,431,1.80009119,1.61214118,2.62611643,0.06094200,12,7,0.07676446,0.00000000
h4,bear,1,atr_expand+bb_expand,2638,511,470,1.78702786,1.31453129,2.27441549,0.05222650,12,7,0.06752353,0.00000000
h4,bear,1,ema20_slope_down3+atr_expand,2514,494,412,1.76345854,1.63172184,2.74722374,0.06378261,12,7,0.07441918,0.00000000
h4,bear,1,price20_bear+atr_expand,2595,493,429,1.76252683,1.55717297,2.71164715,0.06321880,12,7,0.07771210,0.00000000
h4,bear,1,ema20_falling+atr_expand,2595,493,429,1.76252683,1.55717297,2.71164715,0.06321880,12,7,0.07771210,0.00000000
h4,bear,1,bb_bear+atr_expand,2608,491,429,1.76143308,1.56351583,2.78493492,0.06521413,12,7,0.07905641,0.00000000
h4,bear,1,rsi_cross45_down+atr_expand,491,84,76,1.75681170,1.37086835,4.13690124,0.07306882,9,4,0.14743590,0.00000000
h4,bear,1,di_bear+atr_expand,2674,506,458,1.75546715,1.74474153,2.60859624,0.06104351,12,7,0.07304852,0.00000000
h4,bear,1,volatility+breakout20_down,1855,346,272,1.75190016,2.38515244,3.58328652,0.08146253,12,9,0.10625181,0.00000000
h4,bear,1,di_spread_down3+atr_expand,2256,408,408,1.73393882,1.41118800,2.62003745,0.06024530,12,7,0.07403317,0.00000000
h4,bear,1,adx_rising+atr_expand,3127,620,565,1.71285907,1.67157495,2.28151934,0.05393962,12,7,0.07043001,0.00000000
h4,bear,1,rsi_cross45_down+bb_expand,494,117,106,1.70553484,1.14824870,2.96608014,0.05205250,10,3,0.06588235,0.00000000
h4,bear,1,bb_lower+rsi_cross50_down,931,267,180,1.68067281,1.00633032,2.62003745,0.05114986,12,6,0.06601136,0.00000000
h4,bear,1,rsi40+volatility,6682,1250,1198,1.67519736,2.24164392,2.65065559,0.06987138,12,7,0.06934339,0.00000000
h4,bear,1,macd_falling+atr_expand,2587,479,433,1.65166295,1.36228253,2.75920803,0.06460530,12,7,0.08368610,0.00000000
h4,bear,1,macd_accel_down+atr_expand,2587,479,433,1.65166295,1.36228253,2.75920803,0.06460530,12,7,0.08368610,0.00000000
h4,bear,1,adx25+breakout20_down,2070,395,355,1.64746740,1.99209729,2.30268080,0.05046773,12,6,0.08909398,0.00000000
h4,bear,1,rsi_down3+atr_expand,2211,399,394,1.63313473,1.29871738,2.79293333,0.06456592,12,7,0.08195790,0.00000000
h4,bear,1,body_bear+atr_expand,1132,190,192,1.63034552,1.51517028,3.11129448,0.06427042,12,5,0.10458613,0.00000000
h4,bear,1,price20_cross_down+atr_expand,531,80,69,1.62447184,0.71970588,4.10092819,0.07016628,7,3,0.13333333,0.00000000
h4,bear,1,momentum_bear+atr_expand,1730,334,272,1.62337998,1.55146178,2.42738764,0.05104933,12,6,0.07232301,0.00000000
h4,bear,1,rsi_cross50_down+rsi_cross45_down,1027,242,177,1.60170179,0.87237077,3.37496350,0.06980488,12,6,0.09231177,0.00000000
h4,bear,1,price200_bear+atr_expand,2286,486,365,1.59710480,1.34266118,3.10097584,0.07209580,12,8,0.09291536,0.00000000
h4,bear,1,ema200_falling+atr_expand,2286,486,365,1.59710480,1.34266118,3.10097584,0.07209580,12,8,0.09291536,0.00000000
h4,bear,1,rsi_cross45_down+price200_cross_down,440,115,67,1.59570873,2.16954817,4.69260439,0.08314273,7,2,0.13095238,0.00000000
h4,bear,1,rsi40+rsi_cross45_down,861,190,139,1.58432405,1.71719298,2.71428340,0.05007396,12,6,0.07650139,0.00000000
h4,bear,1,rsi_cross45_down+di_spread_down3,2003,506,347,1.58239314,1.02408742,2.44637503,0.05402404,12,6,0.07283519,0.00000000
h4,bear,1,adx_rising+di_cross_down,368,111,77,1.58084188,0.86451157,2.44990515,0.03620096,8,4,0.08368056,0.00000000
h4,bear,1,volatility+bb_lower,6181,1287,956,1.58055084,1.96842634,2.46656246,0.06304535,12,8,0.07416783,0.00000000
h4,bear,1,momentum_bear+rsi_cross50_down,1023,242,172,1.56874591,0.87237077,2.74189966,0.05356152,12,6,0.07742655,0.00000000
h4,bear,1,bb_lower+di_cross_down,926,243,115,1.55976712,1.26368111,1.91376649,0.02979512,10,4,0.07477273,0.00000000
h4,bear,1,adx25+volatility,13559,2791,2339,1.55345934,1.49906492,1.77432207,0.04778937,12,6,0.05607093,0.00000000
h4,bear,1,rsi_down1+atr_expand,1679,325,264,1.55321261,1.18105581,2.62003745,0.05567443,12,5,0.10212876,0.00000000
h4,bear,1,volatility+rsi_cross45_down,1440,330,202,1.54631774,1.45395128,3.26856158,0.06900682,12,5,0.11250087,0.00000000
h4,bear,1,price200_cross_down+bb_expand,435,112,94,1.52181877,1.88494398,2.67578293,0.04375549,10,4,0.07500000,0.00000000
h4,bear,1,breakout20_down+bb_expand,2572,550,422,1.52090434,1.57026738,2.30960648,0.05223167,12,7,0.07406186,0.00000000
h4,bear,3,breakout20_down+atr_expand+bb_expand,602,107,125,1.52107080,1.08020887,2.05798814,0.18056747,11,8,0.22357920,0.00000000
h4,bear,3,breakout20_down+atr_expand,778,150,144,1.46521069,0.97332505,1.90170275,0.16808992,12,7,0.20485556,0.00000000
h4,bear,3,rsi40+atr_expand,1581,317,298,1.44204164,1.26655073,1.72650012,0.16582624,12,6,0.16667208,0.00000000
h4,bear,3,price200_cross_down+breakout20_down,355,101,72,1.43884524,1.38530174,1.72882068,0.13052055,9,6,0.24736251,0.00000000
h4,bear,3,adx_up3+atr_expand,1626,337,330,1.41745659,1.19138452,1.58422841,0.15215703,12,6,0.16462101,0.00000000
h4,bear,3,bb_lower+atr_expand,1846,347,334,1.35988422,1.26223709,1.71432757,0.16662333,12,5,0.16427708,0.00000000
h4,bear,3,rsi40+volatility,6682,1250,1198,1.34334046,1.64978595,1.66243858,0.17864294,12,5,0.17135552,0.00000000
h4,bear,3,di_strong_bear+atr_expand,2257,431,421,1.30544376,1.49612029,1.59659259,0.15759434,12,4,0.15380256,0.00000000
h4,bear,3,adx25+volatility,13559,2791,2339,1.29369999,1.30122504,1.36590877,0.15012466,12,7,0.16620076,0.00896861
h4,bear,3,momentum_bear+volatility,8704,1840,1478,1.28604978,1.47453455,1.38679959,0.14896560,12,6,0.15671180,0.00000000
h4,bear,3,adx25+atr_expand,2444,473,347,1.28457043,1.18321755,1.05223898,0.09582989,12,6,0.12143634,0.00000000
h4,bear,3,rsi_cross45_down+breakout20_down,567,144,102,1.27439340,0.97163525,1.54576908,0.12262080,10,7,0.20323565,0.00000000
h4,bear,3,adx25+price200_cross_down,484,114,117,1.27414372,1.65422568,1.34759356,0.10649806,11,6,0.15501166,0.00000000
h4,bear,3,di_strong_bear+volatility,10790,2284,2039,1.27296286,1.41960992,1.52210833,0.16722551,12,6,0.16082998,0.00000000
h4,bear,3,ema20_slope_down3+atr_expand,2514,494,412,1.25871389,1.31763386,1.55090321,0.15220664,12,5,0.15171586,0.00000000
h4,bear,3,volatility+atr_expand,2864,605,491,1.25061437,1.48814160,1.35207157,0.13290576,12,7,0.15794818,0.00000000
h4,bear,3,macd_bear+atr_expand,2630,500,431,1.25056641,1.26532256,1.50178762,0.14749726,12,6,0.15312632,0.00000000
h4,bear,3,body_bear+adx_up3,2018,426,402,1.25015092,0.79968020,1.48626972,0.14471344,12,7,0.17474359,0.00000000
h4,bear,3,price20_bear+atr_expand,2595,493,429,1.24822986,1.33264585,1.52813241,0.15032969,12,6,0.15493445,0.00000000
h4,bear,3,ema20_falling+atr_expand,2595,493,429,1.24822986,1.33264585,1.52813241,0.15032969,12,6,0.15493445,0.00000000
h4,bear,3,volatility+bb_lower,6181,1287,956,1.24562786,1.40856092,1.61453044,0.17070993,12,6,0.18892919,0.00000000
h4,bear,3,price20_bear+price200_bear+volatility,8818,1737,1482,1.24257992,1.50943831,1.55103912,0.16788054,12,7,0.16920613,0.00000000
h4,bear,3,bb_bear+atr_expand,2608,491,429,1.23723090,1.31329500,1.54747585,0.15246425,12,6,0.15564042,0.00000000
h4,bear,3,volatility+ema20_slope_down3,12964,2778,2131,1.23391312,1.34454099,1.45639553,0.15994151,12,6,0.16158001,0.00000000
h4,bear,3,volatility+breakout20_down,1855,346,272,1.23239729,1.51202952,2.10509342,0.20564458,12,6,0.25115365,0.00000000
h4,bear,3,di_bear+atr_expand,2674,506,458,1.23231817,1.51480924,1.54008480,0.15265154,12,5,0.15178284,0.00000000
h4,bear,3,price200_cross_down+bb_expand,435,112,94,1.23150954,1.19493030,1.85388430,0.15101916,10,7,0.23343254,0.00000000
h4,bear,3,momentum_bear+atr_expand,1730,334,272,1.23142676,1.42064659,1.46441281,0.13576338,12,5,0.15357254,0.00000000
h4,bear,3,adx_rising+atr_expand,3127,620,565,1.23108823,1.28533852,1.35123400,0.13468258,12,7,0.15418194,0.00000000
h4,bear,3,body_bear+adx_cross25_up,253,51,52,1.23105673,1.07352027,1.11708413,0.06676882,7,3,0.12653061,0.00000000
h4,bear,3,price20_bear+volatility,12908,2748,2099,1.22816697,1.34150968,1.43511060,0.15736149,12,6,0.16095061,0.00000000
h4,bear,3,ema20_falling+volatility,12908,2748,2099,1.22816697,1.34150968,1.43511060,0.15736149,12,6,0.16095061,0.00000000
h4,bear,3,price200_bear+volatility+bb_bear,8515,1676,1407,1.22680912,1.51719074,1.57473815,0.17013192,12,7,0.17315236,0.00000000
h4,bear,3,trend_bear+volatility+body_bear,1526,283,179,1.22460296,1.35422875,1.34442368,0.11523472,11,6,0.22844638,0.00000000
h4,bear,3,di_bear+volatility,13851,2927,2415,1.22325320,1.37377831,1.39851929,0.15412930,12,6,0.15310709,0.00000000
h4,bear,3,volatility+bb_bear,12893,2770,2066,1.21655102,1.32207057,1.43795037,0.15757127,12,6,0.16341520,0.00000000
h4,bear,3,adx25+di_cross_down,676,155,96,1.21634233,1.41289120,0.69152827,0.04283062,12,4,0.07607323,0.00000000
h4,bear,3,adx25+rsi_cross45_down,1076,258,189,1.21572573,1.01388026,1.53672949,0.13627366,12,6,0.19241903,0.00000000
h4,bear,3,volatility+adx_up3,5205,1109,1092,1.21112331,1.45362453,1.54263999,0.16393922,12,6,0.17497629,0.00000000
h4,bear,3,macd_bear+di_bear+volatility+bb_bear,9496,2103,1616,1.21027552,1.33930545,1.41729062,0.15322976,12,6,0.15566352,0.00000000
h4,bear,3,volatility+price200_cross_down,636,140,108,1.20469354,1.60772441,1.76723892,0.14630950,12,7,0.21845238,0.00000000
h4,bear,3,atr_expand+bb_expand,2638,511,470,1.20427028,1.19046606,1.41248328,0.13894242,12,6,0.15235922,0.00000000
h4,bear,3,di_spread_down3+atr_expand,2256,408,408,1.19833769,1.40154036,1.50509095,0.14701158,12,4,0.14570367,0.00000000
h4,bear,3,price200_bear+macd_bear+di_bear+volatility,6379,1308,1062,1.19719930,1.54407452,1.53933412,0.16326948,12,6,0.16691065,0.00000000
h4,bear,3,trend_bear+volatility,8698,1655,1240,1.19526862,1.51438791,1.38528728,0.14721433,12,6,0.16740331,0.00689655
h4,bear,3,price20_bear+price200_bear+macd_bear+volatility,6470,1319,1070,1.19480240,1.50813727,1.53558054,0.16291953,12,6,0.16949352,0.00000000
h4,bear,3,adx25+rsi_cross50_down,1064,246,190,1.19431015,1.03860904,0.87350940,0.06918068,12,4,0.10578704,0.00000000
h4,bear,3,rsi40+price200_cross_down,586,165,122,1.19055371,1.36412980,1.70047936,0.14282958,12,7,0.20370370,0.00000000
h4,bear,3,price200_bear+macd_bear+volatility,6789,1370,1108,1.19004327,1.49639845,1.51287413,0.16068676,12,6,0.16911201,0.00000000
h4,bear,3,volatility+body_bear,4193,840,613,1.18997062,1.21665631,1.46202388,0.14806696,12,6,0.19777649,0.00000000
h4,bear,3,price200_bear+volatility,12178,2298,1910,1.18925660,1.43743337,1.39898704,0.15246525,12,6,0.16452552,0.00450450
h4,bear,3,ema200_falling+volatility,12178,2298,1910,1.18925660,1.43743337,1.39898704,0.15246525,12,6,0.16452552,0.00450450
h4,bear,3,macd_falling+atr_expand,2587,479,433,1.18466964,1.24459622,1.43735669,0.14048060,12,6,0.14715015,0.00000000
h4,bear,3,macd_accel_down+atr_expand,2587,479,433,1.18466964,1.24459622,1.43735669,0.14048060,12,6,0.14715015,0.00000000
h4,bear,6,breakout20_down+atr_expand+bb_expand,602,107,125,1.36319850,1.22056816,1.45857152,0.25918389,11,6,0.29625930,0.00000000
h4,bear,6,adx_up3+atr_expand,1626,337,330,1.34587207,1.33020296,1.17075095,0.22466669,12,5,0.25337280,0.00000000
h4,bear,6,breakout20_down+atr_expand,778,150,144,1.32730794,1.20011540,1.32641259,0.23618327,12,5,0.26393537,0.00000000
h4,bear,6,rsi40+atr_expand,1581,317,298,1.30848230,1.30277882,1.26733503,0.24323461,12,5,0.24630786,0.03571429
h4,bear,6,bb_lower+atr_expand,1846,347,334,1.27438629,1.23083542,1.26070571,0.24433693,12,6,0.24331134,0.03333333
h4,bear,6,di_strong_bear+atr_expand,2257,431,421,1.26805545,1.40043492,1.18578020,0.23279028,12,4,0.22735372,0.00000000
h4,bear,6,ema20_slope_down3+atr_expand,2514,494,412,1.26355686,1.26470842,1.20114679,0.23571446,12,7,0.23959333,0.02777778
h4,bear,6,momentum_bear+atr_expand,1730,334,272,1.24915210,1.36328713,1.19696323,0.22602935,12,6,0.25395826,0.03448276
h4,bear,6,bb_bear+atr_expand,2608,491,429,1.24423660,1.27243576,1.22438085,0.24154844,12,5,0.24671872,0.02857143
h4,bear,6,adx25+atr_expand,2444,473,347,1.24238475,1.18653369,0.93825360,0.17606407,12,5,0.21708968,0.01818182
h4,bear,6,price20_bear+atr_expand,2595,493,429,1.24124608,1.27443349,1.19402430,0.23493970,12,5,0.24172540,0.02702703
h4,bear,6,ema20_falling+atr_expand,2595,493,429,1.24124608,1.27443349,1.19402430,0.23493970,12,5,0.24172540,0.02702703
h4,bear,6,macd_bear+atr_expand,2630,500,431,1.24032922,1.21423440,1.16833980,0.22944517,12,4,0.23503321,0.02941176
h4,bear,6,di_bear+atr_expand,2674,506,458,1.23654356,1.36725539,1.17528896,0.23207968,12,5,0.23469895,0.00000000
h4,bear,6,rsi40+volatility,6682,1250,1198,1.23530768,1.53050011,1.35519951,0.28658247,12,6,0.27649462,0.00000000
h4,bear,6,adx_rising+atr_expand,3127,620,565,1.22690044,1.34358270,1.09100904,0.21732059,12,6,0.24722099,0.00000000
h4,bear,6,momentum_bear+volatility,8704,1840,1478,1.21390289,1.36010521,1.22475740,0.25978197,12,7,0.26754611,0.00000000
h4,bear,6,price200_cross_down+breakout20_down,355,101,72,1.21363066,1.32802519,1.56757852,0.25981680,9,7,0.38075196,0.00000000
h4,bear,6,atr_expand+bb_expand,2638,511,470,1.21194013,1.27098672,1.14528159,0.22601727,12,6,0.24718334,0.01612903
h4,bear,6,volatility+atr_expand,2864,605,491,1.20823621,1.39439757,1.14934474,0.22767508,12,7,0.26371001,0.00000000
h4,bear,6,di_spread_down3+atr_expand,2256,408,408,1.20495931,1.28905129,1.14908470,0.22423569,12,4,0.22484358,0.02564103
h4,bear,6,di_strong_bear+volatility,10790,2284,2039,1.19820073,1.34761078,1.30080571,0.28016442,12,7,0.26975105,0.00000000
h4,bear,6,adx_up3+price200_cross_down,223,49,58,1.19600801,0.79239312,1.64658115,0.26564273,8,6,0.42202381,0.00000000
h4,bear,6,volatility+bb_lower,6181,1287,956,1.18828299,1.40147852,1.33044884,0.27808328,12,7,0.29987119,0.00000000
h4,bear,6,macd_falling+atr_expand,2587,479,433,1.18692767,1.21588506,1.13286719,0.22183585,12,4,0.23227128,0.02083333
h4,bear,6,macd_accel_down+atr_expand,2587,479,433,1.18692767,1.21588506,1.13286719,0.22183585,12,4,0.23227128,0.02083333
h4,bear,6,adx25+volatility,13559,2791,2339,1.18324503,1.23813199,1.23047206,0.26555703,12,8,0.28642385,0.03587444
h4,bear,6,rsi_down3+atr_expand,2211,399,394,1.18154146,1.20312321,1.14584419,0.22286619,12,5,0.22951063,0.02564103
h4,bear,6,trend_bear+volatility+body_bear,1526,283,179,1.18086549,1.47176904,1.09130950,0.19352264,11,7,0.30572648,0.00000000
h4,bear,6,volatility+ema20_slope_down3,12964,2778,2131,1.17609607,1.28585608,1.27724009,0.27526444,12,7,0.27641857,0.00568182
h4,bear,6,adx25+di_cross_down,676,155,96,1.17350687,1.20694717,0.94959083,0.14776345,12,5,0.22204786,0.00000000
h4,bear,6,price20_bear+volatility,12908,2748,2099,1.17272157,1.29860933,1.26569025,0.27251933,12,8,0.27650797,0.01069519
h4,bear,6,ema20_falling+volatility,12908,2748,2099,1.17272157,1.29860933,1.26569025,0.27251933,12,8,0.27650797,0.01069519
h4,bear,6,rsi_cross50_down+atr_expand,493,74,68,1.17215254,0.85858812,1.53211294,0.25001977,8,4,0.33333333,0.00000000
h4,bear,6,volatility+breakout20_down,1855,346,272,1.16866407,1.41802142,1.51615343,0.29506499,12,7,0.34813099,0.00000000
h4,bear,6,price20_bear+price200_bear+volatility,8818,1737,1482,1.16757560,1.38792173,1.30346765,0.27747374,12,8,0.28096430,0.01234568
h4,bear,6,atr_expand,4895,940,740,1.16516572,1.23916796,1.12044385,0.22788553,12,6,0.26200793,0.01041667
h4,bear,6,di_bear+volatility,13851,2927,2415,1.16274405,1.30119628,1.24926945,0.27007659,12,6,0.26764013,0.01041667
h4,bear,6,volatility+bb_bear,12893,2770,2066,1.16215148,1.26280990,1.25438966,0.26982439,12,7,0.27638487,0.01129944
h4,bear,6,macd_bear+di_bear+volatility+bb_bear,9496,2103,1616,1.16163050,1.26721927,1.23030439,0.26197735,12,6,0.26438557,0.00813008
h4,bear,6,body_bear+adx_up3,2018,426,402,1.15051679,0.87000909,1.30661539,0.25821278,12,6,0.29654330,0.03030303
h4,bear,6,trend_bear+volatility,8698,1655,1240,1.14987548,1.40976769,1.21127531,0.25477946,12,9,0.29016801,0.00689655
h4,bear,6,price200_bear+volatility+bb_bear,8515,1676,1407,1.14928920,1.38578536,1.30507275,0.27724963,12,7,0.28298344,0.01342282
h4,bear,6,volatility+rsi_cross45_down,1440,330,202,1.14928362,1.19797616,1.56877241,0.29829441,12,9,0.36885365,0.00000000
h4,bear,6,volatility+body_bear,4193,840,613,1.14658117,1.21860457,1.16845481,0.23557494,12,6,0.29519228,0.00000000
h4,bear,6,rsi_cross45_down+breakout20_down,567,144,102,1.14581602,0.93146211,1.53211294,0.26707997,10,7,0.37064408,0.14285714
h4,bear,6,macd_bear+volatility,12688,2834,2011,1.14050406,1.15333436,1.15486219,0.24718312,12,6,0.26569321,0.03428571
h4,bear,6,price200_bear+atr_expand,2286,486,365,1.13978541,1.25647521,1.15363207,0.22304663,12,6,0.26065937,0.00000000
h4,bear,6,ema200_falling+atr_expand,2286,486,365,1.13978541,1.25647521,1.15363207,0.22304663,12,6,0.26065937,0.00000000
h4,bear,6,trend_bear+price20_bear+macd_bear+volatility,3972,802,553,1.13806368,1.42158308,1.19318259,0.23930402,12,8,0.29420402,0.00000000
h4,bear,6,price20_bear+price200_bear+macd_bear+volatility,6470,1319,1070,1.13573362,1.35944928,1.26172603,0.26423493,12,7,0.27493022,0.01769912
h4,bear,6,price200_bear+macd_bear+volatility,6789,1370,1108,1.13374147,1.35006541,1.24587884,0.26113961,12,7,0.27436636,0.02380952
h4,bear,6,price20_cross_down+atr_expand,531,80,69,1.13334594,0.83831590,1.44699555,0.23351051,7,4,0.36224490,0.00000000
h4,bear,6,price200_bear+macd_bear+di_bear+volatility,6379,1308,1062,1.13317433,1.38437489,1.24670521,0.26078730,12,7,0.26776386,0.01904762
h4,bear,12,adx_up3+atr_expand,1626,337,330,1.16090645,1.26356361,1.05714229,0.35151767,12,6,0.40345686,0.00000000
h4,bear,12,rsi40+volatility,6682,1250,1198,1.15397320,1.31933912,1.12319792,0.40046710,12,5,0.38663007,0.00000000
h4,bear,12,rsi40+atr_expand,1581,317,298,1.14539158,1.25422622,1.10024523,0.36480873,12,6,0.36226102,0.03571429
h4,bear,12,breakout20_down+atr_expand+bb_expand,602,107,125,1.14397053,1.27524212,1.23804874,0.38663060,11,7,0.43966589,0.06666667
h4,bear,12,bb_lower+atr_expand,1846,347,334,1.14242229,1.19325051,1.09945463,0.36745777,12,5,0.36343615,0.03333333
h4,bear,12,breakout20_down+atr_expand,778,150,144,1.13767433,1.22335296,1.11112543,0.34592021,12,5,0.37611046,0.00000000
h4,bear,12,momentum_bear+atr_expand,1730,334,272,1.13679862,1.21151952,1.10898247,0.36556214,12,5,0.37717984,0.03448276
h4,bear,12,di_strong_bear+atr_expand,2257,431,421,1.13246908,1.28274115,1.12146611,0.38116070,12,4,0.36713900,0.00000000
h4,bear,12,macd_bear+atr_expand,2630,500,431,1.13154323,1.12924889,1.08936020,0.36973920,12,5,0.37544896,0.02941176
h4,bear,12,ema20_slope_down3+atr_expand,2514,494,412,1.12896763,1.18106328,1.10139888,0.37320096,12,6,0.36845775,0.02777778
h4,bear,12,momentum_bear+volatility,8704,1840,1478,1.12559526,1.19675833,1.09143136,0.39122274,12,5,0.39674216,0.00000000
h4,bear,12,price20_bear+atr_expand,2595,493,429,1.12331192,1.19777498,1.11889554,0.38062766,12,6,0.38381457,0.02702703
h4,bear,12,ema20_falling+atr_expand,2595,493,429,1.12331192,1.19777498,1.11889554,0.38062766,12,6,0.38381457,0.02702703
h4,bear,12,trend_bear+volatility+body_bear,1526,283,179,1.12304906,1.18877055,0.90851981,0.28055317,11,5,0.42925493,0.00000000
h4,bear,12,bb_bear+atr_expand,2608,491,429,1.12117568,1.19786245,1.13723809,0.38746638,12,6,0.38760593,0.02857143
h4,bear,12,volatility+breakout20_down,1855,346,272,1.12105573,1.23749577,1.21505906,0.40489985,12,8,0.46478471,0.00000000
h4,bear,12,volatility+bb_lower,6181,1287,956,1.11746060,1.22474222,1.14138243,0.40404074,12,7,0.42733845,0.00000000
h4,bear,12,di_bear+atr_expand,2674,506,458,1.11630158,1.22744444,1.11677293,0.38128213,12,4,0.38040187,0.00000000
h4,bear,12,adx_up3+price200_cross_down,223,49,58,1.11377973,0.81620881,1.31149231,0.37538273,8,7,0.54662698,0.20000000
h4,bear,12,di_strong_bear+volatility,10790,2284,2039,1.11306373,1.18763132,1.14361615,0.41461435,12,6,0.39831294,0.00000000
h4,bear,12,adx25+volatility,13559,2791,2339,1.10790201,1.12193231,1.10907730,0.40295265,12,7,0.42447251,0.06278027
h4,bear,12,volatility+ema20_slope_down3,12964,2778,2131,1.10510639,1.15089486,1.14717113,0.41642318,12,5,0.41573197,0.00568182
h4,bear,12,adx25+atr_expand,2444,473,347,1.10309931,1.03454796,0.92976112,0.30598087,12,5,0.38148608,0.01818182
h4,bear,12,di_spread_down3+atr_expand,2256,408,408,1.10194447,1.22819655,1.06076584,0.35789611,12,6,0.36059860,0.02564103
h4,bear,12,price20_bear+volatility,12908,2748,2099,1.10062974,1.15232973,1.13341927,0.41106159,12,6,0.41513039,0.01604278
h4,bear,12,ema20_falling+volatility,12908,2748,2099,1.10062974,1.15232973,1.13341927,0.41106159,12,6,0.41513039,0.01604278
h4,bear,24,volatility+breakout20_down,1855,346,272,1.11004744,1.19259342,1.03886527,0.49940344,12,7,0.55368448,0.14814815
h4,bear,24,rsi40+volatility,6682,1250,1198,1.10760752,1.19422095,1.01796199,0.51928712,12,5,0.50741077,0.09677419
d1,bull,1,adx_up3+atr_expand,229,38,60,1.68679191,2.41590693,1.09783147,0.13123044,6,3,0.21818783,0.00000000
d1,bull,1,volatility+atr_expand,436,112,96,1.52781627,1.99574920,1.42506970,0.20107411,10,7,0.28615385,0.12500000
d1,bull,1,adx25+atr_expand,323,47,69,1.47656906,1.44373347,1.46867087,0.19616058,8,6,0.31125992,0.12500000
d1,bull,1,atr_expand+bb_expand,313,96,84,1.39781455,2.07890542,1.26672862,0.16972313,9,5,0.26269841,0.00000000
d1,bull,1,volatility+adx_up3,853,142,189,1.38163419,1.46167547,1.47449893,0.23092437,12,8,0.29008661,0.00000000
d1,bull,1,adx_rising+atr_expand,401,97,114,1.35645575,1.76942713,1.33339855,0.19099960,9,6,0.27959494,0.06666667
d1,bull,1,trend_bull+atr_expand,305,59,84,1.33109270,1.75896540,1.38736945,0.18992826,8,5,0.27624199,0.00000000
d1,bull,1,volatility+rsi_cross50_up,261,56,55,1.32896358,1.99574920,1.65826293,0.21813066,4,1,0.26934524,0.14285714
d1,bull,1,price200_bull+atr_expand,346,70,89,1.32145630,1.71064217,1.19556410,0.15982439,9,5,0.26682947,0.00000000
d1,bull,1,ema200_rising+atr_expand,346,70,89,1.32145630,1.71064217,1.19556410,0.15982439,9,5,0.26682947,0.00000000
d1,bull,1,price200_bull+macd_bull+volatility,1234,193,236,1.30640870,1.50973774,1.24525865,0.19519516,11,6,0.24166460,0.06976744
d1,bull,1,trend_bull+price20_bull+macd_bull+volatility,816,118,141,1.29937060,1.48835534,1.22180917,0.17799796,9,5,0.24920635,0.00000000
d1,bull,1,price200_bull+volatility,2538,424,504,1.29833145,1.19556674,1.37731604,0.23481862,11,6,0.25007241,0.05882353
d1,bull,1,ema200_rising+volatility,2538,424,504,1.29833145,1.19556674,1.37731604,0.23481862,11,6,0.25007241,0.05882353
d1,bull,1,trend_bull+volatility,2009,327,379,1.28901018,1.18402246,1.35028592,0.22448424,11,5,0.23966702,0.00000000
d1,bull,1,price20_bull+price200_bull+macd_bull+volatility,1150,185,211,1.28872698,1.44556969,1.22470445,0.18889171,11,6,0.23686999,0.00000000
d1,bull,1,atr_expand,649,147,140,1.26932404,1.79210133,1.23053638,0.17931259,11,6,0.22789449,0.00000000
d1,bull,1,adx25+volatility,2310,361,432,1.26096599,1.11673501,1.43093419,0.24201870,12,8,0.26708412,0.00000000
d1,bull,1,price200_bull+volatility+bb_bull,1574,277,293,1.25459604,1.34010596,1.24511210,0.19993817,11,6,0.23546641,0.07692308
d1,bull,1,price20_bull+price200_bull+volatility,1649,300,310,1.24294984,1.25066950,1.25855618,0.20356483,11,6,0.23502952,0.00000000
d1,bull,1,price200_bull+macd_bull+di_bull+volatility,1097,186,206,1.23601212,1.48071715,1.25443029,0.19361491,11,6,0.24797564,0.00000000
d1,bull,1,trend_bull+breakout20_up,649,172,138,1.22681079,1.09070015,0.91791929,0.12582545,10,3,0.15011538,0.00000000
d1,bull,1,volatility+bb_expand,1189,245,229,1.22325057,1.54772387,1.54883849,0.24962217,12,9,0.27290507,0.00000000
d1,bull,1,volatility,4573,852,788,1.20841951,1.36797833,1.40819070,0.24777568,12,8,0.26750504,0.04000000
d1,bull,1,volatility+bb_bull,2250,448,359,1.20700097,1.36316798,1.21380124,0.19830892,12,7,0.23826082,0.06250000
d1,bull,1,adx_cross25_up,262,54,55,1.20353746,0.88699965,1.19763434,0.14366656,6,3,0.24305556,0.00000000
d1,bull,1,adx25+adx_cross25_up,262,54,55,1.20353746,0.88699965,1.19763434,0.14366656,6,3,0.24305556,0.00000000
d1,bull,1,adx_rising+adx_cross25_up,262,54,55,1.20353746,0.88699965,1.19763434,0.14366656,6,3,0.24305556,0.00000000
d1,bull,1,macd_bull+volatility,2244,403,353,1.20320225,1.46586046,1.17701697,0.19126638,12,6,0.24184083,0.05263158
d1,bull,1,volatility+body_expand,1344,263,205,1.20241810,1.48732640,1.58186599,0.25270764,12,7,0.29917041,0.00000000
d1,bull,1,volatility+body_bull,992,179,185,1.19995839,1.36023130,1.61593489,0.25602849,12,8,0.31725581,0.06250000
d1,bull,1,trend_bull+bb_expand,1491,359,296,1.18961323,1.08960124,1.12978499,0.17927503,12,5,0.18234266,0.00000000
d1,bull,1,volatility+ema20_slope_up3,2204,451,362,1.18927139,1.23904607,1.21773912,0.19918892,12,6,0.23273219,0.05882353
d1,bull,1,momentum_bull+volatility,1482,295,238,1.18885869,1.27186729,1.21350473,0.18968713,12,8,0.22380329,0.00000000
d1,bull,1,adx_rising+volatility,2194,401,387,1.18211625,1.33381742,1.49257946,0.25135470,12,9,0.28795797,0.07142857
d1,bull,1,macd_rising+volatility,2326,441,428,1.17773074,1.33049947,1.38511448,0.23329680,12,7,0.25965679,0.06666667
d1,bull,1,volatility+macd_accel_up,2326,441,428,1.17773074,1.33049947,1.38511448,0.23329680,12,7,0.25965679,0.06666667
d1,bull,1,price20_bull+volatility,2229,460,368,1.17770109,1.31025274,1.22542226,0.20091017,12,7,0.24083304,0.04545455
d1,bull,1,ema20_rising+volatility,2229,460,368,1.17770109,1.31025274,1.22542226,0.20091017,12,7,0.24083304,0.04545455
d1,bull,1,trend_bull+volatility+body_bull,462,70,92,1.17735661,1.08340671,1.70732989,0.24863605,7,5,0.35806623,0.00000000
d1,bull,1,volatility+di_spread_up3,1401,257,252,1.17037790,1.28908314,1.28683543,0.20419735,12,8,0.25484255,0.07692308
d1,bull,1,macd_bull+di_bull+volatility+bb_bull,1528,290,255,1.15306844,1.36261497,1.17234492,0.18383059,12,8,0.24075911,0.06250000
d1,bull,1,price200_bull+bb_expand,1892,468,383,1.14789293,0.98081692,0.96575655,0.15441217,12,4,0.16804040,0.00000000
d1,bull,1,ema200_rising+bb_expand,1892,468,383,1.14789293,0.98081692,0.96575655,0.15441217,12,4,0.16804040,0.00000000
d1,bull,1,breakout20_up+bb_expand,601,158,94,1.14771615,0.88419268,0.70074349,0.08263778,9,2,0.15476190,0.00000000
d1,bull,1,body_bull+bb_expand,751,179,138,1.14416188,1.22643806,1.02806961,0.14427511,12,6,0.19235185,0.00000000
d1,bull,1,trend_bull+body_expand,1965,541,420,1.14336059,1.03292011,1.12195964,0.18434414,12,4,0.18469754,0.00000000
d1,bull,1,volatility+price20_cross_up,314,66,58,1.14230653,1.81431746,1.39776952,0.17752352,9,6,0.33703704,0.00000000
d1,bull,1,adx_up3+bb_expand,1472,316,310,1.13802561,0.99787460,1.07876244,0.17099164,12,6,0.21084328,0.00000000
d1,bull,1,momentum_bull+breakout20_up,862,242,172,1.13400594,1.07209668,0.76592894,0.10529324,12,3,0.14434609,0.00000000
d1,bull,1,adx_up3+body_expand,657,136,133,1.13388067,1.05657311,0.80003913,0.10565314,12,7,0.18090278,0.00000000
d1,bull,1,volatility+bb_upper,1031,190,152,1.13162872,1.21845741,1.06671884,0.15325811,10,4,0.18368314,0.00000000
d1,bull,3,adx_up3+atr_expand,229,38,60,1.35770060,1.68542644,1.05834720,0.34627906,6,3,0.42929894,0.00000000
d1,bull,3,adx25+atr_expand,323,47,69,1.23582890,1.18685486,1.31471702,0.46207405,8,6,0.59057540,0.20000000
d1,bull,3,volatility+adx_up3,853,142,189,1.22987352,1.36763817,1.42792876,0.55884176,12,11,0.61380074,0.11111111
d1,bull,3,trend_bull+price20_bull+macd_bull+volatility,816,118,141,1.21435197,1.34815685,1.07764836,0.39450579,9,3,0.42949735,0.14285714
d1,bull,3,price200_bull+macd_bull+volatility,1234,193,236,1.20613672,1.32738248,1.14355312,0.44089319,11,7,0.49786798,0.21428571
d1,bull,3,trend_bull+atr_expand,305,59,84,1.20353588,1.33064832,1.24193804,0.44143037,8,5,0.52933421,0.20000000
d1,bull,3,volatility+atr_expand,436,112,96,1.20077548,1.47571900,1.06307196,0.37206074,10,7,0.49551282,0.25000000
d1,bull,3,price20_bull+price200_bull+macd_bull+volatility,1150,185,211,1.20004737,1.30660958,1.17156240,0.44946835,11,7,0.51071135,0.23076923
d1,bull,3,atr_expand+bb_expand,313,96,84,1.19840900,1.52798405,1.10694477,0.38408354,9,7,0.48201058,0.00000000
d1,bull,3,price200_bull+macd_bull+di_bull+volatility,1097,186,206,1.19219902,1.31069236,1.14495259,0.43711791,11,7,0.50074786,0.21428571
d1,bull,3,price200_bull+atr_expand,346,70,89,1.18846270,1.41669024,1.14668437,0.40368555,9,7,0.52631936,0.11111111
d1,bull,3,ema200_rising+atr_expand,346,70,89,1.18846270,1.41669024,1.14668437,0.40368555,9,7,0.52631936,0.11111111
d1,bull,3,trend_bull+volatility,2009,327,379,1.17118599,1.16884165,1.09504827,0.43296576,11,6,0.42888368,0.00000000
d1,bull,3,price200_bull+volatility,2538,424,504,1.16970916,1.19380098,1.16094208,0.46834049,11,6,0.47564099,0.17647059
d1,bull,3,ema200_rising+volatility,2538,424,504,1.16970916,1.19380098,1.16094208,0.46834049,11,6,0.47564099,0.17647059
d1,bull,3,price200_bull+volatility+bb_bull,1574,277,293,1.16861754,1.27540480,1.09911240,0.42798738,11,6,0.45842231,0.23076923
d1,bull,3,trend_bull+volatility+body_bull,462,70,92,1.16359169,1.15106082,1.25719815,0.45263706,7,5,0.54856343,0.00000000
d1,bull,3,price20_bull+price200_bull+volatility,1649,300,310,1.16290712,1.24649065,1.11199614,0.43513372,11,6,0.46593697,0.23076923
d1,bull,3,adx_rising+atr_expand,401,97,114,1.16051673,1.49093260,1.03447471,0.36763142,9,6,0.49772635,0.13333333
d1,bull,3,adx25+volatility,2310,361,432,1.14275124,1.06447986,1.25468740,0.50609484,12,9,0.52554456,0.00000000
d1,bull,3,volatility+ema20_slope_up3,2204,451,362,1.12763230,1.18188404,1.09008926,0.42966838,12,6,0.45731128,0.21428571
d1,bull,3,volatility+bb_bull,2250,448,359,1.12151714,1.21746818,1.07392971,0.42244215,12,6,0.45846109,0.18750000
d1,bull,3,macd_bull+volatility,2244,403,353,1.12094028,1.23550271,1.11788191,0.44112157,12,8,0.49368891,0.15789474
d1,bull,3,price20_bull+volatility,2229,460,368,1.11948455,1.20816473,1.09080428,0.43039065,12,6,0.46798378,0.20000000
d1,bull,3,ema20_rising+volatility,2229,460,368,1.11948455,1.20816473,1.09080428,0.43039065,12,6,0.46798378,0.20000000
d1,bull,3,trend_bull+bb_expand,1491,359,296,1.11528197,1.02437096,1.04200207,0.40356855,12,6,0.39590580,0.00000000
d1,bull,3,macd_bull+di_bull+volatility+bb_bull,1528,290,255,1.11453094,1.21823148,1.10281557,0.42558906,12,8,0.47715484,0.21428571
d1,bull,3,price200_bull+bb_expand,1892,468,383,1.11426728,0.98885786,0.97110560,0.37959722,12,4,0.38803311,0.00000000
d1,bull,3,ema200_rising+bb_expand,1892,468,383,1.11426728,0.98885786,0.97110560,0.37959722,12,4,0.38803311,0.00000000
d1,bull,3,momentum_bull+volatility,1482,295,238,1.11258040,1.18357666,1.07676981,0.41225296,12,8,0.40580943,0.00000000
d1,bull,3,volatility+body_expand,1344,263,205,1.11189761,1.23331953,1.34966925,0.52677525,12,9,0.57565696,0.28571429
d1,bull,3,macd_rising+volatility,2326,441,428,1.10988154,1.14309662,1.27701106,0.51573837,12,9,0.53326061,0.13333333
d1,bull,3,volatility+macd_accel_up,2326,441,428,1.10988154,1.14309662,1.27701106,0.51573837,12,9,0.53326061,0.13333333
d1,bull,3,volatility,4573,852,788,1.10975501,1.20032074,1.21452824,0.50062261,12,9,0.51511156,0.12000000
d1,bull,3,trend_bull+breakout20_up,649,172,138,1.10648651,0.86483997,0.88743399,0.31387785,10,4,0.38109711,0.12500000
d1,bull,3,volatility+bb_upper,1031,190,152,1.10508953,1.18523537,1.08918250,0.40230809,10,6,0.44531219,0.00000000
d1,bull,3,volatility+bb_expand,1189,245,229,1.10501262,1.30706540,1.36667417,0.53804883,12,9,0.55878254,0.00000000
d1,bull,3,trend_bull+body_bull,1406,370,335,1.10281323,1.01066809,1.08993965,0.42761887,11,4,0.43206861,0.20833333
d1,bull,3,atr_expand,649,147,140,1.10030502,1.41950113,1.03674828,0.37686992,11,7,0.45917049,0.00000000
d1,bull,5,adx_up3+atr_expand,229,38,60,1.29082913,1.35519914,1.06070039,0.47366053,6,4,0.55330688,0.14285714
d1,bull,5,atr_expand+bb_expand,313,96,84,1.18051067,1.43625608,1.11541906,0.52415240,9,7,0.63082011,0.10000000
d1,bull,5,adx25+atr_expand,323,47,69,1.17955229,1.20172772,1.33228068,0.64039337,8,7,0.75580357,0.40000000
d1,bull,5,volatility+atr_expand,436,112,96,1.17140112,1.32007013,1.19697093,0.57829831,10,8,0.66423077,0.37500000
d1,bull,5,adx_rising+atr_expand,401,97,114,1.16306960,1.33581984,1.10101941,0.53120219,9,6,0.64363229,0.26666667
d1,bull,5,volatility+adx_up3,853,142,189,1.15706345,1.27515558,1.35627475,0.70198807,12,11,0.74561037,0.11111111
d1,bull,5,trend_bull+atr_expand,305,59,84,1.15224722,1.37965052,1.34692113,0.66064934,8,6,0.72247960,0.20000000
d1,bull,5,price200_bull+macd_bull+volatility,1234,193,236,1.14849041,1.24806072,1.15358658,0.58978796,11,9,0.62496271,0.21428571
d1,bull,5,price20_bull+price200_bull+macd_bull+volatility,1150,185,211,1.14812704,1.23917425,1.18134877,0.60220623,11,8,0.64020073,0.23076923
d1,bull,5,trend_bull+price20_bull+macd_bull+volatility,816,118,141,1.14311497,1.28110406,1.16601816,0.57805698,9,4,0.57724868,0.42857143
d1,bull,5,price200_bull+macd_bull+di_bull+volatility,1097,186,206,1.14072269,1.23251202,1.14136854,0.57819258,11,7,0.60662671,0.21428571
d1,bull,5,price200_bull+atr_expand,346,70,89,1.13911318,1.44762747,1.25138810,0.60636494,9,8,0.72876136,0.22222222
d1,bull,5,ema200_rising+atr_expand,346,70,89,1.13911318,1.44762747,1.25138810,0.60636494,9,8,0.72876136,0.22222222
d1,bull,5,price200_bull+volatility+bb_bull,1574,277,293,1.13202690,1.18143948,1.11620917,0.57479229,11,6,0.59636651,0.23076923
d1,bull,5,price200_bull+volatility,2538,424,504,1.12975522,1.13228827,1.15751035,0.61222376,11,8,0.62113735,0.17647059
d1,bull,5,ema200_rising+volatility,2538,424,504,1.12975522,1.13228827,1.15751035,0.61222376,11,8,0.62113735,0.17647059
d1,bull,5,price20_bull+price200_bull+volatility,1649,300,310,1.12734672,1.15177355,1.11202460,0.57398574,11,6,0.59839320,0.23076923
d1,bull,5,trend_bull+volatility,2009,327,379,1.12396942,1.12271504,1.10547930,0.57556979,11,7,0.57726083,0.00000000
d1,bull,5,atr_expand,649,147,140,1.10577935,1.31088827,1.12383732,0.55336375,11,8,0.61383159,0.16666667
d1,bull,5,volatility+ema20_slope_up3,2204,451,362,1.10276217,1.12343595,1.07437424,0.55655869,12,6,0.57234826,0.21428571
d1,bull,10,adx_up3+atr_expand,229,38,60,1.17740673,1.18309375,0.95161117,0.52362619,6,3,0.61044974,0.25000000
d1,bull,10,volatility+adx_up3,853,142,189,1.12515510,1.11290594,1.24712575,0.79421606,12,11,0.83340197,0.33333333
d1,bull,10,price20_bull+price200_bull+macd_bull+volatility,1150,185,211,1.11883611,1.14142870,1.11709368,0.70127615,11,7,0.71383592,0.38461538
d1,bull,10,price200_bull+macd_bull+volatility,1234,193,236,1.11286643,1.14352726,1.11662328,0.70450003,11,8,0.72092254,0.35714286
d1,bull,10,trend_bull+price20_bull+macd_bull+volatility,816,118,141,1.11282759,1.15453422,1.13175797,0.69721098,9,4,0.66031746,0.42857143
d1,bull,10,adx25+atr_expand,323,47,69,1.11156608,1.10147478,1.16697022,0.68775960,8,6,0.78392857,0.40000000
d1,bull,10,adx_rising+atr_expand,401,97,114,1.11135036,1.17976734,1.04022274,0.62149339,9,5,0.72106135,0.33333333
d1,bull,10,price200_bull+macd_bull+di_bull+volatility,1097,186,206,1.10921622,1.13529198,1.10156633,0.68922717,11,6,0.69162920,0.35714286
d1,bull,10,trend_bull+atr_expand,305,59,84,1.10388006,1.20071559,1.25487187,0.76669897,8,6,0.80865385,0.20000000
d1,bull,20,adx_up3+atr_expand,229,38,60,1.10306687,1.10455737,0.90693916,0.57491292,6,3,0.66832011,0.28571429
d1,bear,1,adx_up3+atr_expand,229,38,60,1.68679191,2.41590693,1.09783147,0.13123044,6,3,0.21818783,0.00000000
d1,bear,1,rsi40+atr_expand,236,50,70,1.58665505,1.91591923,1.59245884,0.21762290,7,4,0.33528912,0.00000000
d1,bear,1,bb_lower+atr_expand,275,55,85,1.53363496,1.81431746,1.60949049,0.22840201,7,4,0.32262083,0.00000000
d1,bear,1,volatility+atr_expand,436,112,96,1.52781627,1.99574920,1.42506970,0.20107411,10,7,0.28615385,0.12500000
d1,bear,1,di_spread_down3+atr_expand,342,57,95,1.52131358,2.03076235,1.38673449,0.19414554,8,5,0.23193300,0.00000000
d1,bear,1,di_strong_bear+atr_expand,320,64,87,1.50272935,1.62154623,1.45600991,0.20285728,8,5,0.26778274,0.00000000
d1,bear,1,rsi_down3+atr_expand,335,59,91,1.49427259,1.75896540,1.55905061,0.22226811,6,6,0.34371243,0.20000000
d1,bear,1,di_bear+atr_expand,380,78,97,1.48328074,1.84223003,1.41037826,0.19891173,8,6,0.27232143,0.00000000
d1,bear,1,adx25+atr_expand,323,47,69,1.47656906,1.44373347,1.46867087,0.19616058,8,6,0.31125992,0.12500000
d1,bear,1,price20_bear+atr_expand,404,85,97,1.45370344,1.83139339,1.46261449,0.20790256,8,5,0.27343750,0.00000000
d1,bear,1,ema20_falling+atr_expand,404,85,97,1.45370344,1.83139339,1.46261449,0.20790256,8,5,0.27343750,0.00000000
d1,bear,1,bb_bear+atr_expand,404,89,99,1.41467785,1.79393187,1.48424768,0.21236632,8,5,0.29190133,0.12500000
d1,bear,1,macd_falling+atr_expand,406,76,104,1.40770899,1.83819006,1.36416929,0.19333261,7,5,0.26579016,0.00000000
d1,bear,1,macd_accel_down+atr_expand,406,76,104,1.40770899,1.83819006,1.36416929,0.19333261,7,5,0.26579016,0.00000000
d1,bear,1,atr_expand+bb_expand,313,96,84,1.39781455,2.07890542,1.26672862,0.16972313,9,5,0.26269841,0.00000000
d1,bear,1,ema20_slope_down3+atr_expand,381,86,89,1.39662467,1.85651089,1.36635897,0.18842053,8,5,0.26428589,0.00000000
d1,bear,1,volatility+adx_up3,853,142,189,1.38163419,1.46167547,1.47449893,0.23092437,12,8,0.29008661,0.00000000
d1,bear,1,macd_bear+atr_expand,392,96,99,1.35743367,1.78785866,1.48424768,0.21236632,7,5,0.28706106,0.00000000
d1,bear,1,adx_rising+atr_expand,401,97,114,1.35645575,1.76942713,1.33339855,0.19099960,9,6,0.27959494,0.06666667
d1,bear,1,di_strong_bear+price20_cross_down,216,48,54,1.35035788,1.16418704,1.50130800,0.19137425,5,5,0.38000000,0.33333333
d1,bear,1,di_strong_bear+volatility,1808,281,308,1.34728962,1.46307593,1.71090619,0.28713577,11,9,0.31043855,0.12903226
d1,bear,1,rsi40+volatility,1075,168,191,1.34197226,1.54432974,2.01615446,0.33116179,10,10,0.37691445,0.20000000
d1,bear,1,momentum_bear+atr_expand,268,53,75,1.33837407,1.88278227,1.55385378,0.21386867,7,5,0.30607488,0.00000000
d1,bear,1,di_bear+volatility,2362,401,406,1.32331797,1.46321762,1.53505045,0.26027451,12,9,0.26691706,0.00000000
d1,bear,1,rsi_down1+atr_expand,285,46,62,1.31386173,1.64866239,1.79793740,0.24742733,6,5,0.46428571,0.16666667
d1,bear,1,volatility+breakout20_down,320,52,59,1.30565009,1.53519169,2.23287758,0.32150212,6,4,0.51825397,0.14285714
d1,bear,1,macd_bear+di_bear+volatility+bb_bear,1636,279,313,1.29619366,1.38772525,1.65119897,0.27633769,12,9,0.28258274,0.00000000
d1,bear,1,adx_up3+di_spread_down3,573,116,135,1.29322515,1.20433142,0.97585020,0.13495621,12,5,0.17654371,0.00000000
d1,bear,1,volatility+di_spread_down3,1320,244,249,1.28997333,1.66857720,1.36338663,0.21780876,12,7,0.25108923,0.00000000
d1,bear,1,bb_lower+adx_up3,835,151,194,1.27924501,1.13665186,1.41037826,0.22005381,12,7,0.26436804,0.00000000
d1,bear,1,di_strong_bear+rsi_cross50_down,198,55,53,1.27404773,1.23373587,1.43403241,0.17966290,4,4,0.40208333,0.33333333
d1,bear,1,atr_expand,649,147,140,1.26932404,1.79210133,1.23053638,0.17931259,11,6,0.22789449,0.00000000
d1,bear,1,volatility+bb_lower,1101,188,192,1.26374166,1.40127072,1.76814204,0.28509984,11,9,0.33113922,0.16666667
d1,bear,1,adx25+volatility,2310,361,432,1.26096599,1.11673501,1.43093419,0.24201870,12,8,0.26708412,0.00000000
d1,bear,1,volatility+rsi_down3,1263,234,229,1.25456630,1.39873021,1.54883849,0.24962217,12,10,0.28934820,0.00000000
d1,bear,1,macd_bear+adx_up3,1021,195,237,1.24694614,1.10533802,1.43241887,0.22918920,12,9,0.27155746,0.00000000
d1,bear,1,macd_falling+volatility,2247,411,360,1.24018724,1.40819287,1.43562577,0.23926247,12,8,0.28028586,0.00000000
d1,bear,1,volatility+macd_accel_down,2247,411,360,1.24018724,1.40819287,1.43562577,0.23926247,12,8,0.28028586,0.00000000
d1,bear,1,rsi40+adx_up3,887,157,203,1.23979962,1.11863650,1.39776952,0.21897305,12,7,0.26579943,0.00000000
d1,bear,1,price20_bear+volatility,2344,392,420,1.23763084,1.43571754,1.56833068,0.26720467,12,9,0.27985309,0.00000000
d1,bear,1,ema20_falling+volatility,2344,392,420,1.23763084,1.43571754,1.56833068,0.26720467,12,9,0.27985309,0.00000000
d1,bear,1,di_bear+adx_up3,999,192,235,1.23495111,1.12260893,1.42304833,0.22727139,12,9,0.26996326,0.00000000
d1,bear,1,di_strong_bear+adx_up3,999,192,235,1.23495111,1.12260893,1.42304833,0.22727139,12,9,0.26996326,0.00000000
d1,bear,1,adx_up3+ema20_slope_down3,996,192,233,1.23075601,1.12260893,1.41351692,0.22532435,12,9,0.26921249,0.00000000
d1,bear,1,bb_bear+adx_up3,995,193,234,1.22803156,1.13747364,1.42912973,0.22827387,12,9,0.27085453,0.00000000
d1,bear,1,volatility+ema20_slope_down3,2369,401,426,1.22623397,1.51298693,1.57002984,0.26780896,12,9,0.28238197,0.00000000
d1,bear,1,price20_bear+adx_up3,1000,193,233,1.22583299,1.13747364,1.43526333,0.22928526,12,9,0.27180150,0.00000000
d1,bear,1,ema20_falling+adx_up3,1000,193,233,1.22583299,1.13747364,1.43526333,0.22928526,12,9,0.27180150,0.00000000
d1,bear,1,volatility+bb_expand,1189,245,229,1.22325057,1.54772387,1.54883849,0.24962217,12,9,0.27290507,0.00000000
d1,bear,1,adx25+price20_cross_down,265,47,55,1.21966032,1.10403147,1.10550862,0.12946024,6,2,0.23888889,0.00000000
d1,bear,1,volatility+price20_cross_down,314,60,57,1.21762345,1.46354942,1.60007826,0.21004288,8,7,0.30937500,0.00000000
d1,bear,1,rsi40+adx25,1463,222,224,1.21507513,1.09676308,1.56079063,0.25123705,11,8,0.29968920,0.00000000
d1,bear,1,macd_bear+volatility,2329,449,435,1.21344636,1.28012421,1.59578686,0.27307390,12,8,0.28513223,0.00000000
d1,bear,1,volatility+bb_bear,2323,404,429,1.20979347,1.37331257,1.57086160,0.26810569,12,9,0.27387243,0.00000000
d1,bear,1,price200_bear+atr_expand,303,77,51,1.20979347,1.86615510,1.29156644,0.15545768,7,4,0.28724490,0.00000000
d1,bear,3,adx_up3+atr_expand,229,38,60,1.35770060,1.68542644,1.05834720,0.34627906,6,3,0.42929894,0.00000000
d1,bear,3,rsi40+atr_expand,236,50,70,1.31742982,1.57016502,1.06914666,0.35904876,7,4,0.41564626,0.00000000
d1,bear,3,bb_lower+atr_expand,275,55,85,1.27647745,1.57767777,1.12060292,0.39040835,7,4,0.42404025,0.00000000
d1,bear,3,di_spread_down3+atr_expand,342,57,95,1.25514951,1.73979503,1.05038970,0.36627643,8,5,0.43432349,0.00000000
d1,bear,3,di_strong_bear+atr_expand,320,64,87,1.24741480,1.42037954,1.04270660,0.35897094,8,5,0.42946429,0.00000000
d1,bear,3,adx25+atr_expand,323,47,69,1.23582890,1.18685486,1.31471702,0.46207405,8,6,0.59057540,0.20000000
d1,bear,3,volatility+adx_up3,853,142,189,1.22987352,1.36763817,1.42792876,0.55884176,12,11,0.61380074,0.11111111
d1,bear,3,di_bear+atr_expand,380,78,97,1.22465055,1.45679953,1.07549274,0.37774492,8,5,0.45049603,0.00000000
d1,bear,3,rsi_down3+atr_expand,335,59,91,1.21551136,1.64580187,1.17132618,0.41524032,6,4,0.48561322,0.20000000
d1,bear,3,volatility+atr_expand,436,112,96,1.20077548,1.47571900,1.06307196,0.37206074,10,7,0.49551282,0.25000000
d1,bear,3,atr_expand+bb_expand,313,96,84,1.19840900,1.52798405,1.10694477,0.38408354,9,7,0.48201058,0.00000000
d1,bear,3,macd_bear+atr_expand,392,96,99,1.19739539,1.46342134,1.09958151,0.38882227,7,4,0.43353439,0.14285714
d1,bear,3,price20_bear+atr_expand,404,85,97,1.19161969,1.53127548,1.07549274,0.37774492,8,5,0.44579327,0.00000000
d1,bear,3,ema20_falling+atr_expand,404,85,97,1.19161969,1.53127548,1.07549274,0.37774492,8,5,0.44579327,0.00000000
d1,bear,3,bb_bear+atr_expand,404,89,99,1.18665460,1.53209478,1.07667356,0.37917456,8,5,0.46444597,0.16666667
d1,bear,3,momentum_bear+atr_expand,268,53,75,1.18257879,1.48128775,0.99787022,0.33331457,7,3,0.39798297,0.00000000
d1,bear,3,macd_falling+atr_expand,406,76,104,1.18080901,1.60387355,1.06852361,0.37796486,7,4,0.39920199,0.00000000
d1,bear,3,macd_accel_down+atr_expand,406,76,104,1.18080901,1.60387355,1.06852361,0.37796486,7,4,0.39920199,0.00000000
d1,bear,3,di_strong_bear+price20_cross_down,216,48,54,1.17939087,1.03300330,1.04994762,0.33689901,5,4,0.53000000,0.40000000
d1,bear,3,adx_up3+di_spread_down3,573,116,135,1.16922916,1.22891772,0.99115055,0.35625432,12,5,0.40907888,0.11111111
d1,bear,3,ema20_slope_down3+atr_expand,381,86,89,1.16878813,1.48944662,1.04475687,0.36089721,8,5,0.45337510,0.16666667
d1,bear,3,di_strong_bear+volatility,1808,281,308,1.16159852,1.22784022,1.42111092,0.57135527,11,9,0.59555145,0.35483871
d1,bear,3,adx_rising+atr_expand,401,97,114,1.16051673,1.49093260,1.03447471,0.36763142,9,6,0.49772635,0.13333333
d1,bear,3,volatility+breakout20_down,320,52,59,1.15965697,1.27138868,1.49911165,0.53372471,6,5,0.71626984,0.16666667
d1,bear,3,rsi40+volatility,1075,168,191,1.15875315,1.25436115,1.55546167,0.61692084,10,10,0.66412412,0.46153846
d1,bear,3,bb_lower+adx_up3,835,151,194,1.15068600,1.16298385,1.18070398,0.45060414,12,8,0.47869540,0.00000000
d1,bear,3,volatility+rsi_down3,1263,234,229,1.14350203,1.26255959,1.17850889,0.45515265,12,9,0.50340172,0.14285714
d1,bear,3,di_bear+volatility,2362,401,406,1.14307035,1.23136054,1.35179463,0.54764474,12,9,0.54353371,0.00000000
d1,bear,3,adx25+volatility,2310,361,432,1.14275124,1.06447986,1.25468740,0.50609484,12,9,0.52554456,0.00000000
d1,bear,3,rsi_down1+atr_expand,285,46,62,1.14019189,1.61687473,1.20710107,0.40984033,6,4,0.57374339,0.33333333
d1,bear,3,volatility+di_spread_down3,1320,244,249,1.13515316,1.37169291,1.12938944,0.43639271,12,7,0.48069525,0.16666667
d1,bear,3,di_strong_bear+rsi_cross50_down,198,55,53,1.13464662,1.12691269,0.98417731,0.30950397,4,3,0.55208333,0.40000000
d1,bear,3,macd_bear+di_bear+volatility+bb_bear,1636,279,313,1.13168665,1.20702178,1.40565511,0.56488483,12,9,0.56106480,0.00000000
d1,bear,3,volatility+rsi_cross50_down,266,50,53,1.13114275,1.23960396,1.15533859,0.37883529,4,1,0.45416667,0.16666667
d1,bear,3,rsi40+adx_up3,887,157,203,1.12845623,1.19749427,1.21773235,0.46830291,12,9,0.49751955,0.00000000
d1,bear,3,volatility+bb_lower,1101,188,192,1.12045802,1.15388667,1.40561737,0.54941378,11,9,0.60941878,0.33333333
d1,bear,3,rsi_down3+adx_up3,563,112,126,1.11873969,1.14368223,1.09794522,0.39863610,12,8,0.46848175,0.14285714
d1,bear,3,macd_bear+adx_up3,1021,195,237,1.11591313,1.16543962,1.22485028,0.47649808,12,9,0.50032815,0.00000000
d1,bear,3,volatility+body_expand,1344,263,205,1.11189761,1.23331953,1.34966925,0.52677525,12,9,0.57565696,0.28571429
d1,bear,3,breakout20_down+bb_expand,473,68,90,1.11108669,1.36721025,1.23473840,0.44184634,11,7,0.56627817,0.11111111
d1,bear,3,volatility,4573,852,788,1.10975501,1.20032074,1.21452824,0.50062261,12,9,0.51511156,0.12000000
d1,bear,3,macd_falling+volatility,2247,411,360,1.10962402,1.26172179,1.14024311,0.45137303,12,8,0.49083387,0.10000000
d1,bear,3,volatility+macd_accel_down,2247,411,360,1.10962402,1.26172179,1.14024311,0.45137303,12,8,0.49083387,0.10000000
d1,bear,3,price20_bear+adx_up3,1000,193,233,1.10925891,1.16681202,1.23614434,0.48091043,12,9,0.50488245,0.00000000
d1,bear,3,ema20_falling+adx_up3,1000,193,233,1.10925891,1.16681202,1.23614434,0.48091043,12,9,0.50488245,0.00000000
d1,bear,3,bb_bear+adx_up3,995,193,234,1.10878515,1.16681202,1.23086167,0.47872961,12,9,0.50290959,0.00000000
d1,bear,3,di_bear+adx_up3,999,192,235,1.10836137,1.16212871,1.22562396,0.47656879,12,9,0.50105279,0.00000000
d1,bear,3,di_strong_bear+adx_up3,999,192,235,1.10836137,1.16212871,1.22562396,0.47656879,12,9,0.50105279,0.00000000
d1,bear,3,adx_up3+ema20_slope_down3,996,192,233,1.10565796,1.16212871,1.22641092,0.47664187,12,9,0.50239646,0.00000000
d1,bear,3,volatility+bb_expand,1189,245,229,1.10501262,1.30706540,1.36667417,0.53804883,12,9,0.55878254,0.00000000
d1,bear,3,rsi40+adx25,1463,222,224,1.10235002,1.16329200,1.40730479,0.55546198,11,8,0.59224958,0.05882353
d1,bear,3,price20_bear+volatility,2344,392,420,1.10050281,1.19111605,1.32293400,0.53563672,12,9,0.53646925,0.00000000
d1,bear,3,ema20_falling+volatility,2344,392,420,1.10050281,1.19111605,1.32293400,0.53563672,12,9,0.53646925,0.00000000
d1,bear,3,atr_expand,649,147,140,1.10030502,1.41950113,1.03674828,0.37686992,11,7,0.45917049,0.00000000
d1,bear,5,rsi40+atr_expand,236,50,70,1.30125179,1.29574525,1.23748379,0.58455683,7,5,0.64455782,0.20000000
d1,bear,5,adx_up3+atr_expand,229,38,60,1.29082913,1.35519914,1.06070039,0.47366053,6,4,0.55330688,0.14285714
d1,bear,5,bb_lower+atr_expand,275,55,85,1.26003177,1.35917333,1.22708476,0.58954205,7,5,0.62239427,0.20000000
d1,bear,5,di_strong_bear+atr_expand,320,64,87,1.22653419,1.27186533,1.19887592,0.57426109,8,6,0.62113095,0.20000000
d1,bear,5,di_spread_down3+atr_expand,342,57,95,1.21966159,1.51549152,1.20957062,0.58513468,8,6,0.66281288,0.20000000
d1,bear,5,di_bear+atr_expand,380,78,97,1.20141468,1.29915286,1.23930630,0.60369205,8,6,0.64880952,0.20000000
d1,bear,5,rsi_down3+atr_expand,335,59,91,1.19122336,1.46411892,1.22388506,0.59130503,6,5,0.69109721,0.40000000
d1,bear,5,macd_bear+atr_expand,392,96,99,1.18139404,1.31512605,1.24998362,0.61103823,7,5,0.64705720,0.33333333
d1,bear,5,atr_expand+bb_expand,313,96,84,1.18051067,1.43625608,1.11541906,0.52415240,9,7,0.63082011,0.10000000
d1,bear,5,adx25+atr_expand,323,47,69,1.17955229,1.20172772,1.33228068,0.64039337,8,7,0.75580357,0.40000000
d1,bear,5,volatility+atr_expand,436,112,96,1.17140112,1.32007013,1.19697093,0.57829831,10,8,0.66423077,0.37500000
d1,bear,5,adx_rising+atr_expand,401,97,114,1.16306960,1.33581984,1.10101941,0.53120219,9,6,0.64363229,0.26666667
d1,bear,5,volatility+adx_up3,853,142,189,1.15706345,1.27515558,1.35627475,0.70198807,12,11,0.74561037,0.11111111
d1,bear,5,macd_falling+atr_expand,406,76,104,1.15683584,1.42077330,1.20688666,0.58810066,7,5,0.59594453,0.16666667
d1,bear,5,macd_accel_down+atr_expand,406,76,104,1.15683584,1.42077330,1.20688666,0.58810066,7,5,0.59594453,0.16666667
d1,bear,5,price20_bear+atr_expand,404,85,97,1.15443294,1.36805682,1.20285611,0.58226633,8,6,0.62980769,0.20000000
d1,bear,5,ema20_falling+atr_expand,404,85,97,1.15443294,1.36805682,1.20285611,0.58226633,8,6,0.62980769,0.20000000
d1,bear,5,bb_bear+atr_expand,404,89,99,1.15036804,1.38123233,1.21426981,0.58998496,8,6,0.64516941,0.33333333
d1,bear,5,ema20_slope_down3+atr_expand,381,86,89,1.14653785,1.29419993,1.21166149,0.58295503,8,6,0.64746746,0.33333333
d1,bear,5,volatility+breakout20_down,320,52,59,1.14442311,1.21396251,1.34834795,0.64025109,6,5,0.74404762,0.33333333
d1,bear,5,momentum_bear+atr_expand,268,53,75,1.13975075,1.25374479,1.13141375,0.52700661,7,5,0.60333000,0.20000000
d1,bear,5,di_strong_bear+price20_cross_down,216,48,54,1.12522585,0.89982309,1.01486766,0.44162734,5,5,0.68388889,0.60000000
d1,bear,5,rsi_down1+atr_expand,285,46,62,1.11786306,1.48064535,1.31161876,0.62118873,6,5,0.77810847,0.50000000
d1,bear,5,rsi40+volatility,1075,168,191,1.10754474,1.18657990,1.44388535,0.75582973,10,10,0.80908840,0.60000000
d1,bear,5,adx_up3+di_spread_down3,573,116,135,1.10627836,1.21726731,0.99522506,0.47869614,12,6,0.54236261,0.16666667
d1,bear,5,atr_expand,649,147,140,1.10577935,1.31088827,1.12383732,0.55336375,11,8,0.61383159,0.16666667
d1,bear,10,rsi40+atr_expand,236,50,70,1.20759929,1.08988030,1.10847015,0.64504961,7,5,0.69098639,0.40000000
d1,bear,10,bb_lower+atr_expand,275,55,85,1.18366257,1.11465031,1.10231882,0.65165447,7,4,0.66882284,0.40000000
d1,bear,10,adx_up3+atr_expand,229,38,60,1.17740673,1.18309375,0.95161117,0.52362619,6,3,0.61044974,0.25000000
d1,bear,10,di_strong_bear+atr_expand,320,64,87,1.15254697,1.10690968,1.09380594,0.64668426,8,5,0.68675595,0.40000000
d1,bear,10,di_bear+atr_expand,380,78,97,1.13967962,1.13529198,1.11687909,0.66925912,8,5,0.71269841,0.40000000
d1,bear,10,di_spread_down3+atr_expand,342,57,95,1.13967962,1.26674685,1.10957092,0.66283179,8,5,0.71732677,0.40000000
d1,bear,10,macd_bear+atr_expand,392,96,99,1.12617453,1.17786543,1.13868003,0.68638479,7,5,0.70563221,0.42857143
d1,bear,10,rsi_down3+atr_expand,335,59,91,1.12596176,1.22380627,1.14225517,0.68476076,6,5,0.74368380,0.40000000
d1,bear,10,volatility+adx_up3,853,142,189,1.12515510,1.11290594,1.24712575,0.79421606,12,11,0.83340197,0.33333333
d1,bear,10,adx25+atr_expand,323,47,69,1.11156608,1.10147478,1.16697022,0.68775960,8,6,0.78392857,0.40000000
d1,bear,10,adx_rising+atr_expand,401,97,114,1.11135036,1.17976734,1.04022274,0.62149339,9,5,0.72106135,0.33333333
d1,bear,20,rsi40+atr_expand,236,50,70,1.15022556,1.07931034,1.05501086,0.70774422,7,3,0.75782313,0.40000000
d1,bear,20,bb_lower+atr_expand,275,55,85,1.13791002,1.09021247,1.03650190,0.70284629,7,3,0.72749631,0.40000000
d1,bear,20,di_spread_down3+atr_expand,342,57,95,1.10606756,1.17819453,1.05014008,0.72026403,8,5,0.76157280,0.40000000
d1,bear,20,adx_up3+atr_expand,229,38,60,1.10306687,1.10455737,0.90693916,0.57491292,6,3,0.66832011,0.28571429
