timeframe,horizon_bars,conditions,discovery_n,discovery_hit,discovery_lift,validation_n,validation_hit,validation_lift,validation_wilson95,oos_n,oos_hit,oos_lift,oos_wilson95
d1,10,sma_stack_bull+adx_up3+volatility,297,0.80471380,1.12420662,38,0.86842105,1.18309375,0.72673141,82,0.89024390,1.30333237,0.80438763
d1,10,price200_bull+volatility+nr4+mtf_volatility,211,0.82938389,1.15867138,36,0.80555556,1.09744892,0.64971957,32,0.93750000,1.37251611,0.79852877
d1,10,ema200_rising+volatility+nr4+mtf_volatility,211,0.82938389,1.15867138,36,0.80555556,1.09744892,0.64971957,32,0.93750000,1.37251611,0.79852877
d1,10,adx_up3+volatility,853,0.80539273,1.12515510,142,0.81690141,1.11290594,0.74523413,189,0.85185185,1.24712575,0.79421606
d1,10,sma_stack_bull+volatility+nr4+mtf_volatility,155,0.87096774,1.21676513,24,0.70833333,0.96499819,0.50832306,31,0.93548387,1.36956446,0.79281363
d1,10,sma_stack_bull+volatility+mtf_volatility,784,0.80739796,1.12795645,111,0.78378378,1.06778814,0.69840449,148,0.85810811,1.25628502,0.79281245
d1,10,volatility+nr4+cross_target_relative_up,257,0.80155642,1.11979567,102,0.80392157,1.09522286,0.71645247,51,0.90196078,1.32048609,0.79021765
d1,10,sma_stack_bull+bb_expand+mtf_volatility,477,0.79454927,1.11000649,136,0.70588235,0.96165909,0.62449616,145,0.85517241,1.25198711,0.78872969
d1,10,volatility+nr4+mtf_volatility,364,0.81318681,1.13604364,72,0.86111111,1.17313505,0.76286813,53,0.88679245,1.29827939,0.77423481
d1,10,sma_stack_bull+atr_expand,251,0.80079681,1.11873447,49,0.85714286,1.16772890,0.73332294,84,0.85714286,1.25487187,0.76669897
d1,10,sma_stack_bull+atr_expand+mtf_volatility,238,0.80252101,1.12114322,48,0.85416667,1.16367428,0.72832823,83,0.85542169,1.25235205,0.76408199
d1,10,volatility+nr7+mtf_di_bull,168,0.79166667,1.10597942,40,0.80000000,1.08988030,0.65242694,20,0.95000000,1.39081633,0.76386881
d1,10,sma_stack_bull+nr4+mtf_volatility,319,0.80877743,1.12988361,93,0.72043011,0.98147823,0.62187578,66,0.86363636,1.26437848,0.76070407
d1,5,price200_bull+volatility+nr4+mtf_volatility,211,0.79146919,1.29976773,36,0.77777778,1.29205366,0.61915297,32,0.90625000,1.60209955,0.75781845
d1,10,adx_up3+volatility+nr4,209,0.85645933,1.19649649,35,0.88571429,1.20665319,0.74048531,59,0.86440678,1.26550638,0.75460339
d1,10,price200_bull+volatility+nr7,212,0.80188679,1.12025721,35,0.80000000,1.08988030,0.64108387,53,0.86792453,1.27065643,0.75159745
d1,10,ema200_rising+volatility+nr7,212,0.80188679,1.12025721,35,0.80000000,1.08988030,0.64108387,53,0.86792453,1.27065643,0.75159745
d1,5,sma_stack_bull+volatility+nr4+mtf_volatility,155,0.82580645,1.35615712,24,0.66666667,1.10747457,0.46706317,31,0.90322581,1.59675327,0.75100062
d1,5,trend_bull+volatility+nr4+mtf_volatility,174,0.79885057,1.31188960,29,0.72413793,1.20294651,0.54282868,25,0.92000000,1.62640726,0.75033891
d1,10,price200_bull+adx_up3+volatility,466,0.79184549,1.10622924,73,0.83561644,1.13840237,0.73428956,101,0.83168317,1.21759845,0.74688791
d1,10,ema200_rising+adx_up3+volatility,466,0.79184549,1.10622924,73,0.83561644,1.13840237,0.73428956,101,0.83168317,1.21759845,0.74688791
d1,5,volatility+nr4+mtf_di_bull+cross_group_return_up,195,0.73846154,1.21271742,69,0.66666667,1.10747457,0.54926475,36,0.88888889,1.57140798,0.74685191
d1,10,volatility+nr4+mtf_di_bull+cross_group_return_up,195,0.83076923,1.16060674,69,0.82608696,1.12541988,0.72016374,36,0.88888889,1.30134861,0.74685191
d1,10,sma_stack_bull+adx_up3+volatility+mtf_volatility,200,0.86000000,1.20144290,23,0.82608696,1.12541988,0.62862352,57,0.85964912,1.25854109,0.74675535
d1,5,volatility+nr4+cross_target_relative_up,257,0.74708171,1.22687366,102,0.70588235,1.17262013,0.61128351,51,0.86274510,1.52519010,0.74278308
d1,10,volatility+nr4+mtf_di_bull,454,0.81718062,1.14162309,103,0.81553398,1.11104303,0.72977344,70,0.84285714,1.23395734,0.74011753
d1,10,price200_bull+volatility+nr4,576,0.79340278,1.10840481,110,0.79090909,1.07749530,0.70574906,127,0.81102362,1.18735252,0.73419296
d1,10,ema200_rising+volatility+nr4,576,0.79340278,1.10840481,110,0.79090909,1.07749530,0.70574906,127,0.81102362,1.18735252,0.73419296
d1,10,adx_up3+volatility+mtf_volatility,546,0.84432234,1.17954080,81,0.86419753,1.17733984,0.77296936,120,0.80833333,1.18341389,0.72878844
d1,10,adx_up3+volatility+mtf_volatility+cross_target_relative_up,200,0.80000000,1.11762131,34,0.88235294,1.20207387,0.73379157,33,0.87878788,1.28656056,0.72674495
d1,5,trend_bull+nr4+mtf_volatility,409,0.74083130,1.21660909,103,0.65048544,1.08059412,0.55450028,70,0.82857143,1.46477673,0.72383352
d1,10,pin_bull+mtf_volatility,161,0.87577640,1.22348295,43,0.88372093,1.20393755,0.75520838,27,0.88888889,1.30134861,0.71942199
d1,10,sma_stack_bull+adx_up3+mtf_volatility,339,0.78761062,1.10031301,80,0.62500000,0.85146899,0.51548725,98,0.80612245,1.18017712,0.71693176
d1,5,volatility+nr4+mtf_volatility,364,0.77472527,1.27227051,72,0.81944444,1.36127082,0.71519658,53,0.83018868,1.46763576,0.70774720
d1,10,sma_stack_bull+volatility+nr4,385,0.79740260,1.11399267,76,0.75000000,1.02176279,0.64223248,86,0.80232558,1.17461844,0.70604089
d1,10,price200_bull+volatility+nr4+cross_target_relative_up,152,0.80263158,1.12129769,48,0.77083333,1.05014509,0.63460736,30,0.86666667,1.26881489,0.70318673
d1,10,ema200_rising+volatility+nr4+cross_target_relative_up,152,0.80263158,1.12129769,48,0.77083333,1.05014509,0.63460736,30,0.86666667,1.26881489,0.70318673
d1,10,price200_bull+pin_bull,327,0.82568807,1.15350823,65,0.89230769,1.21563572,0.79398686,81,0.80246914,1.17482861,0.70295609
d1,10,ema200_rising+pin_bull,327,0.82568807,1.15350823,65,0.89230769,1.21563572,0.79398686,81,0.80246914,1.17482861,0.70295609
d1,10,volatility+nr4+mtf_di_strong_bull,309,0.81877023,1.14384381,72,0.80555556,1.09744892,0.69967241,39,0.84615385,1.23878377,0.70270536
d1,5,trend_bull+rci_bull+nr4+mtf_volatility,261,0.72413793,1.18919488,62,0.64516129,1.07174958,0.52081131,43,0.83720930,1.48004705,0.70027594
d1,5,price200_bull+volatility+nr4,576,0.73611111,1.20885750,110,0.70000000,1.16284830,0.60880139,127,0.77952756,1.37807531,0.69981389
d1,3,volatility+nr7+mtf_di_bull,168,0.64285714,1.28950273,40,0.65000000,1.34290429,0.49505881,20,0.90000000,2.04109817,0.69896635
d1,5,volatility+nr7+mtf_di_bull,168,0.70833333,1.16324023,40,0.75000000,1.24590889,0.59806039,20,0.90000000,1.59105058,0.69896635
d1,5,volatility+nr4+mtf_di_bull,454,0.74449339,1.22262306,103,0.69902913,1.16123547,0.60460546,70,0.80000000,1.41426719,0.69183356
d1,10,nr4+elliott_pullback_bull+mtf_volatility,171,0.82456140,1.15193424,33,0.78787879,1.07336697,0.62248355,24,0.87500000,1.28101504,0.68996119
d1,5,price200_bull+volatility+nr7,212,0.73584906,1.20842715,35,0.68571429,1.13911670,0.52020236,53,0.81132075,1.43428040,0.68641541
d1,3,volatility+nr7,378,0.61375661,1.23113018,72,0.61111111,1.26255959,0.49562355,80,0.78750000,1.78596090,0.68577844
d1,10,price200_bull+adx_up3+volatility+mtf_volatility,278,0.80935252,1.13068702,39,0.84615385,1.15275801,0.70270536,60,0.80000000,1.17121375,0.68218194
d1,10,ema200_rising+adx_up3+volatility+mtf_volatility,278,0.80935252,1.13068702,39,0.84615385,1.15275801,0.70270536,60,0.80000000,1.17121375,0.68218194
d1,10,sma_stack_bull+pin_bull,195,0.84615385,1.18209946,51,0.86274510,1.17536111,0.74278308,63,0.79365079,1.16191840,0.67830186
d1,5,sma_stack_bull+nr4+mtf_volatility,319,0.75235110,1.23552715,93,0.63440860,1.05388709,0.53301092,66,0.78787879,1.39283889,0.67486929
d1,5,price200_bull+volatility+nr4+mtf_di_bull,298,0.77516779,1.27299721,57,0.73684211,1.22405084,0.61023421,50,0.80000000,1.41426719,0.66962894
d1,10,price200_bull+volatility+nr4+mtf_di_bull,298,0.84563758,1.18137823,57,0.82456140,1.12334154,0.70632647,50,0.80000000,1.17121375,0.66962894
d1,10,ema200_rising+volatility+nr4+mtf_di_bull,298,0.84563758,1.18137823,57,0.82456140,1.12334154,0.70632647,50,0.80000000,1.17121375,0.66962894
d1,10,volatility+nr4+mtf_di_bull+cross_target_relative_up,162,0.87037037,1.21593059,71,0.83098592,1.13209398,0.72740872,22,0.86363636,1.26437848,0.66665013
d1,5,price200_bull+volatility+nr4+cross_target_relative_up,152,0.74342105,1.22086204,48,0.66666667,1.10747457,0.52540110,30,0.83333333,1.47319498,0.66435649
d1,5,volatility+nr4+elliott_pullback_bull,211,0.71090047,1.16745605,29,0.75862069,1.26022968,0.57892398,45,0.80000000,1.41426719,0.66177031
d1,5,sma_stack_bull+atr_expand,251,0.71314741,1.17114602,49,0.81632653,1.35609131,0.68642397,84,0.76190476,1.34692113,0.66064934
d1,10,pin_bull+cross_group_bull,185,0.82702703,1.15537878,46,0.93478261,1.27350144,0.82497259,37,0.81081081,1.18704096,0.65795303
