timeframe,from_target,to_target,condition,oos_n,oos_exit_precision,oos_pairs_n_ge5,oos_pair_precision_mean,oos_pair_precision_min
h4,50,100,price20_cross_down+di_spread_down3,711,0.99437412,11,0.99494949,0.96825397
h4,50,100,price20_cross_down,1224,0.95424837,11,0.96332557,0.89808917
h4,50,100,mtf_trend_bull+adx_down3+di_spread_down3,337,0.93471810,10,0.94374747,0.69230769
h4,50,100,adx_down3+di_spread_down3,574,0.93205575,12,0.94277112,0.76000000
h4,50,100,rsi_down3,2804,0.92047076,12,0.93194303,0.82488479
h4,50,100,di_spread_down3+macd_accel_down,2404,0.90599002,12,0.91469230,0.76756757
h4,50,100,di_spread_down3,2591,0.89810884,12,0.90663144,0.76410256
h4,50,100,price20_cross_down+adx_down3,358,0.93296089,11,0.93251874,0.66666667
h4,50,100,adx_down3+macd_accel_down,1102,0.87023593,12,0.90101315,0.70161290
h4,50,100,strong_close_bear+adx_down3,571,0.80910683,11,0.83050560,0.55555556
h4,50,100,ema20_slope_down3,1254,0.80542265,11,0.85531087,0.71212121
h4,50,100,strong_close_bear,2818,0.80872960,12,0.83341006,0.67730496
h4,50,100,close_near_low,3293,0.79289402,12,0.82098994,0.68729642
h4,50,100,macd_accel_down,4478,0.80527021,12,0.83973295,0.61848739
h4,50,100,adx_down3+structure_lh,1329,0.77050414,12,0.81180339,0.53672316
h4,50,100,structure_lh,4986,0.74689130,12,0.78973082,0.56508876
h4,50,100,pullback_bull,5036,0.73411438,12,0.77501034,0.55081001
h4,50,100,adx_down3,1590,0.71949686,12,0.77804509,0.50222222
h4,50,100,nr4,4837,0.72048791,12,0.76383517,0.54250386
h4,50,100,range_compression+adx_down3,1361,0.70903747,12,0.76288807,0.50000000
h4,50,100,range_compression,4705,0.71604676,12,0.76835019,0.50312500
h4,50,100,volatility,2222,0.71107111,12,0.72443225,0.55801105
h4,50,100,mtf_di_strong_bull,2669,0.68340202,12,0.71809593,0.47515528
h4,50,100,mtf_macd_bull,3008,0.72506649,12,0.74376716,0.54545455
h4,50,100,mtf_adx_rising,3115,0.67993579,12,0.72237804,0.50246305
h4,50,100,mtf_trend_bull,2997,0.67734401,12,0.76412364,0.52212389
h4,50,100,atr_expand,1026,0.71929825,12,0.72526501,0.28037383
h4,50,100,price200_bull,3860,0.67953368,12,0.71971509,0.48901099
h4,50,100,false_break_up,2262,0.63616269,12,0.67344078,0.46153846
h4,50,100,bb_expand,3025,0.64066116,12,0.67378178,0.45182724
h4,50,100,false_break_up+adx_down3,350,0.66000000,10,0.62697219,0.25000000
h4,100,150,price20_cross_down+di_spread_down3,205,1.00000000,8,1.00000000,1.00000000
h4,100,150,price20_cross_down,266,0.98872180,9,0.99242424,0.93181818
h4,100,150,mtf_trend_bull+adx_down3+di_spread_down3,117,0.98290598,6,0.98225957,0.94117647
h4,100,150,adx_down3+di_spread_down3,172,0.98837209,8,0.98984375,0.95000000
h4,100,150,rsi_down3,1009,0.89890981,11,0.92020228,0.83333333
h4,100,150,di_spread_down3+macd_accel_down,931,0.87755102,11,0.90393124,0.79333333
h4,100,150,adx_down3+macd_accel_down,324,0.83024691,10,0.84805272,0.40000000
h4,100,150,di_spread_down3,962,0.87629938,11,0.90270944,0.79738562
h4,100,150,price20_cross_down+adx_down3,75,0.98666667,6,0.98611111,0.91666667
h4,100,150,ema20_slope_down3,262,0.90839695,7,0.94255235,0.87500000
h4,100,150,strong_close_bear+adx_down3,138,0.77536232,8,0.80607143,0.42857143
h4,100,150,strong_close_bear,842,0.75653207,11,0.78214912,0.54545455
h4,100,150,adx_down3+structure_lh,353,0.77337110,10,0.79399296,0.40000000
h4,100,150,close_near_low,1037,0.74252652,11,0.76232343,0.66216216
h4,100,150,macd_accel_down,1547,0.71170006,11,0.76220205,0.58707865
h4,100,150,adx_down3,426,0.71596244,11,0.74745780,0.40000000
h4,100,150,structure_lh,1633,0.69014085,11,0.72430405,0.58933333
h4,100,150,range_compression+adx_down3,379,0.70976253,10,0.73883517,0.36363636
h4,100,150,pullback_bull,1652,0.67796610,11,0.71665341,0.57936508
h4,100,150,nr4,1577,0.67279645,11,0.70563986,0.58591549
h4,100,150,range_compression,1561,0.65406791,11,0.71226622,0.52800000
h4,100,150,volatility,807,0.68029740,11,0.67763894,0.58064516
h4,100,150,mtf_di_strong_bull,1014,0.60650888,11,0.65455001,0.46231156
h4,100,150,mtf_macd_bull,961,0.62747138,11,0.64797053,0.50561798
h4,100,150,mtf_trend_bull,1035,0.60483092,10,0.66716867,0.50825083
h4,100,150,mtf_adx_rising,1131,0.62953139,11,0.66102742,0.47572816
h4,100,150,atr_expand,431,0.63573086,11,0.63567921,0.41891892
h4,100,150,price200_bull,1284,0.58878505,11,0.64142668,0.48837209
h4,100,150,bb_expand,1179,0.57591179,11,0.61544674,0.39690722
h4,100,150,false_break_up,832,0.56009615,11,0.60190144,0.36842105
h4,100,150,false_break_up+adx_down3,123,0.64227642,6,0.65732642,0.30769231
h4,150,200,price20_cross_down+di_spread_down3,78,1.00000000,5,1.00000000,1.00000000
h4,150,200,mtf_trend_bull+adx_down3+di_spread_down3,35,0.94285714,2,0.91153846,0.90000000
h4,150,200,price20_cross_down,85,1.00000000,6,1.00000000,1.00000000
h4,150,200,adx_down3+di_spread_down3,54,0.96296296,3,0.94912281,0.90000000
h4,150,200,rsi_down3,439,0.89749431,10,0.93883695,0.81159420
h4,150,200,adx_down3+macd_accel_down,108,0.90740741,6,0.87966893,0.60000000
h4,150,200,price20_cross_down+adx_down3,20,1.00000000,2,1.00000000,1.00000000
h4,150,200,di_spread_down3+macd_accel_down,413,0.88619855,10,0.93185006,0.81553398
h4,150,200,ema20_slope_down3,68,0.97058824,4,0.98611111,0.94444444
h4,150,200,di_spread_down3,415,0.88674699,10,0.93220142,0.81904762
h4,150,200,strong_close_bear+adx_down3,37,0.86486486,1,0.83333333,0.83333333
h4,150,200,strong_close_bear,380,0.81842105,10,0.87371275,0.66197183
h4,150,200,close_near_low,433,0.78290993,10,0.85166520,0.66197183
h4,150,200,adx_down3+structure_lh,107,0.85981308,6,0.84107143,0.60000000
h4,150,200,adx_down3,134,0.76865672,6,0.78957130,0.60000000
h4,150,200,range_compression+adx_down3,115,0.77391304,6,0.79071970,0.60000000
h4,150,200,macd_accel_down,607,0.73805601,10,0.82411369,0.60000000
h4,150,200,structure_lh,613,0.74061990,10,0.82757794,0.60215054
h4,150,200,pullback_bull,615,0.71544715,10,0.80412918,0.60526316
h4,150,200,nr4,586,0.73208191,10,0.82525700,0.60220994
h4,150,200,range_compression,592,0.69256757,10,0.80344065,0.50819672
h4,150,200,mtf_adx_rising,450,0.64000000,10,0.76612766,0.49275362
h4,150,200,mtf_di_strong_bull,395,0.63291139,10,0.78193839,0.39473684
h4,150,200,false_break_up+adx_down3,26,0.61538462,2,0.61616162,0.45454545
h4,150,200,volatility,309,0.77346278,10,0.81671641,0.61818182
h4,150,200,mtf_trend_bull,361,0.61495845,9,0.75905875,0.50340136
h4,150,200,mtf_macd_bull,424,0.70518868,10,0.80916458,0.53846154
h4,150,200,atr_expand,194,0.68041237,7,0.72552445,0.44186047
h4,150,200,price200_bull,485,0.63298969,10,0.77595283,0.45033113
h4,150,200,bb_expand,493,0.62474645,10,0.74695393,0.40625000
h4,150,200,false_break_up,315,0.62222222,9,0.70052580,0.44736842
h4,200,300,price20_cross_down+di_spread_down3,16,1.00000000,1,1.00000000,1.00000000
h4,200,300,mtf_trend_bull+adx_down3+di_spread_down3,10,1.00000000,1,1.00000000,1.00000000
h4,200,300,adx_down3+di_spread_down3,14,1.00000000,1,1.00000000,1.00000000
h4,200,300,price20_cross_down,16,1.00000000,1,1.00000000,1.00000000
h4,200,300,adx_down3+macd_accel_down,25,1.00000000,3,1.00000000,1.00000000
h4,200,300,rsi_down3,157,0.98726115,6,0.98550725,0.91304348
h4,200,300,di_spread_down3+macd_accel_down,154,1.00000000,6,1.00000000,1.00000000
h4,200,300,di_spread_down3,154,1.00000000,6,1.00000000,1.00000000
h4,200,300,ema20_slope_down3,11,1.00000000,1,1.00000000,1.00000000
h4,200,300,strong_close_bear,148,0.96621622,6,0.97765432,0.92592593
h4,200,300,strong_close_bear+adx_down3,8,1.00000000,1,1.00000000,1.00000000
h4,200,300,close_near_low,164,0.95731707,6,0.96753938,0.92592593
h4,200,300,adx_down3+structure_lh,23,1.00000000,3,1.00000000,1.00000000
h4,200,300,range_compression+adx_down3,25,1.00000000,3,1.00000000,1.00000000
h4,200,300,macd_accel_down,202,0.95544554,6,0.96735448,0.93103448
h4,200,300,adx_down3,30,1.00000000,3,1.00000000,1.00000000
h4,200,300,structure_lh,203,0.95566502,6,0.96747400,0.93103448
h4,200,300,pullback_bull,203,0.95073892,6,0.96548987,0.92857143
h4,200,300,nr4,197,0.94416244,6,0.96094378,0.91566265
h4,200,300,range_compression,197,0.92893401,6,0.94748011,0.89743590
h4,200,300,mtf_trend_bull,122,0.93442623,5,0.94305443,0.85714286
h4,200,300,mtf_di_strong_bull,139,0.94244604,6,0.96296296,0.92592593
h4,200,300,mtf_adx_rising,148,0.92567568,5,0.94947485,0.89552239
h4,200,300,price200_bull,150,0.90666667,6,0.91775878,0.77777778
h4,200,300,volatility,106,0.97169811,6,0.97769424,0.89473684
h4,200,300,mtf_macd_bull,158,0.96202532,6,0.95887612,0.88888889
h4,200,300,bb_expand,172,0.92441860,6,0.95090254,0.86567164
h4,200,300,atr_expand,75,0.98666667,6,0.99444444,0.96666667
h4,200,300,false_break_up,105,0.89523810,5,0.91728070,0.82500000
d1,50,100,price20_cross_down+di_spread_down3,195,0.99487179,10,0.99523810,0.95238095
d1,50,100,rsi_down3,661,0.90922844,12,0.91342633,0.78947368
d1,50,100,di_spread_down3+macd_accel_down,610,0.88196721,12,0.88741926,0.80000000
d1,50,100,adx_down3+di_spread_down3,117,0.95726496,8,0.89166667,0.40000000
d1,50,100,di_spread_down3,663,0.84464555,12,0.84815416,0.66101695
d1,50,100,price20_cross_down,403,0.88833747,12,0.90104858,0.81034483
d1,50,100,adx_down3+macd_accel_down,221,0.80995475,12,0.80932301,0.35294118
d1,50,100,price20_cross_down+adx_down3,71,0.94366197,5,1.00000000,1.00000000
d1,50,100,strong_close_bear+adx_down3,84,0.79761905,5,0.71960784,0.16666667
d1,50,100,mtf_trend_bull+adx_down3+di_spread_down3,32,0.96875000,3,1.00000000,1.00000000
d1,50,100,strong_close_bear,544,0.76654412,12,0.76252414,0.54000000
d1,50,100,close_near_low,733,0.73396999,12,0.74495247,0.58441558
d1,50,100,macd_accel_down,1151,0.67854040,12,0.69358435,0.47191011
d1,50,100,ema20_slope_down3,584,0.66780822,12,0.69774145,0.49090909
d1,50,100,adx_down3+structure_lh,320,0.71250000,12,0.68387137,0.17647059
d1,50,100,atr_expand,216,0.60648148,12,0.58311414,0.13333333
d1,50,100,pullback_bull,1434,0.56834031,12,0.58252136,0.36893204
d1,50,100,structure_lh,1436,0.57242340,12,0.58647423,0.35849057
d1,50,100,nr4,1341,0.53765846,12,0.55304504,0.41441441
d1,50,100,adx_down3,389,0.60668380,12,0.61165539,0.10526316
d1,50,100,range_compression+adx_down3,335,0.56716418,12,0.59829350,0.05882353
d1,50,100,range_compression,1402,0.48502140,12,0.51669630,0.29126214
d1,50,100,volatility,541,0.46765250,12,0.47403966,0.24390244
d1,50,100,mtf_adx_rising,1379,0.50543872,12,0.52544862,0.32710280
d1,50,100,price200_bull,1293,0.46481052,12,0.48302706,0.31481481
d1,50,100,mtf_macd_bull,1368,0.42470760,12,0.44950551,0.22772277
d1,50,100,mtf_trend_bull,1013,0.43928924,12,0.45980390,0.26250000
d1,50,100,false_break_up,536,0.44216418,12,0.44857296,0.21875000
d1,50,100,false_break_up+adx_down3,45,0.37777778,3,0.31822612,0.22222222
d1,50,100,bb_expand,630,0.45079365,12,0.46590739,0.22033898
d1,50,100,mtf_di_strong_bull,1072,0.35820896,12,0.36263445,0.10526316
d1,100,150,price20_cross_down+di_spread_down3,116,1.00000000,9,1.00000000,1.00000000
d1,100,150,adx_down3+di_spread_down3,58,0.94827586,5,0.94444444,0.88888889
d1,100,150,price20_cross_down,208,0.90384615,11,0.92071484,0.76923077
d1,100,150,rsi_down3,419,0.93078759,11,0.93382767,0.84090909
d1,100,150,di_spread_down3+macd_accel_down,423,0.89361702,11,0.88559676,0.68181818
d1,100,150,adx_down3+macd_accel_down,112,0.75000000,9,0.76179794,0.46153846
d1,100,150,di_spread_down3,453,0.86092715,11,0.86065924,0.72000000
d1,100,150,mtf_trend_bull+adx_down3+di_spread_down3,19,0.89473684,2,0.90000000,0.80000000
d1,100,150,price20_cross_down+adx_down3,30,0.83333333,3,0.95238095,0.85714286
d1,100,150,strong_close_bear+adx_down3,34,0.67647059,3,0.79545455,0.63636364
d1,100,150,strong_close_bear,362,0.76795580,11,0.77106886,0.60975610
d1,100,150,ema20_slope_down3,242,0.66115702,10,0.69300057,0.51351351
d1,100,150,close_near_low,457,0.74835886,11,0.74622182,0.55555556
d1,100,150,macd_accel_down,730,0.68904110,11,0.70261524,0.48936170
d1,100,150,adx_down3+structure_lh,155,0.65806452,10,0.67056939,0.37500000
d1,100,150,atr_expand,162,0.63580247,11,0.58424091,0.00000000
d1,100,150,pullback_bull,887,0.58286359,11,0.59505713,0.48571429
d1,100,150,structure_lh,886,0.57900677,11,0.59732794,0.44859813
d1,100,150,nr4,862,0.54060325,11,0.55044236,0.41463415
d1,100,150,adx_down3,184,0.55978261,10,0.60352673,0.37500000
d1,100,150,range_compression+adx_down3,154,0.48051948,9,0.50994071,0.20689655
d1,100,150,range_compression,834,0.48321343,11,0.50503164,0.37037037
d1,100,150,volatility,367,0.45231608,11,0.43905050,0.22222222
d1,100,150,mtf_adx_rising,825,0.48969697,11,0.49363056,0.37500000
d1,100,150,false_break_up+adx_down3,24,0.54166667,2,0.53174603,0.28571429
d1,100,150,price200_bull,854,0.46487119,11,0.46300509,0.30000000
d1,100,150,mtf_trend_bull,715,0.46573427,11,0.47343218,0.35869565
d1,100,150,false_break_up,375,0.50666667,11,0.50322087,0.31034483
d1,100,150,mtf_macd_bull,803,0.40099626,11,0.41124348,0.25842697
d1,100,150,bb_expand,487,0.44763860,11,0.45627074,0.21153846
d1,100,150,mtf_di_strong_bull,685,0.37080292,11,0.37879231,0.13888889
d1,150,200,price20_cross_down+di_spread_down3,50,0.92000000,3,0.91666667,0.75000000
d1,150,200,adx_down3+di_spread_down3,23,0.82608696,1,0.60000000,0.60000000
d1,150,200,price20_cross_down,87,0.82758621,6,0.84013209,0.66666667
d1,150,200,rsi_down3,238,0.87815126,11,0.89636431,0.75000000
d1,150,200,di_spread_down3+macd_accel_down,242,0.83884298,11,0.80800505,0.41666667
d1,150,200,adx_down3+macd_accel_down,41,0.63414634,4,0.60937500,0.40000000
d1,150,200,di_spread_down3,256,0.81250000,11,0.80358049,0.50000000
d1,150,200,strong_close_bear+adx_down3,17,0.52941176,1,0.20000000,0.20000000
d1,150,200,price20_cross_down+adx_down3,16,0.43750000,1,0.20000000,0.20000000
d1,150,200,strong_close_bear,203,0.73891626,10,0.71149218,0.46153846
d1,150,200,close_near_low,268,0.68656716,11,0.67579508,0.52173913
d1,150,200,ema20_slope_down3,101,0.69306931,4,0.67925021,0.44444444
d1,150,200,atr_expand,87,0.57471264,8,0.61011332,0.10000000
d1,150,200,macd_accel_down,424,0.62971698,11,0.66355964,0.34210526
d1,150,200,adx_down3+structure_lh,69,0.47826087,6,0.50595238,0.15000000
d1,150,200,pullback_bull,516,0.53488372,11,0.56701745,0.43835616
d1,150,200,structure_lh,508,0.52362205,11,0.56495837,0.40000000
d1,150,200,adx_down3,83,0.46987952,6,0.50291317,0.12000000
d1,150,200,nr4,502,0.46613546,11,0.48655277,0.35294118
d1,150,200,range_compression+adx_down3,75,0.41333333,5,0.45095238,0.08333333
d1,150,200,range_compression,482,0.43775934,11,0.48366580,0.27777778
d1,150,200,volatility,260,0.34230769,11,0.37458510,0.06250000
d1,150,200,price200_bull,520,0.41730769,11,0.43955501,0.23809524
d1,150,200,mtf_trend_bull,448,0.43303571,11,0.47312479,0.30434783
d1,150,200,mtf_adx_rising,467,0.39186296,11,0.40347753,0.21052632
d1,150,200,false_break_up+adx_down3,9,0.33333333,1,0.00000000,0.00000000
d1,150,200,false_break_up,248,0.45564516,11,0.46578148,0.27272727
d1,150,200,bb_expand,304,0.41776316,11,0.44706365,0.23076923
d1,150,200,mtf_di_strong_bull,425,0.31294118,11,0.34385357,0.13888889
d1,150,200,mtf_macd_bull,446,0.32735426,11,0.35063645,0.15384615
d1,200,300,price20_cross_down+di_spread_down3,43,0.97674419,3,0.97916667,0.93750000
d1,200,300,price20_cross_down,70,0.84285714,3,0.77670940,0.53846154
d1,200,300,rsi_down3,195,0.92307692,10,0.95887984,0.72972973
d1,200,300,mtf_trend_bull+adx_down3+di_spread_down3,9,1.00000000,1,1.00000000,1.00000000
d1,200,300,di_spread_down3+macd_accel_down,190,0.90526316,9,0.94176627,0.71428571
d1,200,300,adx_down3+di_spread_down3,23,0.95652174,1,0.93750000,0.93750000
d1,200,300,di_spread_down3,202,0.88613861,9,0.93661222,0.68627451
d1,200,300,adx_down3+macd_accel_down,38,0.97368421,3,0.98245614,0.94736842
d1,200,300,strong_close_bear+adx_down3,16,0.56250000,2,0.41666667,0.00000000
d1,200,300,price20_cross_down+adx_down3,18,0.61111111,2,0.41666667,0.00000000
d1,200,300,strong_close_bear,152,0.86184211,9,0.89435484,0.50000000
d1,200,300,ema20_slope_down3,62,0.69354839,3,0.65602241,0.30000000
d1,200,300,close_near_low,198,0.84848485,10,0.86451336,0.60869565
d1,200,300,macd_accel_down,297,0.78114478,10,0.79412397,0.31250000
d1,200,300,atr_expand,71,0.63380282,6,0.66666667,0.20000000
d1,200,300,adx_down3+structure_lh,64,0.75000000,3,0.74444444,0.40000000
d1,200,300,pullback_bull,365,0.67397260,10,0.69922640,0.30000000
d1,200,300,structure_lh,366,0.67486339,10,0.71870267,0.30000000
d1,200,300,nr4,349,0.66189112,10,0.65618128,0.42857143
d1,200,300,adx_down3,75,0.70666667,4,0.70936455,0.39130435
d1,200,300,range_compression+adx_down3,65,0.66153846,4,0.70020704,0.39130435
d1,200,300,range_compression,325,0.64615385,10,0.66776639,0.50000000
d1,200,300,volatility,210,0.53333333,9,0.50596816,0.25000000
d1,200,300,price200_bull,380,0.60263158,10,0.58995750,0.17647059
d1,200,300,mtf_trend_bull,327,0.60856269,10,0.59398834,0.22222222
d1,200,300,false_break_up,166,0.54216867,10,0.53399471,0.00000000
d1,200,300,mtf_adx_rising,317,0.55835962,10,0.54969867,0.17647059
d1,200,300,mtf_di_strong_bull,306,0.51633987,10,0.53117257,0.28571429
d1,200,300,bb_expand,219,0.57077626,10,0.58069175,0.17647059
d1,200,300,mtf_macd_bull,285,0.48421053,10,0.52352795,0.17647059
