timeframe,target_pips,horizon_bars,conditions,discovery_n,discovery_hit,discovery_lift,validation_n,validation_hit,validation_lift,validation_wilson95,oos_n,oos_hit,oos_lift,oos_wilson95
d1,50,5,adx25+volatility+nr4+cross_target_relative_up,137,0.73722628,1.21068885,35,0.62857143,1.04419031,0.46336937,30,0.96666667,1.70890618,0.83329609
d1,50,10,price200_bull+volatility+nr4+mtf_volatility,211,0.82938389,1.15867138,36,0.80555556,1.09744892,0.64971957,32,0.93750000,1.37251611,0.79852877
d1,50,10,ema200_rising+volatility+nr4+mtf_volatility,211,0.82938389,1.15867138,36,0.80555556,1.09744892,0.64971957,32,0.93750000,1.37251611,0.79852877
d1,50,10,sma_stack_bull+volatility+nr4+mtf_volatility,155,0.87096774,1.21676513,24,0.70833333,0.96499819,0.50832306,31,0.93548387,1.36956446,0.79281363
d1,50,10,volatility+nr4+mtf_volatility,364,0.81318681,1.13604364,72,0.86111111,1.17313505,0.76286813,53,0.88679245,1.29827939,0.77423481
d1,50,10,volatility+nr4+pullback_bull+mtf_di_bull,133,0.84210526,1.17644348,36,0.83333333,1.13529198,0.68109206,27,0.92592593,1.35557147,0.76630407
d1,50,5,price200_bull+volatility+nr4+mtf_volatility,211,0.79146919,1.29976773,36,0.77777778,1.29205366,0.61915297,32,0.90625000,1.60209955,0.75781845
d1,50,10,adx_up3+volatility+nr4,209,0.85645933,1.19649649,35,0.88571429,1.20665319,0.74048531,59,0.86440678,1.26550638,0.75460339
d1,50,5,volatility+nr4+mtf_di_strong_bull+cross_group_return_up,129,0.76744186,1.26030953,49,0.69387755,1.15267761,0.55472106,19,0.94736842,1.67479009,0.75361269
d1,50,10,volatility+nr4+mtf_di_strong_bull+cross_group_return_up,129,0.82170543,1.14794436,49,0.83673469,1.13992583,0.70963662,19,0.94736842,1.38696365,0.75361269
d1,50,5,sma_stack_bull+volatility+nr4+mtf_volatility,155,0.82580645,1.35615712,24,0.66666667,1.10747457,0.46706317,31,0.90322581,1.59675327,0.75100062
d1,50,5,trend_bull+volatility+nr4+mtf_volatility,174,0.79885057,1.31188960,29,0.72413793,1.20294651,0.54282868,25,0.92000000,1.62640726,0.75033891
d1,50,5,volatility+nr4+mtf_di_bull+cross_group_return_up,195,0.73846154,1.21271742,69,0.66666667,1.10747457,0.54926475,36,0.88888889,1.57140798,0.74685191
d1,50,10,volatility+nr4+mtf_di_bull+cross_group_return_up,195,0.83076923,1.16060674,69,0.82608696,1.12541988,0.72016374,36,0.88888889,1.30134861,0.74685191
d1,50,10,sma_stack_bull+adx_up3+volatility+mtf_volatility,200,0.86000000,1.20144290,23,0.82608696,1.12541988,0.62862352,57,0.85964912,1.25854109,0.74675535
d1,50,10,sma_stack_bull+macd_bull+volatility+elliott_pullback_bull,147,0.81632653,1.14042990,21,0.85714286,1.16772890,0.65363940,30,0.90000000,1.31761547,0.74378917
d1,50,5,volatility+nr4+cross_target_relative_up,257,0.74708171,1.22687366,102,0.70588235,1.17262013,0.61128351,51,0.86274510,1.52519010,0.74278308
d1,50,10,volatility+nr4+mtf_di_bull,454,0.81718062,1.14162309,103,0.81553398,1.11104303,0.72977344,70,0.84285714,1.23395734,0.74011753
d1,50,5,adx_up3+volatility+nr4,209,0.77033493,1.26506059,35,0.85714286,1.42389587,0.70624446,59,0.84745763,1.49816439,0.73482016
d1,50,5,adx25+volatility+nr4+mtf_volatility,201,0.80099502,1.31541126,28,0.75000000,1.24590889,0.56644330,34,0.88235294,1.55985351,0.73379157
d1,50,10,price200_bull+macd_bull+volatility+elliott_pullback_bull,257,0.82101167,1.14697517,41,0.85365854,1.16298203,0.71556542,53,0.84905660,1.24303346,0.72945751
d1,50,10,ema200_rising+macd_bull+volatility+elliott_pullback_bull,257,0.82101167,1.14697517,41,0.85365854,1.16298203,0.71556542,53,0.84905660,1.24303346,0.72945751
d1,50,10,adx_up3+volatility+mtf_volatility,546,0.84432234,1.17954080,81,0.86419753,1.17733984,0.77296936,120,0.80833333,1.18341389,0.72878844
d1,50,5,trend_bull+nr4+mtf_volatility,409,0.74083130,1.21660909,103,0.65048544,1.08059412,0.55450028,70,0.82857143,1.46477673,0.72383352
d1,50,5,adx25+volatility+nr4+mtf_di_bull,250,0.75200000,1.23495057,35,0.77142857,1.28150629,0.60982683,37,0.86486486,1.52893750,0.72022588
d1,50,10,pin_bull+mtf_volatility,161,0.87577640,1.22348295,43,0.88372093,1.20393755,0.75520838,27,0.88888889,1.30134861,0.71942199
d1,50,10,price200_bull+macd_bull+volatility+nr4,274,0.81751825,1.14209477,48,0.85416667,1.16367428,0.72832823,55,0.83636364,1.22445074,0.71736254
d1,50,10,ema200_rising+macd_bull+volatility+nr4,274,0.81751825,1.14209477,48,0.85416667,1.16367428,0.72832823,55,0.83636364,1.22445074,0.71736254
d1,50,10,sma_stack_bull+macd_bull+volatility+nr4,141,0.84397163,1.17905085,28,0.85714286,1.16772890,0.68510198,26,0.88461538,1.29509213,0.71024097
d1,50,5,volatility+nr4+mtf_volatility,364,0.77472527,1.27227051,72,0.81944444,1.36127082,0.71519658,53,0.83018868,1.46763576,0.70774720
d1,50,5,sma_stack_bull+adx25+nr4+mtf_volatility,154,0.74675325,1.22633424,35,0.54285714,0.90180072,0.38189725,35,0.85714286,1.51528627,0.70624446
d1,50,5,adx25+bb_expand+nr4+mtf_volatility,146,0.74657534,1.22604208,26,0.80769231,1.34174804,0.62123743,35,0.85714286,1.51528627,0.70624446
d1,50,10,macd_bull+volatility+nr4+mtf_di_strong_bull,255,0.81568627,1.13953545,58,0.81034483,1.10397358,0.69147626,30,0.86666667,1.26881489,0.70318673
d1,50,10,price200_bull+pin_bull,327,0.82568807,1.15350823,65,0.89230769,1.21563572,0.79398686,81,0.80246914,1.17482861,0.70295609
d1,50,10,ema200_rising+pin_bull,327,0.82568807,1.15350823,65,0.89230769,1.21563572,0.79398686,81,0.80246914,1.17482861,0.70295609
d1,50,10,volatility+nr4+mtf_di_strong_bull,309,0.81877023,1.14384381,72,0.80555556,1.09744892,0.69967241,39,0.84615385,1.23878377,0.70270536
d1,50,10,sma_stack_bull+volatility+pullback_bull+mtf_volatility,337,0.83086053,1.16073429,43,0.83720930,1.14057241,0.70027594,56,0.82142857,1.20258555,0.70158818
d1,50,5,volatility+nr4+mtf_di_bull+cross_group_bull,141,0.78014184,1.28116572,62,0.66129032,1.09854332,0.53717700,25,0.88000000,1.55569390,0.70044206
d1,50,10,volatility+nr4+mtf_di_bull+cross_group_bull,141,0.87234043,1.21868281,62,0.82258065,1.12064306,0.70958433,25,0.88000000,1.28833512,0.70044206
d1,50,3,volatility+nr7+mtf_di_bull,168,0.64285714,1.28950273,40,0.65000000,1.34290429,0.49505881,20,0.90000000,2.04109817,0.69896635
d1,50,10,macd_bull+volatility+nr4+cross_target_relative_up,163,0.81595092,1.13990517,72,0.84722222,1.15421352,0.74677711,29,0.86206897,1.26208378,0.69441006
d1,50,5,volatility+nr4+mtf_di_bull,454,0.74449339,1.22262306,103,0.69902913,1.16123547,0.60460546,70,0.80000000,1.41426719,0.69183356
d1,50,10,nr4+elliott_pullback_bull+mtf_volatility,171,0.82456140,1.15193424,33,0.78787879,1.07336697,0.62248355,24,0.87500000,1.28101504,0.68996119
d1,50,5,sma_stack_bull+adx25+atr_expand+mtf_volatility,145,0.75862069,1.24582321,17,0.76470588,1.27033848,0.52738202,45,0.82222222,1.45355239,0.68670175
d1,50,5,sma_stack_bull+adx25+atr_expand,155,0.74193548,1.21842241,17,0.76470588,1.27033848,0.52738202,45,0.82222222,1.45355239,0.68670175
d1,50,3,volatility+nr7,378,0.61375661,1.23113018,72,0.61111111,1.26255959,0.49562355,80,0.78750000,1.78596090,0.68577844
d1,50,10,sma_stack_bull+pin_bull,195,0.84615385,1.18209946,51,0.86274510,1.17536111,0.74278308,63,0.79365079,1.16191840,0.67830186
d1,50,10,rci_bull+volatility+nr4+cross_target_relative_up,158,0.83544304,1.16713617,65,0.84615385,1.15275801,0.73944680,27,0.85185185,1.24712575,0.67521315
d1,50,5,sma_stack_bull+nr4+mtf_volatility,319,0.75235110,1.23552715,93,0.63440860,1.05388709,0.53301092,66,0.78787879,1.39283889,0.67486929
d1,50,10,price200_bull+volatility+nr4+cross_group_bull,135,0.82222222,1.14866634,55,0.78181818,1.06511030,0.65629966,31,0.83870968,1.22788538,0.67365646
d1,50,10,ema200_rising+volatility+nr4+cross_group_bull,135,0.82222222,1.14866634,55,0.78181818,1.06511030,0.65629966,31,0.83870968,1.22788538,0.67365646
d1,50,5,price200_bull+volatility+nr4+mtf_di_bull,298,0.77516779,1.27299721,57,0.73684211,1.22405084,0.61023421,50,0.80000000,1.41426719,0.66962894
d1,50,10,price200_bull+volatility+nr4+mtf_di_bull,298,0.84563758,1.18137823,57,0.82456140,1.12334154,0.70632647,50,0.80000000,1.17121375,0.66962894
d1,50,10,ema200_rising+volatility+nr4+mtf_di_bull,298,0.84563758,1.18137823,57,0.82456140,1.12334154,0.70632647,50,0.80000000,1.17121375,0.66962894
d1,50,10,sma_stack_bull+bb_expand+pullback_bull+mtf_volatility,160,0.81875000,1.14381556,46,0.63043478,0.85887307,0.48600096,50,0.80000000,1.17121375,0.66962894
d1,50,10,price200_bull+macd_bull+volatility+pullback_bull,463,0.81425486,1.13753572,72,0.88888889,1.21097812,0.79577062,90,0.76666667,1.12241318,0.66948294
d1,50,10,ema200_rising+macd_bull+volatility+pullback_bull,463,0.81425486,1.13753572,72,0.88888889,1.21097812,0.79577062,90,0.76666667,1.12241318,0.66948294
d1,50,10,volatility+nr4+mtf_di_bull+cross_target_relative_up,162,0.87037037,1.21593059,71,0.83098592,1.13209398,0.72740872,22,0.86363636,1.26437848,0.66665013
d1,50,10,macd_bull+volatility+elliott_pullback_bull+mtf_di_strong_bull,126,0.82539683,1.15310135,13,0.76923077,1.04796183,0.49743624,22,0.86363636,1.26437848,0.66665013
d1,50,10,price200_bull+rci_bull+volatility+nr7,130,0.83076923,1.16060674,27,0.85185185,1.16052069,0.67521315,26,0.84615385,1.23878377,0.66468801
d1,50,10,ema200_rising+rci_bull+volatility+nr7,130,0.83076923,1.16060674,27,0.85185185,1.16052069,0.67521315,26,0.84615385,1.23878377,0.66468801
d1,50,5,price200_bull+volatility+nr4+cross_target_relative_up,152,0.74342105,1.22086204,48,0.66666667,1.10747457,0.52540110,30,0.83333333,1.47319498,0.66435649
d1,50,10,adx_up3+volatility+pullback_bull,304,0.82894737,1.15806155,53,0.86792453,1.18241731,0.75159745,56,0.78571429,1.15029922,0.66180536
d1,50,5,sma_stack_bull+adx25+bb_expand+mtf_volatility,253,0.74703557,1.22679789,59,0.61016949,1.01362079,0.48266342,70,0.77142857,1.36375764,0.66049668
d1,50,10,pin_bull+cross_group_bull,185,0.82702703,1.15537878,46,0.93478261,1.27350144,0.82497259,37,0.81081081,1.18704096,0.65795303
d1,50,10,macd_bull+volatility+pullback_bull+mtf_di_strong_bull,217,0.83410138,1.16526185,42,0.78571429,1.07041816,0.64060155,29,0.82758621,1.21160043,0.65451560
d1,50,10,price200_bull+rci_bull+volatility+nr4,345,0.82608696,1.15406548,65,0.87692308,1.19467649,0.77548506,70,0.75714286,1.10847015,0.64504961
d1,50,10,ema200_rising+rci_bull+volatility+nr4,345,0.82608696,1.15406548,65,0.87692308,1.19467649,0.77548506,70,0.75714286,1.10847015,0.64504961
d1,50,3,price200_bull+volatility+nr7,212,0.62735849,1.25841409,35,0.65714286,1.35766148,0.49151950,53,0.77358491,1.75440304,0.64473730
d1,50,5,volatility+nr4+mtf_di_strong_bull,309,0.75080906,1.23299479,72,0.70833333,1.17669173,0.59494257,39,0.79487179,1.40520137,0.64466032
d1,50,10,price200_bull+pin_bull+cross_group_bull,159,0.83018868,1.15979570,29,0.89655172,1.22141758,0.73614919,35,0.80000000,1.17121375,0.64108387
d1,50,10,ema200_rising+pin_bull+cross_group_bull,159,0.83018868,1.15979570,29,0.89655172,1.22141758,0.73614919,35,0.80000000,1.17121375,0.64108387
d1,50,5,adx_up3+volatility+mtf_volatility,546,0.75091575,1.23317000,81,0.83950617,1.39459761,0.74452951,120,0.72500000,1.28167964,0.63907034
d1,50,5,price200_bull+volatility+nr4+cross_group_bull,135,0.74814815,1.22862498,55,0.67272727,1.11754252,0.54103224,31,0.80645161,1.42567257,0.63719742
d1,50,5,price200_bull+pin_bull,327,0.76758410,1.26054311,65,0.75384615,1.25229817,0.63694217,81,0.74074074,1.30950665,0.63595651
d1,50,5,pin_bull+mtf_volatility,161,0.80745342,1.32601737,43,0.74418605,1.23625068,0.59761597,27,0.81481481,1.44045732,0.63301316
d1,50,10,price200_bull+adx_up3+volatility+pullback_bull,183,0.83060109,1.16037185,28,0.89285714,1.21638427,0.72804148,34,0.79411765,1.16260188,0.63201612
d1,50,10,ema200_rising+adx_up3+volatility+pullback_bull,183,0.83060109,1.16037185,28,0.89285714,1.21638427,0.72804148,34,0.79411765,1.16260188,0.63201612
d1,50,5,sma_stack_bull+volatility+nr4+mtf_di_bull,176,0.77840909,1.27832015,35,0.65714286,1.09165350,0.49151950,23,0.82608696,1.46038459,0.62862352
d1,50,5,volatility+nr4+elliott_pullback_bull+mtf_di_bull,122,0.73770492,1.21147488,20,0.75000000,1.24590889,0.53129912,23,0.82608696,1.46038459,0.62862352
d1,50,10,sma_stack_bull+volatility+nr4+mtf_di_bull,176,0.85795455,1.19858535,35,0.80000000,1.08988030,0.64108387,23,0.82608696,1.20940550,0.62862352
d1,50,10,sma_stack_bull+macd_bull+volatility+pullback_bull,248,0.83064516,1.16043341,41,0.90243902,1.22943815,0.77452319,47,0.76595745,1.12137487,0.62775742
d1,50,10,pin_bull+cross_target_relative_up,179,0.84916201,1.18630195,60,0.86666667,1.18070366,0.75834840,30,0.80000000,1.17121375,0.62694304
d1,50,5,adx25+volatility+nr4+mtf_di_strong_bull,174,0.74712644,1.22694710,25,0.84000000,1.39541796,0.65346378,19,0.84210526,1.48870230,0.62434525
d1,50,5,sma_stack_bull+rci_bull+nr4+mtf_volatility,191,0.74345550,1.22091861,53,0.60377358,1.00299584,0.46941479,33,0.78787879,1.39283889,0.62248355
d1,50,10,volatility+pullback_bull+mtf_di_strong_bull,258,0.81395349,1.13711470,47,0.80851064,1.10147478,0.67455995,33,0.78787879,1.15346809,0.62248355
d1,50,5,trend_bull+nr7+mtf_volatility,128,0.75000000,1.23166613,24,0.54166667,0.89982309,0.35074865,26,0.80769231,1.42786591,0.62123743
d1,50,5,adx25+pin_bull,204,0.74019608,1.21556592,25,0.76000000,1.26252101,0.56570317,36,0.77777778,1.37498199,0.61915297
d1,50,10,rci_bull+pin_bull,237,0.84388186,1.17892543,68,0.91176471,1.24214299,0.82056231,52,0.75000000,1.09801289,0.61793542
d1,50,10,price200_bull+rci_bull+pin_bull,202,0.84158416,1.17571548,51,0.88235294,1.20207387,0.76619156,52,0.75000000,1.09801289,0.61793542
d1,50,10,ema200_rising+rci_bull+pin_bull,202,0.84158416,1.17571548,51,0.88235294,1.20207387,0.76619156,52,0.75000000,1.09801289,0.61793542
d1,50,5,trend_bull+bb_expand+close_near_high+mtf_volatility,179,0.73743017,1.21102368,50,0.70000000,1.16284830,0.56249650,39,0.76923077,1.35987229,0.61663743
d1,50,5,volatility+nr4+mtf_di_bull+cross_target_relative_up,162,0.79629630,1.30769490,71,0.71830986,1.19326485,0.60457983,22,0.81818182,1.44640962,0.61483393
d1,50,10,sma_stack_bull+rci_bull+volatility+nr4,212,0.83962264,1.17297519,44,0.86363636,1.17657533,0.73290547,42,0.76190476,1.11544167,0.61472456
d1,50,10,pin_bull+cross_group_return_up,211,0.81990521,1.14542942,48,0.91666667,1.24882118,0.80446698,42,0.76190476,1.11544167,0.61472456
d1,50,5,sma_stack_bull+adx_up3+volatility+mtf_volatility,200,0.79500000,1.30556610,23,0.82608696,1.37230544,0.62862352,57,0.73684211,1.30261451,0.61023421
d1,50,5,adx25+nr7+mtf_volatility,139,0.74820144,1.22871249,18,0.55555556,0.92289547,0.33716416,25,0.80000000,1.41426719,0.60869050
d1,50,3,sma_stack_bull+volatility+nr7,145,0.63448276,1.27270461,26,0.65384615,1.35085047,0.46220571,41,0.75609756,1.71474372,0.60656664
d1,50,10,price200_bull+pin_bull+cross_target_relative_up,143,0.86713287,1.21140771,40,0.82500000,1.12393906,0.68050010,28,0.78571429,1.15029922,0.60461414
d1,50,10,ema200_rising+pin_bull+cross_target_relative_up,143,0.86713287,1.21140771,40,0.82500000,1.12393906,0.68050010,28,0.78571429,1.15029922,0.60461414
d1,50,5,price200_bull+volatility+nr4+elliott_pullback_bull,127,0.75590551,1.24136429,14,0.78571429,1.30523788,0.52410769,31,0.77419355,1.36864566,0.60187582
d1,50,5,pin_bull+cross_group_bull,185,0.77297297,1.26939284,46,0.69565217,1.15562564,0.55194354,37,0.75675676,1.33782031,0.59882708
d1,50,5,trend_bull+pin_bull,246,0.77235772,1.26838247,55,0.72727273,1.20815408,0.59767802,64,0.71875000,1.27063067,0.59866070
d1,50,10,price200_bull+pin_bull+cross_group_return_up,179,0.82681564,1.15508347,29,0.89655172,1.22141758,0.73614919,40,0.75000000,1.09801289,0.59806039
d1,50,10,ema200_rising+pin_bull+cross_group_return_up,179,0.82681564,1.15508347,29,0.89655172,1.22141758,0.73614919,40,0.75000000,1.09801289,0.59806039
d1,50,5,nr4+elliott_pullback_bull+mtf_volatility,171,0.78947368,1.29649066,33,0.63636364,1.05713482,0.46616178,24,0.79166667,1.39953524,0.59529547
d1,50,5,sma_stack_bull+pin_bull,195,0.78461538,1.28851226,51,0.72549020,1.20519291,0.59053349,63,0.71428571,1.26273856,0.59297283
d1,50,5,rci_bull+volatility+nr4+cross_target_relative_up,158,0.79113924,1.29922588,65,0.72307692,1.20118396,0.60419362,27,0.77777778,1.37498199,0.59243071
d1,50,5,trend_bull+volatility+nr4+mtf_di_bull,219,0.76255708,1.25228763,39,0.66666667,1.10747457,0.50977394,27,0.77777778,1.37498199,0.59243071
d1,50,5,price200_bull+rci_bull+volatility+nr4,345,0.75942029,1.24713633,65,0.76923077,1.27785527,0.65355291,70,0.70000000,1.23748379,0.58455683
d1,50,10,macd_bull+pin_bull,218,0.85321101,1.19195850,50,0.88000000,1.19886834,0.76195183,44,0.72727273,1.06473977,0.58151127
d1,50,5,price200_bull+volatility+nr4+mtf_di_strong_bull,206,0.77184466,1.26753990,40,0.75000000,1.24590889,0.59806039,26,0.76923077,1.35987229,0.57948446
d1,50,10,price200_bull+volatility+nr4+mtf_di_strong_bull,206,0.83495146,1.16644942,40,0.80000000,1.08988030,0.65242694,26,0.76923077,1.12616707,0.57948446
d1,50,10,ema200_rising+volatility+nr4+mtf_di_strong_bull,206,0.83495146,1.16644942,40,0.80000000,1.08988030,0.65242694,26,0.76923077,1.12616707,0.57948446
d1,50,5,price200_bull+pin_bull+cross_group_bull,159,0.77358491,1.27039777,29,0.62068966,1.03109701,0.44002544,35,0.74285714,1.31324810,0.57930693
d1,50,10,price200_bull+macd_bull+pin_bull,171,0.84795322,1.18461323,31,0.83870968,1.14261645,0.67365646,43,0.72093023,1.05545425,0.57308971
d1,50,10,ema200_rising+macd_bull+pin_bull,171,0.84795322,1.18461323,31,0.83870968,1.14261645,0.67365646,43,0.72093023,1.05545425,0.57308971
d1,50,5,trend_bull+nr4+close_near_high+mtf_volatility,120,0.77500000,1.27272167,38,0.76315789,1.26776694,0.60793188,25,0.76000000,1.34355383,0.56570317
d1,50,5,pin_bull+cross_group_return_up,211,0.77251185,1.26863557,48,0.68750000,1.14208315,0.54666929,42,0.71428571,1.26273856,0.56432791
d1,50,5,sma_stack_bull+bb_expand+close_near_high+mtf_volatility,150,0.74666667,1.22619206,44,0.68181818,1.13264445,0.53443104,39,0.71794872,1.26921414,0.56224681
d1,50,5,trend_bull+adx_up3+volatility+mtf_volatility,206,0.76699029,1.25956795,26,0.84615385,1.40564080,0.66468801,47,0.70212766,1.24124514,0.56022326
d1,50,10,sma_stack_bull+macd_bull+elliott_impulse_bull+cross_group_bull,201,0.82089552,1.14681291,95,0.69473684,0.94647500,0.59606604,47,0.70212766,1.02792696,0.56022326
d1,50,3,adx25+pin_bull,204,0.66176471,1.32742928,25,0.68000000,1.40488449,0.48410269,36,0.72222222,1.63791828,0.56007510
d1,50,5,volatility+pin_bull,166,0.79518072,1.30586289,34,0.85294118,1.41691599,0.69871944,36,0.72222222,1.27676899,0.56007510
d1,50,10,volatility+pin_bull,166,0.83734940,1.16979941,34,0.94117647,1.28221212,0.80906393,36,0.72222222,1.05734575,0.56007510
d1,50,5,trend_bull+rci_bull+volatility+nr4,265,0.76226415,1.25180658,49,0.77551020,1.28828674,0.64121213,52,0.69230769,1.22388506,0.55730411
d1,50,5,pin_bull+cross_target_relative_up,179,0.75977654,1.24772137,60,0.76666667,1.27359575,0.64563730,30,0.73333333,1.29641159,0.55552038
d1,50,5,price200_bull+adx25+pin_bull,142,0.74647887,1.22588366,18,0.72222222,1.19976412,0.49127343,30,0.73333333,1.29641159,0.55552038
d1,50,3,pin_bull+mtf_volatility,161,0.72670807,1.45769874,43,0.65116279,1.34530662,0.50171782,27,0.74074074,1.67991619,0.55321429
d1,50,10,adx_up3+volatility+pullback_bull+cross_group_return_up,141,0.83687943,1.16914286,34,0.82352941,1.12193561,0.66486263,27,0.74074074,1.08445717,0.55321429
d1,50,5,rci_bull+volatility+nr4+mtf_di_strong_bull,236,0.75000000,1.23166613,52,0.71153846,1.18201613,0.57727212,24,0.75000000,1.32587549,0.55100556
d1,50,10,rci_bull+volatility+pullback_bull+mtf_di_strong_bull,209,0.81339713,1.13633745,37,0.81081081,1.10460842,0.65795303,24,0.75000000,1.09801289,0.55100556
d1,100,10,sma_stack_bull+adx_up3+volatility,297,0.61616162,1.29479318,38,0.63157895,1.29770817,0.47283960,82,0.65853659,1.50854683,0.55087740
h4,50,12,volatility+pin_bull+mtf_trend_bull+cross_group_bull,128,0.65625000,1.48177002,36,0.47222222,1.11095087,0.31986042,32,0.71875000,1.88527020,0.54625491
d1,50,5,price200_bull+pin_bull+cross_group_return_up,179,0.77653631,1.27524463,29,0.62068966,1.03109701,0.44002544,40,0.70000000,1.23748379,0.54569981
d1,50,3,volatility+close_near_high+elliott_pullback_bull,127,0.62992126,1.26355473,19,0.57894737,1.19610908,0.36275904,37,0.70270270,1.59365022,0.54216864
d1,50,5,price200_bull+rci_bull+volatility+nr7,130,0.75384615,1.23798237,27,0.77777778,1.29205366,0.59243071,26,0.73076923,1.29187868,0.53916960
h4,50,12,volatility+pin_bull+mtf_trend_bull+cross_group_return_up,148,0.62837838,1.41883770,37,0.45945946,1.08092517,0.31038570,34,0.70588235,1.85151856,0.53831090
h4,50,12,volatility+pin_bull+mtf_price200_bull+cross_group_return_up,174,0.60919540,1.37552378,39,0.46153846,1.08581624,0.31566886,34,0.70588235,1.85151856,0.53831090
d1,50,10,nr4+pullback_bull+mtf_di_bull+cross_target_relative_up,145,0.82068966,1.14652531,106,0.75471698,1.02818897,0.66485522,34,0.70588235,1.03342390,0.53831090
d1,50,5,price200_bull+rci_bull+pin_bull,202,0.78217822,1.28450989,51,0.76470588,1.27033848,0.63237775,52,0.67307692,1.18988826,0.53756189
d1,50,5,rci_bull+pin_bull,237,0.78059072,1.28190286,68,0.80882353,1.34362723,0.69989359,52,0.67307692,1.18988826,0.53756189
h4,50,12,volatility+pin_bull+mtf_price200_bull+cross_group_bull,149,0.63758389,1.43962316,37,0.45945946,1.08092517,0.31038570,31,0.70967742,1.86147296,0.53407671
d1,50,10,sma_stack_bull+rci_bull+elliott_impulse_bull+cross_group_bull,207,0.81642512,1.14056764,97,0.69072165,0.94100490,0.59295416,49,0.67346939,0.98597076,0.53379205
d1,100,10,price200_bull+pin_bull,327,0.66055046,1.38807125,65,0.73846154,1.51732032,0.62049197,81,0.64197531,1.47060898,0.53333062
d1,50,3,price200_bull+pin_bull,327,0.67889908,1.36179901,65,0.69230769,1.43031226,0.57202357,81,0.64197531,1.45592736,0.53333062
h4,50,12,volatility+pin_bull+mtf_price200_bull,352,0.63068182,1.42403872,64,0.43750000,1.02926331,0.32294010,71,0.64788732,1.69939849,0.53182062
d1,100,10,volatility+pin_bull,166,0.72289157,1.51907396,34,0.85294118,1.75254215,0.69871944,36,0.69444444,1.59080299,0.53143727
d1,50,10,volatility+pullback_bull+mtf_di_bull+cross_group_return_up,262,0.81679389,1.14108282,66,0.80303030,1.09400864,0.69161212,41,0.68292683,0.99981661,0.53015800
d1,50,5,price200_bull+pin_bull+cross_target_relative_up,143,0.77622378,1.27473138,40,0.70000000,1.16284830,0.54569981,28,0.71428571,1.26273856,0.52940712
