timeframe,from_target,to_target,conditions,discovery_n,oos_n,oos_continuation_rate,oos_pairs_n_ge5,oos_pair_rate_mean,oos_pair_rate_min
h4,50,100,atr_expand+breakout20_up+close_near_high+mtf_volatility,366,26,1.00000000,2,1.00000000,1.00000000
h4,50,100,atr_expand+horizontal_break_up+strong_close_bull+mtf_volatility,185,26,1.00000000,2,1.00000000,1.00000000
h4,50,100,atr_expand+close_near_high+mtf_volatility+cross_target_relative_up,281,14,0.71428571,2,0.60000000,0.20000000
h4,50,100,atr_expand+horizontal_break_up+close_near_high+mtf_volatility,195,26,1.00000000,2,1.00000000,1.00000000
h4,50,100,atr_expand+breakout20_up+strong_close_bull+mtf_volatility,324,26,1.00000000,2,1.00000000,1.00000000
h4,50,100,di_strong_bull+atr_expand+close_near_high+mtf_volatility,392,27,0.96296296,2,0.91666667,0.83333333
h4,50,100,price200_bull+atr_expand+close_near_high+mtf_volatility,368,18,0.83333333,1,0.71428571,0.71428571
h4,50,100,macd_accel_up+atr_expand+close_near_high+mtf_volatility,593,46,0.63043478,3,0.63194444,0.06250000
h4,50,100,atr_expand+close_near_high+mtf_volatility,604,54,0.66666667,3,0.59226190,0.06250000
h4,50,100,di_strong_bull+atr_expand+strong_close_bull+mtf_volatility,329,26,1.00000000,2,1.00000000,1.00000000
h4,50,100,price200_bull+atr_expand+strong_close_bull+mtf_volatility,323,15,0.86666667,1,0.83333333,0.83333333
h4,50,100,atr_expand+strong_close_bull+mtf_volatility+cross_target_relative_up,214,14,0.71428571,2,0.60000000,0.20000000
h4,50,100,atr_expand+strong_close_bull+mtf_volatility,500,39,0.84615385,3,0.67777778,0.20000000
h4,50,100,macd_accel_up+atr_expand+strong_close_bull+mtf_volatility,492,34,0.82352941,3,0.67777778,0.20000000
h4,50,100,atr_expand+structure_bull_transition+close_near_high+mtf_volatility,447,54,0.66666667,3,0.59226190,0.06250000
h4,50,100,atr_expand+breakout20_up+impulse_bull+mtf_volatility,443,59,0.44067797,5,0.44941725,0.00000000
h4,50,100,adx25+atr_expand+close_near_high+mtf_volatility,311,23,0.30434783,1,0.06250000,0.06250000
h4,50,100,atr_expand+close_near_high+mtf_volatility+cross_group_return_up,298,38,0.71052632,3,0.66666667,0.00000000
h4,50,100,macd_accel_up+atr_expand+impulse_bull+mtf_volatility,793,116,0.32758621,6,0.29490405,0.06250000
h4,50,100,atr_expand+horizontal_break_up+impulse_bull+mtf_volatility,235,40,0.65000000,5,0.65333333,0.00000000
h4,50,100,atr_expand+structure_bull_transition+strong_close_bull+mtf_volatility,363,39,0.84615385,3,0.67777778,0.20000000
h4,50,100,atr_expand+impulse_bull+mtf_volatility,814,125,0.36800000,6,0.29512335,0.06250000
h4,50,100,trend_bull+atr_expand+breakout20_up+mtf_volatility,225,14,0.00000000,1,0.00000000,0.00000000
h4,50,100,sma_stack_bull+atr_expand+horizontal_break_up+mtf_volatility,167,12,0.00000000,1,0.00000000,0.00000000
h4,50,100,trend_bull+atr_expand+impulse_bull+mtf_volatility,280,20,0.20000000,1,0.00000000,0.00000000
h4,50,100,atr_expand+impulse_bull+mtf_volatility+cross_target_relative_up,386,57,0.29824561,5,0.35464646,0.04545455
h4,50,100,atr_expand+strong_close_bull+mtf_volatility+cross_group_return_up,253,26,1.00000000,2,1.00000000,1.00000000
h4,50,100,di_strong_bull+atr_expand+breakout20_up+mtf_volatility,407,62,0.41935484,5,0.44121212,0.00000000
h4,50,100,atr_expand+breakout20_up+mtf_volatility,465,62,0.41935484,5,0.44121212,0.00000000
h4,50,100,macd_accel_up+atr_expand+breakout20_up+mtf_volatility,465,62,0.41935484,5,0.44121212,0.00000000
h4,50,100,atr_expand+structure_bull_transition+impulse_bull+mtf_volatility,599,111,0.35135135,6,0.26642081,0.06250000
h4,50,100,price200_bull+atr_expand+impulse_bull+mtf_volatility,480,43,0.39534884,4,0.40595238,0.10000000
h4,50,100,sma_stack_bull+atr_expand+breakout20_up+mtf_volatility,201,12,0.00000000,1,0.00000000,0.00000000
h4,50,100,di_strong_bull+atr_expand+impulse_bull+mtf_volatility,540,90,0.35555556,5,0.32026034,0.00000000
h4,50,100,sma_stack_bull+atr_expand+impulse_bull+mtf_volatility,258,21,0.19047619,1,0.00000000,0.00000000
h4,50,100,atr_expand+impulse_bull+mtf_volatility+cross_group_return_up,412,80,0.35000000,6,0.30428830,0.00000000
h4,50,100,trend_bull+atr_expand+horizontal_break_up+mtf_volatility,193,14,0.00000000,1,0.00000000,0.00000000
h4,50,100,adx25+atr_expand+impulse_bull+mtf_volatility,466,31,0.25806452,1,0.06250000,0.06250000
h4,50,100,di_strong_bull+atr_expand+horizontal_break_up+mtf_volatility,228,43,0.60465116,5,0.62000000,0.00000000
h4,50,100,adx25+atr_expand+strong_close_bull+mtf_volatility,254,11,0.63636364,1,0.20000000,0.20000000
h4,50,100,atr_expand+horizontal_break_up+mtf_volatility,248,43,0.60465116,5,0.62000000,0.00000000
h4,50,100,macd_accel_up+atr_expand+horizontal_break_up+mtf_volatility,248,43,0.60465116,5,0.62000000,0.00000000
h4,50,100,price200_bull+atr_expand+horizontal_break_up+mtf_volatility,234,28,0.42857143,4,0.52500000,0.00000000
h4,50,100,atr_expand+close_near_high+mtf_volatility+cross_group_bull,210,42,0.64285714,3,0.68750000,0.06250000
h4,50,100,trend_bull+atr_expand+structure_bull_transition+mtf_volatility,243,22,0.18181818,1,0.00000000,0.00000000
h4,50,100,sma_stack_bull+atr_expand+structure_bull_transition+mtf_volatility,232,21,0.19047619,1,0.00000000,0.00000000
h4,50,100,price200_bull+atr_expand+breakout20_up+mtf_volatility,338,28,0.42857143,4,0.52500000,0.00000000
h4,50,100,atr_expand+breakout20_up+mtf_volatility+cross_group_return_up,260,62,0.41935484,5,0.44121212,0.00000000
h4,50,100,price200_bull+macd_accel_up+atr_expand+mtf_volatility,538,49,0.30612245,5,0.29692308,0.00000000
h4,50,100,trend_bull+atr_expand+horizontal_break_up+strong_close_bull,851,97,0.56701031,7,0.58172354,0.00000000
h4,50,100,trend_bull+macd_accel_up+atr_expand+mtf_volatility,324,19,0.10526316,1,0.00000000,0.00000000
h4,50,100,price200_bull+atr_expand+structure_bull_transition+mtf_volatility,407,45,0.37777778,4,0.36428571,0.10000000
h4,50,100,atr_expand+impulse_bull+mtf_volatility+cross_group_bull,308,84,0.33333333,6,0.30508959,0.06250000
h4,50,100,di_strong_bull+atr_expand+horizontal_break_up+strong_close_bull,1224,185,0.57297297,12,0.70028069,0.00000000
h4,50,100,price200_bull+atr_expand+horizontal_break_up+strong_close_bull,1209,158,0.53164557,10,0.65806410,0.00000000
h4,50,100,sma_stack_bull+atr_expand+breakout20_up+strong_close_bull,717,83,0.56626506,7,0.58309717,0.00000000
h4,50,100,trend_bull+atr_expand+strong_close_bull+mtf_adx25,439,48,0.60416667,4,0.68750000,0.00000000
h4,50,100,macd_accel_up+atr_expand+structure_bull_transition+mtf_volatility,659,112,0.28571429,6,0.24619474,0.06250000
h4,50,100,trend_bull+di_strong_bull+atr_expand+strong_close_bull,938,115,0.60869565,7,0.62950195,0.00000000
h4,50,100,sma_stack_bull+macd_accel_up+atr_expand+mtf_volatility,302,17,0.05882353,1,0.00000000,0.00000000
h4,50,100,sma_stack_bull+atr_expand+horizontal_break_up+strong_close_bull,667,83,0.56626506,7,0.58309717,0.00000000
h4,50,100,sma_stack_bull+di_strong_bull+atr_expand+strong_close_bull,721,86,0.54651163,7,0.58309717,0.00000000
h4,50,100,sma_stack_bull+atr_expand+strong_close_bull+mtf_trend_bull,572,76,0.52631579,6,0.53296703,0.00000000
h4,50,100,macd_accel_up+atr_expand+mtf_volatility,935,134,0.29104478,7,0.23491096,0.00000000
h4,50,100,atr_expand+breakout20_up+mtf_volatility+cross_target_relative_up,214,31,0.19354839,4,0.25000000,0.00000000
h4,50,100,atr_expand+structure_bull_transition+mtf_volatility,684,121,0.33057851,6,0.24905780,0.06250000
h4,50,100,di_strong_bull+atr_expand+horizontal_break_up+close_near_high,1461,237,0.54008439,12,0.64521001,0.00000000
h4,50,100,trend_bull+atr_expand+breakout20_up+strong_close_bull,936,109,0.61467890,7,0.62538107,0.00000000
h4,50,100,atr_expand+horizontal_break_up+strong_close_bull,1270,188,0.57978723,12,0.70388646,0.00000000
h4,50,100,macd_accel_up+atr_expand+horizontal_break_up+strong_close_bull,1270,188,0.57978723,12,0.70388646,0.00000000
h4,50,100,price200_bull+atr_expand+breakout20_up+strong_close_bull,1657,187,0.52406417,10,0.62056410,0.00000000
h4,50,100,di_strong_bull+atr_expand+structure_bull_transition+mtf_volatility,454,86,0.31395349,5,0.27283522,0.00000000
h4,50,100,macd_accel_up+atr_expand+mtf_volatility+cross_target_relative_up,464,68,0.22058824,6,0.28428649,0.00000000
h4,50,100,atr_expand+horizontal_break_up+mtf_adx25+cross_target_relative_up,401,70,0.52857143,6,0.53540305,0.00000000
h4,50,100,trend_bull+atr_expand+close_near_high+mtf_adx25,568,56,0.55357143,5,0.55000000,0.00000000
h4,100,150,sma_stack_bull+atr_expand+strong_close_bull+mtf_adx25,212,11,0.36363636,1,0.36363636,0.36363636
h4,100,150,price200_bull+atr_expand+strong_close_bull+mtf_volatility,247,37,0.83783784,3,0.91666667,0.75000000
h4,100,150,ema200_rising+atr_expand+strong_close_bull+mtf_volatility,247,37,0.83783784,3,0.91666667,0.75000000
h4,100,150,atr_expand+horizontal_break_up+strong_close_bull+mtf_adx25,365,27,0.62962963,2,0.68181818,0.36363636
h4,100,150,price200_bull+atr_expand+strong_close_bull+mtf_adx25,426,17,0.41176471,1,0.36363636,0.36363636
h4,100,150,ema200_rising+atr_expand+strong_close_bull+mtf_adx25,426,17,0.41176471,1,0.36363636,0.36363636
h4,100,150,dmi_adx_strong_bull+atr_expand+strong_close_bull+mtf_adx25,442,28,0.64285714,2,0.68181818,0.36363636
h4,100,150,price200_bull+dmi_adx_strong_bull+atr_expand+strong_close_bull,1081,137,0.70072993,9,0.68464226,0.00000000
h4,100,150,ema200_rising+dmi_adx_strong_bull+atr_expand+strong_close_bull,1081,137,0.70072993,9,0.68464226,0.00000000
h4,100,150,bb_expand+horizontal_break_up+strong_close_bull+mtf_adx25,835,142,0.70422535,8,0.63316817,0.14285714
h4,100,150,dmi_adx_strong_bull+atr_expand+breakout20_up+strong_close_bull,1148,155,0.72903226,9,0.75130625,0.36363636
h4,100,150,sma_stack_bull+atr_expand+structure_bull_transition+strong_close_bull,389,59,0.76271186,4,0.84090909,0.36363636
h4,100,150,sma_stack_bull+bb_expand+strong_close_bull+mtf_adx25,521,78,0.64102564,4,0.64241050,0.33333333
h4,100,150,price200_bull+atr_expand+horizontal_break_up+strong_close_bull,882,130,0.72307692,9,0.70208292,0.00000000
h4,100,150,ema200_rising+atr_expand+horizontal_break_up+strong_close_bull,882,130,0.72307692,9,0.70208292,0.00000000
h4,100,150,sma_stack_bull+atr_expand+horizontal_break_up+mtf_volatility,177,10,0.30000000,1,0.42857143,0.42857143
h4,100,150,sma_stack_bull+atr_expand+impulse_bull+mtf_volatility,214,10,0.30000000,1,0.42857143,0.42857143
h4,100,150,price200_bull+bb_expand+strong_close_bull+mtf_adx25,871,125,0.62400000,7,0.53713882,0.14285714
h4,100,150,ema200_rising+bb_expand+strong_close_bull+mtf_adx25,871,125,0.62400000,7,0.53713882,0.14285714
h4,100,150,dmi_adx_strong_bull+bb_expand+strong_close_bull+mtf_adx25,1072,159,0.69811321,8,0.56178206,0.00000000
h4,100,150,price200_bull+volatility+strong_close_bull+mtf_volatility,721,51,0.76470588,6,0.72685185,0.20000000
h4,100,150,ema200_rising+volatility+strong_close_bull+mtf_volatility,721,51,0.76470588,6,0.72685185,0.20000000
h4,100,150,dmi_adx_strong_bull+atr_expand+strong_close_bull,1201,157,0.71974522,9,0.74236232,0.36363636
h4,100,150,dmi_adx_strong_bull+atr_expand+horizontal_break_up+strong_close_bull,878,150,0.74000000,9,0.75980298,0.36363636
h4,100,150,dmi_adx_strong_bull+atr_expand+structure_bull_transition+strong_close_bull,954,151,0.74172185,9,0.77322652,0.36363636
h4,100,150,sma_stack_bull+atr_expand+structure_bull_transition+mtf_volatility,205,10,0.30000000,1,0.42857143,0.42857143
h4,100,150,atr_expand+horizontal_break_up+strong_close_bull+mtf_volatility,165,46,0.80434783,4,0.81250000,0.50000000
h4,100,150,price200_bull+volatility+close_near_high+mtf_volatility,864,69,0.62318841,6,0.63718806,0.12500000
h4,100,150,ema200_rising+volatility+close_near_high+mtf_volatility,864,69,0.62318841,6,0.63718806,0.12500000
h4,100,150,atr_expand+horizontal_break_up+strong_close_bull,902,150,0.74000000,9,0.75980298,0.36363636
h4,100,150,macd_accel_up+atr_expand+horizontal_break_up+strong_close_bull,902,150,0.74000000,9,0.75980298,0.36363636
h4,100,150,bb_expand+strong_close_bull+mtf_trend_bull+cross_group_return_up,983,230,0.64347826,9,0.53297723,0.14285714
h4,100,150,price200_bull+atr_expand+strong_close_bull,1275,137,0.70072993,9,0.68464226,0.00000000
h4,100,150,ema200_rising+atr_expand+strong_close_bull,1275,137,0.70072993,9,0.68464226,0.00000000
h4,100,150,price200_bull+macd_accel_up+atr_expand+strong_close_bull,1270,137,0.70072993,9,0.68464226,0.00000000
h4,100,150,ema200_rising+macd_accel_up+atr_expand+strong_close_bull,1270,137,0.70072993,9,0.68464226,0.00000000
h4,100,150,sma_stack_bull+atr_expand+breakout20_up+mtf_volatility,193,10,0.30000000,1,0.42857143,0.42857143
h4,100,150,price200_bull+atr_expand+breakout20_up+strong_close_bull,1118,135,0.71111111,9,0.69358619,0.00000000
h4,100,150,ema200_rising+atr_expand+breakout20_up+strong_close_bull,1118,135,0.71111111,9,0.69358619,0.00000000
h4,100,150,price200_bull+atr_expand+close_near_high+mtf_volatility,299,38,0.84210526,3,0.91666667,0.75000000
h4,100,150,ema200_rising+atr_expand+close_near_high+mtf_volatility,299,38,0.84210526,3,0.91666667,0.75000000
h4,100,150,sma_stack_bull+atr_expand+strong_close_bull,508,59,0.76271186,4,0.84090909,0.36363636
h4,100,150,dmi_adx_strong_bull+atr_expand+strong_close_bull+cross_group_return_up,718,133,0.75187970,7,0.75966064,0.42857143
h4,100,150,sma_stack_bull+atr_expand+horizontal_break_up+strong_close_bull,464,57,0.78947368,4,0.84090909,0.36363636
h4,100,150,atr_expand+horizontal_break_up+close_near_high+mtf_adx25,455,32,0.53125000,3,0.45454545,0.00000000
h4,100,150,atr_expand+breakout20_up+strong_close_bull+mtf_adx25,511,28,0.64285714,2,0.68181818,0.36363636
h4,100,150,price200_bull+atr_expand+structure_bull_transition+strong_close_bull,989,131,0.72519084,9,0.71550646,0.00000000
h4,100,150,ema200_rising+atr_expand+structure_bull_transition+strong_close_bull,989,131,0.72519084,9,0.71550646,0.00000000
h4,100,150,bb_expand+strong_close_bull+mtf_trend_bull+cross_group_bull,882,218,0.65137615,8,0.55780375,0.00000000
h4,100,150,sma_stack_bull+macd_accel_up+atr_expand+strong_close_bull,504,59,0.76271186,4,0.84090909,0.36363636
h4,100,150,sma_stack_bull+atr_expand+breakout20_up+strong_close_bull,471,57,0.78947368,4,0.84090909,0.36363636
h4,100,150,atr_expand+breakout20_up+strong_close_bull,1348,155,0.72903226,9,0.75130625,0.36363636
h4,100,150,macd_accel_up+atr_expand+breakout20_up+strong_close_bull,1348,155,0.72903226,9,0.75130625,0.36363636
h4,100,150,dmi_adx_strong_bull+atr_expand+strong_close_bull+mtf_trend_bull,501,68,0.67647059,5,0.71717172,0.36363636
h4,100,150,dmi_adx_strong_bull+bb_expand+strong_close_bull+mtf_trend_bull,1247,243,0.61316872,10,0.50394635,0.00000000
h4,100,150,sma_stack_bull+dmi_adx_strong_bull+atr_expand+strong_close_bull,476,59,0.76271186,4,0.84090909,0.36363636
h4,100,150,price200_bull+horizontal_break_up+close_near_high+mtf_volatility,902,168,0.72023810,10,0.65954206,0.11111111
h4,100,150,ema200_rising+horizontal_break_up+close_near_high+mtf_volatility,902,168,0.72023810,10,0.65954206,0.11111111
h4,100,150,price200_bull+breakout20_up+strong_close_bull+mtf_volatility,1048,222,0.74324324,11,0.65657280,0.20000000
h4,100,150,ema200_rising+breakout20_up+strong_close_bull+mtf_volatility,1048,222,0.74324324,11,0.65657280,0.20000000
h4,100,150,price200_bull+breakout20_up+close_near_high+mtf_volatility,1298,239,0.71129707,11,0.63279866,0.11111111
h4,100,150,ema200_rising+breakout20_up+close_near_high+mtf_volatility,1298,239,0.71129707,11,0.63279866,0.11111111
h4,100,150,sma_stack_bull+breakout20_up+close_near_high+mtf_volatility,698,72,0.68055556,4,0.70873016,0.20000000
h4,100,150,dmi_adx_strong_bull+atr_expand+strong_close_bull+mtf_volatility,254,46,0.80434783,4,0.81250000,0.50000000
h4,100,150,volatility+breakout20_up+strong_close_bull+mtf_trend_bull,958,147,0.61904762,10,0.57259730,0.20000000
h4,100,150,sma_stack_bull+bb_expand+strong_close_bull+cross_group_return_up,899,170,0.65882353,6,0.62530449,0.22222222
h4,100,150,adx25+atr_expand+horizontal_break_up+mtf_volatility,157,19,0.47368421,1,0.64285714,0.64285714
h4,100,150,atr_expand+horizontal_break_up+close_near_high+mtf_volatility,186,46,0.80434783,4,0.81250000,0.50000000
h4,100,150,atr_expand+strong_close_bull,1588,160,0.71875000,9,0.74544874,0.36363636
h4,100,150,macd_accel_up+atr_expand+strong_close_bull,1582,158,0.71518987,9,0.74236232,0.36363636
h4,100,150,price200_bull+close_near_high+mtf_volatility+cross_group_return_up,1121,229,0.73799127,9,0.68702029,0.16666667
h4,100,150,ema200_rising+close_near_high+mtf_volatility+cross_group_return_up,1121,229,0.73799127,9,0.68702029,0.16666667
h4,100,150,price200_bull+structure_bull_transition+close_near_high+mtf_volatility,1529,234,0.72649573,9,0.67640431,0.11111111
h4,100,150,ema200_rising+structure_bull_transition+close_near_high+mtf_volatility,1529,234,0.72649573,9,0.67640431,0.11111111
h4,100,150,price200_bull+horizontal_break_up+strong_close_bull+mtf_adx25,993,118,0.58474576,7,0.56437094,0.14285714
h4,100,150,ema200_rising+horizontal_break_up+strong_close_bull+mtf_adx25,993,118,0.58474576,7,0.56437094,0.14285714
h4,100,150,bb_expand+breakout20_up+strong_close_bull+mtf_adx25,1186,181,0.66298343,9,0.54453947,0.12500000
h4,100,150,sma_stack_bull+breakout20_up+strong_close_bull+mtf_volatility,564,61,0.75409836,3,0.94642857,0.87500000
h4,150,200,adx25+atr_expand+strong_close_bull+mtf_volatility,150,5,1.00000000,1,1.00000000,1.00000000
h4,150,200,adx25+atr_expand+close_near_high+mtf_volatility,162,5,1.00000000,1,1.00000000,1.00000000
h4,150,200,price200_bull+atr_expand+strong_close_bull+mtf_volatility,161,21,0.61904762,2,0.50000000,0.00000000
h4,150,200,ema200_rising+atr_expand+strong_close_bull+mtf_volatility,161,21,0.61904762,2,0.50000000,0.00000000
h4,150,200,adx25+atr_expand+strong_close_bull+mtf_adx25,237,9,1.00000000,1,1.00000000,1.00000000
h4,150,200,atr_expand+strong_close_bull+mtf_volatility,223,29,0.72413793,3,0.66666667,0.00000000
h4,150,200,macd_accel_up+atr_expand+strong_close_bull+mtf_volatility,222,29,0.72413793,3,0.66666667,0.00000000
h4,150,200,di_strong_bull+atr_expand+strong_close_bull+mtf_volatility,197,29,0.72413793,3,0.66666667,0.00000000
h4,150,200,atr_expand+breakout20_up+strong_close_bull+mtf_volatility,180,29,0.72413793,3,0.66666667,0.00000000
h4,150,200,atr_expand+strong_close_bull+mtf_trend_bull+cross_group_return_up,174,29,0.65517241,3,0.66931217,0.22222222
h4,150,200,adx25+atr_expand+close_near_high+mtf_adx25,257,9,1.00000000,1,1.00000000,1.00000000
h4,150,200,atr_expand+horizontal_break_up+strong_close_bull+mtf_volatility,125,29,0.72413793,3,0.66666667,0.00000000
h4,150,200,price200_bull+atr_expand+close_near_high+mtf_volatility,171,21,0.61904762,2,0.50000000,0.00000000
h4,150,200,ema200_rising+atr_expand+close_near_high+mtf_volatility,171,21,0.61904762,2,0.50000000,0.00000000
h4,150,200,atr_expand+structure_bull_transition+strong_close_bull+mtf_volatility,173,29,0.72413793,3,0.66666667,0.00000000
h4,150,200,atr_expand+strong_close_bull+mtf_volatility+cross_group_return_up,141,29,0.72413793,3,0.66666667,0.00000000
h4,150,200,atr_expand+close_near_high+mtf_volatility,238,29,0.72413793,3,0.66666667,0.00000000
h4,150,200,macd_accel_up+atr_expand+close_near_high+mtf_volatility,237,29,0.72413793,3,0.66666667,0.00000000
h4,150,200,adx25+atr_expand+strong_close_bull,447,20,0.50000000,2,0.33333333,0.00000000
h4,150,200,di_strong_bull+atr_expand+close_near_high+mtf_volatility,209,29,0.72413793,3,0.66666667,0.00000000
h4,150,200,sma_stack_bull+atr_expand+strong_close_bull+mtf_trend_bull,210,19,0.89473684,2,0.95833333,0.91666667
h4,150,200,atr_expand+horizontal_break_up+close_near_high+mtf_volatility,132,29,0.72413793,3,0.66666667,0.00000000
h4,150,200,atr_expand+strong_close_bull+mtf_trend_bull+cross_group_bull,137,27,0.66666667,3,0.68518519,0.22222222
h4,150,200,atr_expand+breakout20_up+close_near_high+mtf_volatility,192,29,0.72413793,3,0.66666667,0.00000000
h4,150,200,adx25+atr_expand+breakout20_up+strong_close_bull,404,20,0.50000000,2,0.33333333,0.00000000
h4,150,200,adx25+atr_expand+close_near_high,505,24,0.41666667,2,0.33333333,0.00000000
h4,150,200,di_strong_bull+atr_expand+strong_close_bull+mtf_trend_bull,280,30,0.63333333,3,0.66931217,0.22222222
h4,150,200,adx25+atr_expand+structure_bull_transition+strong_close_bull,352,18,0.55555556,2,0.42857143,0.00000000
h4,150,200,adx25+atr_expand+breakout20_up+close_near_high,455,24,0.41666667,2,0.33333333,0.00000000
h4,150,200,atr_expand+structure_bull_transition+close_near_high+mtf_volatility,187,29,0.72413793,3,0.66666667,0.00000000
h4,150,200,price200_bull+atr_expand+strong_close_bull+mtf_trend_bull,293,30,0.63333333,3,0.66931217,0.22222222
h4,150,200,ema200_rising+atr_expand+strong_close_bull+mtf_trend_bull,293,30,0.63333333,3,0.66931217,0.22222222
h4,150,200,adx25+atr_expand+horizontal_break_up+strong_close_bull,249,13,0.76923077,1,0.66666667,0.66666667
h4,150,200,atr_expand+strong_close_bull+mtf_trend_bull,295,30,0.63333333,3,0.66931217,0.22222222
h4,150,200,atr_expand+close_near_high+mtf_trend_bull+cross_group_return_up,216,29,0.65517241,3,0.66931217,0.22222222
h4,150,200,macd_accel_up+atr_expand+strong_close_bull+mtf_trend_bull,294,30,0.63333333,3,0.66931217,0.22222222
h4,150,200,adx25+atr_expand+structure_bull_transition+close_near_high,408,18,0.55555556,2,0.42857143,0.00000000
h4,150,200,atr_expand+close_near_high+mtf_volatility+cross_group_return_up,154,29,0.72413793,3,0.66666667,0.00000000
h4,150,200,price200_bull+adx25+atr_expand+strong_close_bull,334,13,0.23076923,1,0.00000000,0.00000000
h4,150,200,ema200_rising+adx25+atr_expand+strong_close_bull,334,13,0.23076923,1,0.00000000,0.00000000
h4,150,200,adx25+atr_expand+impulse_bull+mtf_volatility,236,30,0.26666667,3,0.41666667,0.00000000
h4,150,200,atr_expand+horizontal_break_up+strong_close_bull+mtf_trend_bull,236,30,0.63333333,3,0.66931217,0.22222222
h4,150,200,atr_expand+breakout20_up+strong_close_bull+mtf_trend_bull,265,30,0.63333333,3,0.66931217,0.22222222
h4,150,200,sma_stack_bull+atr_expand+close_near_high+mtf_trend_bull,237,20,0.90000000,2,0.96153846,0.92307692
h4,150,200,di_strong_bull+atr_expand+close_near_high+mtf_trend_bull,329,30,0.63333333,3,0.66931217,0.22222222
h4,150,200,adx25+atr_expand+impulse_bull+mtf_adx25,322,39,0.25641026,4,0.36805556,0.00000000
h4,150,200,adx25+atr_expand+horizontal_break_up+close_near_high,282,17,0.58823529,1,0.66666667,0.66666667
h4,150,200,atr_expand+structure_bull_transition+strong_close_bull+mtf_trend_bull,241,28,0.67857143,3,0.71296296,0.22222222
h4,150,200,price200_bull+adx25+atr_expand+close_near_high,386,17,0.17647059,1,0.00000000,0.00000000
h4,150,200,ema200_rising+adx25+atr_expand+close_near_high,386,17,0.17647059,1,0.00000000,0.00000000
h4,150,200,adx25+atr_expand+strong_close_bull+cross_group_return_up,258,20,0.50000000,2,0.33333333,0.00000000
h4,150,200,price200_bull+atr_expand+close_near_high+mtf_trend_bull,344,30,0.63333333,3,0.66931217,0.22222222
h4,150,200,ema200_rising+atr_expand+close_near_high+mtf_trend_bull,344,30,0.63333333,3,0.66931217,0.22222222
h4,150,200,atr_expand+close_near_high+mtf_trend_bull,346,31,0.64516129,3,0.67407407,0.22222222
h4,150,200,macd_accel_up+atr_expand+close_near_high+mtf_trend_bull,345,30,0.63333333,3,0.66931217,0.22222222
h4,150,200,sma_stack_bull+atr_expand+horizontal_break_up+strong_close_bull,258,19,0.89473684,2,0.95833333,0.91666667
h4,150,200,atr_expand+breakout20_up+close_near_high+mtf_trend_bull,310,30,0.63333333,3,0.66931217,0.22222222
h4,150,200,atr_expand+horizontal_break_up+close_near_high+mtf_trend_bull,280,30,0.63333333,3,0.66931217,0.22222222
h4,150,200,adx25+volatility+strong_close_bull+mtf_adx25,466,17,0.11764706,1,0.00000000,0.00000000
h4,150,200,adx25+atr_expand+impulse_bull,656,54,0.20370370,4,0.28472222,0.00000000
h4,150,200,atr_expand+strong_close_bull+mtf_volatility+cross_group_bull,105,29,0.72413793,3,0.66666667,0.00000000
h4,150,200,adx25+atr_expand+structure_bull_transition+mtf_volatility,225,38,0.28947368,3,0.43333333,0.00000000
h4,150,200,sma_stack_bull+atr_expand+breakout20_up+mtf_volatility,156,21,0.09523810,2,0.09090909,0.00000000
h4,150,200,sma_stack_bull+atr_expand+horizontal_break_up+mtf_volatility,156,21,0.09523810,2,0.09090909,0.00000000
h4,150,200,atr_expand+horizontal_break_up+mtf_volatility+cross_group_return_up,144,65,0.41538462,4,0.46195652,0.00000000
h4,150,200,di_strong_bull+atr_expand+strong_close_bull,722,70,0.62857143,4,0.50299426,0.00000000
h4,150,200,di_strong_bull+atr_expand+breakout20_up+strong_close_bull,693,70,0.62857143,4,0.50299426,0.00000000
h4,150,200,atr_expand+strong_close_bull,768,70,0.62857143,4,0.50299426,0.00000000
h4,150,200,adx25+atr_expand+impulse_bull+mtf_trend_bull,322,26,0.15384615,2,0.12500000,0.00000000
h4,150,200,macd_accel_up+atr_expand+strong_close_bull,767,70,0.62857143,4,0.50299426,0.00000000
h4,150,200,adx25+atr_expand+close_near_high+cross_group_return_up,307,24,0.41666667,2,0.33333333,0.00000000
h4,150,200,adx25+atr_expand+breakout20_up+mtf_volatility,200,38,0.28947368,3,0.43333333,0.00000000
h4,150,200,adx25+atr_expand+horizontal_break_up+mtf_volatility,145,38,0.28947368,3,0.43333333,0.00000000
h4,150,200,atr_expand+strong_close_bull+mtf_adx25,337,12,1.00000000,1,1.00000000,1.00000000
h4,150,200,macd_accel_up+atr_expand+strong_close_bull+mtf_adx25,337,12,1.00000000,1,1.00000000,1.00000000
h4,200,300,atr_expand+breakout20_up+strong_close_bull+mtf_volatility,110,13,0.00000000,2,0.00000000,0.00000000
h4,200,300,atr_expand+horizontal_break_up+strong_close_bull+mtf_volatility,73,13,0.00000000,2,0.00000000,0.00000000
h4,200,300,atr_expand+structure_bull_transition+strong_close_bull+mtf_volatility,116,13,0.00000000,2,0.00000000,0.00000000
h4,200,300,atr_expand+horizontal_break_up+close_near_high+mtf_volatility,78,13,0.00000000,2,0.00000000,0.00000000
h4,200,300,adx25+atr_expand+strong_close_bull+mtf_volatility,100,5,0.00000000,1,0.00000000,0.00000000
h4,200,300,atr_expand+strong_close_bull+mtf_volatility+cross_group_return_up,93,13,0.00000000,2,0.00000000,0.00000000
h4,200,300,atr_expand+strong_close_bull+mtf_volatility,133,13,0.00000000,2,0.00000000,0.00000000
h4,200,300,macd_accel_up+atr_expand+strong_close_bull+mtf_volatility,133,13,0.00000000,2,0.00000000,0.00000000
h4,200,300,atr_expand+breakout20_up+close_near_high+mtf_volatility,126,13,0.00000000,2,0.00000000,0.00000000
h4,200,300,atr_expand+structure_bull_transition+close_near_high+mtf_volatility,133,13,0.00000000,2,0.00000000,0.00000000
h4,200,300,adx25+atr_expand+close_near_high+mtf_volatility,114,5,0.00000000,1,0.00000000,0.00000000
h4,200,300,di_strong_bull+atr_expand+strong_close_bull+mtf_volatility,122,13,0.00000000,2,0.00000000,0.00000000
h4,200,300,trend_bull+atr_expand+strong_close_bull+mtf_macd_bull,167,13,0.00000000,1,0.00000000,0.00000000
h4,200,300,atr_expand+close_near_high+mtf_volatility,151,13,0.00000000,2,0.00000000,0.00000000
h4,200,300,macd_accel_up+atr_expand+close_near_high+mtf_volatility,151,13,0.00000000,2,0.00000000,0.00000000
h4,200,300,sma_stack_bull+atr_expand+strong_close_bull+mtf_macd_bull,132,13,0.00000000,1,0.00000000,0.00000000
h4,200,300,sma_stack_bull+atr_expand+structure_bull_transition+strong_close_bull,154,13,0.00000000,1,0.00000000,0.00000000
h4,200,300,atr_expand+close_near_high+mtf_volatility+cross_group_return_up,110,13,0.00000000,2,0.00000000,0.00000000
h4,200,300,sma_stack_bull+atr_expand+structure_bull_transition+mtf_volatility,115,12,0.00000000,1,0.00000000,0.00000000
h4,200,300,atr_expand+strong_close_bull+mtf_volatility+cross_group_bull,76,13,0.00000000,2,0.00000000,0.00000000
h4,200,300,di_strong_bull+atr_expand+close_near_high+mtf_volatility,138,13,0.00000000,2,0.00000000,0.00000000
h4,200,300,trend_bull+atr_expand+structure_bull_transition+strong_close_bull,214,13,0.00000000,1,0.00000000,0.00000000
h4,200,300,sma_stack_bull+atr_expand+breakout20_up+mtf_volatility,114,12,0.00000000,1,0.00000000,0.00000000
h4,200,300,sma_stack_bull+atr_expand+horizontal_break_up+mtf_volatility,114,12,0.00000000,1,0.00000000,0.00000000
h4,200,300,sma_stack_bull+atr_expand+strong_close_bull+cross_group_return_up,131,13,0.00000000,1,0.00000000,0.00000000
h4,200,300,trend_bull+atr_expand+breakout20_up+mtf_volatility,116,14,0.00000000,1,0.00000000,0.00000000
h4,200,300,trend_bull+atr_expand+horizontal_break_up+mtf_volatility,116,14,0.00000000,1,0.00000000,0.00000000
h4,200,300,trend_bull+atr_expand+close_near_high+mtf_macd_bull,202,13,0.00000000,1,0.00000000,0.00000000
h4,200,300,sma_stack_bull+atr_expand+breakout20_up+strong_close_bull,167,13,0.00000000,1,0.00000000,0.00000000
h4,200,300,sma_stack_bull+atr_expand+horizontal_break_up+strong_close_bull,167,13,0.00000000,1,0.00000000,0.00000000
h4,200,300,sma_stack_bull+adx25+atr_expand+strong_close_bull,119,8,0.00000000,1,0.00000000,0.00000000
h4,200,300,atr_expand+strong_close_bull+mtf_macd_bull+cross_group_return_up,164,17,0.00000000,2,0.00000000,0.00000000
h4,200,300,trend_bull+atr_expand+strong_close_bull+cross_group_return_up,159,13,0.00000000,1,0.00000000,0.00000000
h4,200,300,sma_stack_bull+atr_expand+close_near_high+mtf_macd_bull,166,13,0.00000000,1,0.00000000,0.00000000
h4,200,300,sma_stack_bull+atr_expand+impulse_bull+mtf_volatility,98,12,0.00000000,1,0.00000000,0.00000000
h4,200,300,trend_bull+atr_expand+impulse_bull+mtf_volatility,98,12,0.00000000,1,0.00000000,0.00000000
h4,200,300,sma_stack_bull+adx25+atr_expand+close_near_high,144,8,0.00000000,1,0.00000000,0.00000000
h4,200,300,atr_expand+horizontal_break_up+strong_close_bull+mtf_macd_bull,190,17,0.00000000,2,0.00000000,0.00000000
h4,200,300,trend_bull+atr_expand+breakout20_up+strong_close_bull,243,13,0.00000000,1,0.00000000,0.00000000
h4,200,300,sma_stack_bull+atr_expand+structure_bull_transition+close_near_high,190,13,0.00000000,1,0.00000000,0.00000000
h4,200,300,trend_bull+atr_expand+horizontal_break_up+strong_close_bull,238,13,0.00000000,1,0.00000000,0.00000000
h4,200,300,trend_bull+atr_expand+structure_bull_transition+mtf_volatility,125,14,0.00000000,1,0.00000000,0.00000000
h4,200,300,sma_stack_bull+atr_expand+mtf_volatility+cross_group_bull,61,12,0.00000000,1,0.00000000,0.00000000
h4,200,300,atr_expand+horizontal_break_up+close_near_high+mtf_macd_bull,237,17,0.00000000,2,0.00000000,0.00000000
h4,200,300,atr_expand+structure_bull_transition+impulse_bull+mtf_volatility,173,39,0.00000000,5,0.00000000,0.00000000
h4,200,300,sma_stack_bull+atr_expand+strong_close_bull,175,13,0.00000000,1,0.00000000,0.00000000
h4,200,300,sma_stack_bull+macd_accel_up+atr_expand+strong_close_bull,175,13,0.00000000,1,0.00000000,0.00000000
h4,200,300,sma_stack_bull+di_strong_bull+atr_expand+strong_close_bull,175,13,0.00000000,1,0.00000000,0.00000000
h4,200,300,atr_expand+breakout20_up+strong_close_bull+mtf_macd_bull,224,17,0.00000000,2,0.00000000,0.00000000
h4,200,300,atr_expand+close_near_high+mtf_macd_bull+cross_group_return_up,214,17,0.00000000,2,0.00000000,0.00000000
h4,200,300,atr_expand+structure_bull_transition+strong_close_bull+mtf_adx25,147,11,0.00000000,2,0.00000000,0.00000000
h4,200,300,atr_expand+breakout20_up+impulse_bull+mtf_volatility,155,39,0.00000000,5,0.00000000,0.00000000
h4,200,300,trend_bull+atr_expand+strong_close_bull,251,13,0.00000000,1,0.00000000,0.00000000
h4,200,300,trend_bull+macd_accel_up+atr_expand+strong_close_bull,251,13,0.00000000,1,0.00000000,0.00000000
h4,200,300,trend_bull+di_strong_bull+atr_expand+strong_close_bull,251,13,0.00000000,1,0.00000000,0.00000000
h4,200,300,sma_stack_bull+atr_expand+breakout20_up+close_near_high,200,13,0.00000000,1,0.00000000,0.00000000
h4,200,300,sma_stack_bull+atr_expand+horizontal_break_up+close_near_high,200,13,0.00000000,1,0.00000000,0.00000000
h4,200,300,atr_expand+breakout20_up+close_near_high+mtf_macd_bull,273,17,0.00000000,2,0.00000000,0.00000000
h4,200,300,trend_bull+atr_expand+structure_bull_transition+close_near_high,262,13,0.00000000,1,0.00000000,0.00000000
h4,200,300,adx25+atr_expand+close_near_high+mtf_macd_bull,178,8,0.00000000,1,0.00000000,0.00000000
h4,200,300,atr_expand+structure_bull_transition+strong_close_bull+mtf_macd_bull,204,17,0.00000000,2,0.00000000,0.00000000
h4,200,300,atr_expand+horizontal_break_up+impulse_bull+mtf_volatility,104,37,0.00000000,5,0.00000000,0.00000000
h4,200,300,atr_expand+close_near_high+mtf_volatility+cross_group_bull,93,13,0.00000000,2,0.00000000,0.00000000
h4,200,300,sma_stack_bull+atr_expand+close_near_high+cross_group_return_up,166,13,0.00000000,1,0.00000000,0.00000000
h4,200,300,di_strong_bull+atr_expand+strong_close_bull+mtf_macd_bull,232,17,0.00000000,2,0.00000000,0.00000000
h4,200,300,trend_bull+volatility+strong_close_bull+mtf_macd_bull,223,17,0.11764706,2,0.14285714,0.00000000
h4,200,300,atr_expand+horizontal_break_up+mtf_volatility+cross_group_return_up,107,43,0.00000000,5,0.00000000,0.00000000
h4,200,300,atr_expand+impulse_bull+mtf_volatility,199,39,0.00000000,5,0.00000000,0.00000000
h4,200,300,adx25+atr_expand+strong_close_bull+mtf_macd_bull,154,8,0.00000000,1,0.00000000,0.00000000
h4,200,300,atr_expand+strong_close_bull+mtf_macd_bull,233,17,0.00000000,2,0.00000000,0.00000000
h4,200,300,macd_accel_up+atr_expand+strong_close_bull+mtf_macd_bull,233,17,0.00000000,2,0.00000000,0.00000000
h4,200,300,adx25+atr_expand+structure_bull_transition+mtf_volatility,171,28,0.00000000,3,0.00000000,0.00000000
d1,50,100,atr_expand+structure_bull_transition+retest_up+cross_group_bull,39,13,0.84615385,1,0.83333333,0.83333333
d1,50,100,atr_expand+structure_bull_transition+strong_close_bull+cross_group_bull,42,11,0.90909091,1,0.80000000,0.80000000
d1,50,100,adx_up3+volatility+horizontal_break_up+cross_group_bull,104,18,0.94444444,2,0.90000000,0.80000000
d1,50,100,price200_bull+atr_expand+structure_bull_transition+retest_up,108,16,0.87500000,1,1.00000000,1.00000000
d1,50,100,ema200_rising+atr_expand+structure_bull_transition+retest_up,108,16,0.87500000,1,1.00000000,1.00000000
d1,50,100,adx_up3+volatility+horizontal_break_up+cross_group_return_up,116,24,0.79166667,3,0.75277778,0.62500000
d1,50,100,price200_bull+atr_expand+breakout20_up+close_near_high,103,11,0.90909091,1,1.00000000,1.00000000
d1,50,100,ema200_rising+atr_expand+breakout20_up+close_near_high,103,11,0.90909091,1,1.00000000,1.00000000
d1,50,100,price200_bull+atr_expand+structure_bull_transition+close_near_high,149,18,0.66666667,1,1.00000000,1.00000000
d1,50,100,ema200_rising+atr_expand+structure_bull_transition+close_near_high,149,18,0.66666667,1,1.00000000,1.00000000
d1,50,100,atr_expand+structure_bull_transition+retest_up,121,19,0.84210526,2,0.91666667,0.83333333
d1,50,100,macd_accel_up+atr_expand+structure_bull_transition+retest_up,121,19,0.84210526,2,0.91666667,0.83333333
d1,50,100,atr_expand+structure_bull_transition+retest_up+mtf_di_strong_bull,121,19,0.84210526,2,0.91666667,0.83333333
d1,50,100,atr_expand+structure_bull_transition+retest_up+mtf_adx25,119,18,0.83333333,2,0.91666667,0.83333333
d1,50,100,volatility+strong_close_bull+mtf_di_strong_bull+cross_group_bull,472,53,0.81132075,5,0.78848485,0.20000000
d1,50,100,volatility+strong_close_bull+mtf_adx_rising+cross_group_bull,425,47,0.80851064,5,0.80666667,0.20000000
d1,50,100,atr_expand+structure_bull_transition+retest_up+mtf_adx_rising,116,18,0.88888889,2,0.91666667,0.83333333
d1,50,100,price200_bull+adx_up3+volatility+horizontal_break_up,187,35,0.80000000,3,0.78888889,0.73333333
d1,50,100,ema200_rising+adx_up3+volatility+horizontal_break_up,187,35,0.80000000,3,0.78888889,0.73333333
d1,100,150,trend_bull+atr_expand+breakout20_up+strong_close_bull,48,9,1.00000000,1,1.00000000,1.00000000
d1,100,150,trend_bull+atr_expand+horizontal_break_up+strong_close_bull,48,9,1.00000000,1,1.00000000,1.00000000
d1,100,150,sma_stack_bull+atr_expand+breakout20_up+strong_close_bull,38,7,1.00000000,1,1.00000000,1.00000000
d1,100,150,sma_stack_bull+atr_expand+horizontal_break_up+strong_close_bull,38,7,1.00000000,1,1.00000000,1.00000000
d1,100,150,sma_stack_bull+atr_expand+strong_close_bull+mtf_adx_rising,40,7,1.00000000,1,1.00000000,1.00000000
d1,100,150,sma_stack_bull+atr_expand+strong_close_bull+mtf_macd_bull,52,8,1.00000000,1,1.00000000,1.00000000
d1,100,150,trend_bull+atr_expand+strong_close_bull+mtf_adx_rising,63,9,1.00000000,1,1.00000000,1.00000000
d1,100,150,sma_stack_bull+atr_expand+structure_bull_transition+strong_close_bull,42,8,1.00000000,1,1.00000000,1.00000000
d1,100,150,sma_stack_bull+atr_expand+strong_close_bull,54,8,1.00000000,1,1.00000000,1.00000000
d1,100,150,sma_stack_bull+macd_accel_up+atr_expand+strong_close_bull,53,7,1.00000000,1,1.00000000,1.00000000
d1,100,150,price200_bull+atr_expand+breakout20_up+strong_close_bull,84,22,0.81818182,1,0.73333333,0.73333333
d1,100,150,trend_bull+atr_expand+breakout20_up+close_near_high,72,9,1.00000000,1,1.00000000,1.00000000
d1,100,150,atr_expand+horizontal_break_up+strong_close_bull,68,22,0.81818182,1,0.73333333,0.73333333
d1,100,150,macd_accel_up+atr_expand+horizontal_break_up+strong_close_bull,68,22,0.81818182,1,0.73333333,0.73333333
d1,100,150,di_strong_bull+atr_expand+horizontal_break_up+strong_close_bull,68,22,0.81818182,1,0.73333333,0.73333333
d1,100,150,atr_expand+horizontal_break_up+strong_close_bull+mtf_macd_bull,68,22,0.81818182,1,0.73333333,0.73333333
d1,100,150,atr_expand+horizontal_break_up+strong_close_bull+mtf_di_strong_bull,68,22,0.81818182,1,0.73333333,0.73333333
d1,100,150,trend_bull+atr_expand+horizontal_break_up+close_near_high,67,9,1.00000000,1,1.00000000,1.00000000
d1,100,150,price200_bull+atr_expand+horizontal_break_up+strong_close_bull,67,22,0.81818182,1,0.73333333,0.73333333
d1,100,150,atr_expand+horizontal_break_up+strong_close_bull+mtf_adx_rising,67,22,0.81818182,1,0.73333333,0.73333333
d1,100,150,adx_up3+volatility+horizontal_break_up+cross_group_bull,111,20,0.95000000,1,0.83333333,0.83333333
d1,100,150,sma_stack_bull+atr_expand+strong_close_bull+mtf_di_strong_bull,44,7,1.00000000,1,1.00000000,1.00000000
d1,100,150,trend_bull+atr_expand+strong_close_bull+mtf_macd_bull,76,10,1.00000000,1,1.00000000,1.00000000
d1,100,150,sma_stack_bull+di_strong_bull+atr_expand+strong_close_bull,42,7,1.00000000,1,1.00000000,1.00000000
d1,100,150,atr_expand+horizontal_break_up+close_near_high+cross_group_return_up,52,13,1.00000000,1,1.00000000,1.00000000
d1,100,150,trend_bull+atr_expand+breakout20_up+cross_group_return_up,41,16,1.00000000,2,1.00000000,1.00000000
d1,100,150,price200_bull+atr_expand+breakout20_up+close_near_high,117,22,0.81818182,1,0.73333333,0.73333333
d1,100,150,trend_bull+atr_expand+strong_close_bull,78,10,1.00000000,1,1.00000000,1.00000000
d1,100,150,trend_bull+atr_expand+structure_bull_transition+strong_close_bull,68,10,1.00000000,1,1.00000000,1.00000000
d1,100,150,trend_bull+macd_accel_up+atr_expand+strong_close_bull,77,9,1.00000000,1,1.00000000,1.00000000
d1,100,150,sma_stack_bull+atr_expand+breakout20_up+close_near_high,57,7,1.00000000,1,1.00000000,1.00000000
d1,100,150,sma_stack_bull+atr_expand+horizontal_break_up+close_near_high,57,7,1.00000000,1,1.00000000,1.00000000
d1,100,150,atr_expand+horizontal_break_up+close_near_high+cross_group_bull,46,13,1.00000000,1,1.00000000,1.00000000
d1,100,150,trend_bull+atr_expand+close_near_high+mtf_adx_rising,90,9,1.00000000,1,1.00000000,1.00000000
d1,100,150,trend_bull+atr_expand+horizontal_break_up+cross_group_return_up,36,16,1.00000000,2,1.00000000,1.00000000
d1,100,150,atr_expand+horizontal_break_up+close_near_high,96,22,0.81818182,1,0.73333333,0.73333333
d1,100,150,macd_accel_up+atr_expand+horizontal_break_up+close_near_high,96,22,0.81818182,1,0.73333333,0.73333333
d1,100,150,di_strong_bull+atr_expand+horizontal_break_up+close_near_high,96,22,0.81818182,1,0.73333333,0.73333333
d1,100,150,atr_expand+horizontal_break_up+close_near_high+mtf_macd_bull,96,22,0.81818182,1,0.73333333,0.73333333
d1,100,150,atr_expand+horizontal_break_up+close_near_high+mtf_di_strong_bull,96,22,0.81818182,1,0.73333333,0.73333333
d1,100,150,price200_bull+atr_expand+horizontal_break_up+close_near_high,95,22,0.81818182,1,0.73333333,0.73333333
d1,100,150,atr_expand+horizontal_break_up+close_near_high+mtf_adx_rising,95,22,0.81818182,1,0.73333333,0.73333333
d1,100,150,trend_bull+atr_expand+strong_close_bull+mtf_di_strong_bull,69,9,1.00000000,1,1.00000000,1.00000000
d1,100,150,atr_expand+horizontal_break_up+strong_close_bull+cross_group_return_up,43,13,1.00000000,1,1.00000000,1.00000000
d1,100,150,sma_stack_bull+atr_expand+close_near_high+mtf_adx_rising,60,7,1.00000000,1,1.00000000,1.00000000
d1,100,150,sma_stack_bull+atr_expand+close_near_high+mtf_macd_bull,77,8,1.00000000,1,1.00000000,1.00000000
d1,100,150,trend_bull+di_strong_bull+atr_expand+strong_close_bull,67,9,1.00000000,1,1.00000000,1.00000000
d1,100,150,sma_stack_bull+adx_up3+close_near_high+cross_group_bull,129,30,0.90000000,4,0.85000000,0.40000000
d1,100,150,sma_stack_bull+atr_expand+close_near_high,80,8,1.00000000,1,1.00000000,1.00000000
d1,100,150,atr_expand+breakout20_up+strong_close_bull+cross_group_bull,31,20,0.85000000,2,0.83333333,0.66666667
d1,100,150,trend_bull+atr_expand+close_near_high+mtf_macd_bull,108,10,1.00000000,1,1.00000000,1.00000000
d1,100,150,volatility+structure_bull_transition+strong_close_bull+cross_group_bull,475,66,0.96969697,7,0.96530612,0.85714286
d1,100,150,macd_accel_up+volatility+strong_close_bull+cross_group_bull,542,70,0.95714286,7,0.95102041,0.85714286
d1,100,150,volatility+strong_close_bull+mtf_macd_bull+cross_group_bull,540,69,0.95652174,7,0.95102041,0.85714286
d1,100,150,volatility+strong_close_bull+mtf_di_strong_bull+cross_group_bull,512,54,0.96296296,5,0.96000000,0.90000000
d1,100,150,volatility+strong_close_bull+mtf_adx_rising+cross_group_bull,474,49,0.97959184,5,0.98000000,0.90000000
d1,100,150,trend_bull+atr_expand+strong_close_bull+cross_group_bull,30,9,1.00000000,1,1.00000000,1.00000000
d1,100,150,trend_bull+atr_expand+close_near_high,112,10,1.00000000,1,1.00000000,1.00000000
d1,150,200,sma_stack_bull+adx25+atr_expand+strong_close_bull,41,5,1.00000000,1,1.00000000,1.00000000
d1,150,200,trend_bull+adx25+atr_expand+strong_close_bull,48,11,1.00000000,2,1.00000000,1.00000000
d1,150,200,sma_stack_bull+breakout20_up+strong_close_bull+cross_group_return_up,273,87,0.79310345,7,0.81578401,0.46153846
d1,150,200,sma_stack_bull+horizontal_break_up+strong_close_bull+cross_group_bull,225,61,0.83606557,6,0.83134921,0.41666667
d1,150,200,sma_stack_bull+horizontal_break_up+strong_close_bull+cross_group_return_up,239,75,0.80000000,6,0.81781944,0.46153846
d1,150,200,sma_stack_bull+strong_close_bull+mtf_adx_rising+cross_group_bull,311,85,0.89411765,6,0.87337662,0.45454545
d1,150,200,atr_expand+breakout20_up+strong_close_bull+cross_group_bull,40,31,0.87096774,3,0.86666667,0.60000000
d1,150,200,sma_stack_bull+strong_close_bull+mtf_di_strong_bull+cross_group_bull,331,90,0.87777778,6,0.86944444,0.41666667
d1,150,200,sma_stack_bull+breakout20_up+strong_close_bull+cross_group_bull,266,71,0.81690141,7,0.81972789,0.41666667
d1,150,200,sma_stack_bull+bb_expand+strong_close_bull+cross_group_bull,201,55,0.83636364,7,0.83636364,0.40000000
d1,150,200,sma_stack_bull+strong_close_bull+mtf_macd_bull+cross_group_bull,360,95,0.86315789,7,0.82687075,0.41666667
d1,150,200,adx25+atr_expand+close_near_high+cross_group_bull,37,13,0.92307692,1,1.00000000,1.00000000
d1,150,200,price200_bull+atr_expand+strong_close_bull+cross_group_bull,49,27,1.00000000,3,1.00000000,1.00000000
d1,150,200,sma_stack_bull+macd_accel_up+strong_close_bull+cross_group_bull,355,97,0.86597938,7,0.82687075,0.41666667
d1,150,200,volatility+horizontal_break_up+strong_close_bull+cross_group_bull,157,30,0.93333333,4,0.90000000,0.60000000
d1,150,200,sma_stack_bull+strong_close_bull+cross_group_bull,362,97,0.86597938,7,0.82687075,0.41666667
d1,150,200,sma_stack_bull+bb_expand+strong_close_bull+cross_group_return_up,202,63,0.80952381,7,0.83163265,0.25000000
d1,150,200,sma_stack_bull+di_strong_bull+strong_close_bull+cross_group_bull,319,90,0.88888889,7,0.85544218,0.41666667
d1,150,200,atr_expand+horizontal_break_up+strong_close_bull+cross_group_bull,35,27,1.00000000,3,1.00000000,1.00000000
d1,150,200,sma_stack_bull+bb_expand+close_near_high+cross_group_bull,229,64,0.84375000,7,0.82445887,0.40000000
d1,150,200,sma_stack_bull+strong_close_bull+mtf_adx_rising+cross_group_return_up,329,102,0.86274510,7,0.84702381,0.50000000
d1,150,200,sma_stack_bull+volatility+strong_close_bull+cross_group_bull,153,22,0.90909091,3,0.86666667,0.60000000
d1,150,200,sma_stack_bull+di_strong_bull+atr_expand+strong_close_bull,53,14,1.00000000,2,1.00000000,1.00000000
d1,150,200,sma_stack_bull+atr_expand+horizontal_break_up+strong_close_bull,53,14,1.00000000,2,1.00000000,1.00000000
d1,150,200,sma_stack_bull+atr_expand+breakout20_up+strong_close_bull,53,14,1.00000000,2,1.00000000,1.00000000
d1,150,200,sma_stack_bull+atr_expand+strong_close_bull+mtf_adx_rising,53,14,1.00000000,2,1.00000000,1.00000000
d1,150,200,sma_stack_bull+atr_expand+strong_close_bull,63,14,1.00000000,2,1.00000000,1.00000000
d1,150,200,sma_stack_bull+macd_accel_up+atr_expand+strong_close_bull,63,14,1.00000000,2,1.00000000,1.00000000
d1,150,200,sma_stack_bull+atr_expand+strong_close_bull+mtf_macd_bull,63,14,1.00000000,2,1.00000000,1.00000000
d1,150,200,sma_stack_bull+adx25+strong_close_bull+cross_group_bull,178,37,0.91891892,4,0.89285714,0.57142857
d1,150,200,sma_stack_bull+di_strong_bull+strong_close_bull+cross_group_return_up,334,106,0.85849057,7,0.85631689,0.46153846
d1,150,200,sma_stack_bull+strong_close_bull+mtf_di_strong_bull+cross_group_return_up,352,107,0.85046729,7,0.83970357,0.46153846
d1,150,200,sma_stack_bull+strong_close_bull+mtf_macd_bull+cross_group_return_up,380,115,0.84347826,7,0.84249700,0.53333333
d1,150,200,trend_bull+atr_expand+close_near_high+cross_group_return_up,41,20,1.00000000,3,1.00000000,1.00000000
d1,150,200,sma_stack_bull+macd_accel_up+strong_close_bull+cross_group_return_up,377,117,0.84615385,7,0.84280621,0.53333333
d1,150,200,sma_stack_bull+strong_close_bull+cross_group_return_up,383,117,0.84615385,7,0.84280621,0.53333333
d1,150,200,volatility+horizontal_break_up+close_near_high+cross_group_bull,180,38,0.94736842,5,0.92000000,0.60000000
d1,150,200,price200_bull+adx25+atr_expand+strong_close_bull,60,11,1.00000000,2,1.00000000,1.00000000
d1,150,200,adx25+atr_expand+horizontal_break_up+strong_close_bull,40,11,1.00000000,2,1.00000000,1.00000000
d1,150,200,sma_stack_bull+bb_expand+close_near_high+cross_group_return_up,234,72,0.81944444,7,0.81972789,0.25000000
d1,150,200,sma_stack_bull+adx25+strong_close_bull+cross_group_return_up,192,51,0.84313725,4,0.86134454,0.58823529
d1,150,200,sma_stack_bull+bb_expand+horizontal_break_up+cross_group_bull,255,73,0.79452055,7,0.81553030,0.45454545
d1,150,200,price200_bull+bb_expand+strong_close_bull+cross_group_bull,347,63,0.85714286,8,0.85681818,0.40000000
d1,150,200,price200_bull+bb_expand+close_near_high+cross_group_bull,438,76,0.84210526,8,0.82717075,0.40000000
d1,150,200,adx25+bb_expand+horizontal_break_up+cross_group_bull,205,34,0.67647059,4,0.69642857,0.28571429
d1,150,200,price200_bull+atr_expand+strong_close_bull+cross_target_relative_up,93,12,1.00000000,1,1.00000000,1.00000000
d1,150,200,bb_expand+horizontal_break_up+close_near_high+cross_group_bull,350,69,0.85507246,8,0.84431818,0.40000000
d1,150,200,adx25+atr_expand+breakout20_up+strong_close_bull,46,15,1.00000000,2,1.00000000,1.00000000
d1,150,200,adx25+atr_expand+strong_close_bull+mtf_adx_rising,55,15,1.00000000,2,1.00000000,1.00000000
d1,150,200,trend_bull+bb_expand+strong_close_bull+cross_group_return_up,284,61,0.80327869,7,0.82142857,0.25000000
d1,150,200,sma_stack_bull+breakout20_up+close_near_high+cross_group_return_up,320,110,0.77272727,7,0.79282482,0.46153846
d1,150,200,di_strong_bull+volatility+strong_close_bull+cross_group_bull,300,56,0.89285714,6,0.88571429,0.60000000
d1,150,200,adx25+bb_expand+strong_close_bull+cross_group_bull,181,23,0.86956522,3,0.80000000,0.40000000
d1,150,200,bb_expand+horizontal_break_up+strong_close_bull+cross_group_bull,289,60,0.85000000,7,0.83636364,0.40000000
d1,150,200,price200_bull+volatility+strong_close_bull+cross_group_bull,343,59,0.89830508,7,0.90204082,0.60000000
d1,150,200,price200_bull+bb_expand+strong_close_bull+cross_group_return_up,370,73,0.82191781,8,0.83878968,0.25000000
d1,150,200,sma_stack_bull+atr_expand+strong_close_bull+mtf_di_strong_bull,54,14,1.00000000,2,1.00000000,1.00000000
d1,150,200,trend_bull+atr_expand+strong_close_bull+cross_group_return_up,36,20,1.00000000,3,1.00000000,1.00000000
d1,150,200,trend_bull+bb_expand+strong_close_bull+cross_group_bull,268,54,0.83333333,7,0.83636364,0.40000000
d1,150,200,trend_bull+bb_expand+close_near_high+cross_group_bull,330,63,0.84126984,7,0.82445887,0.40000000
d1,150,200,sma_stack_bull+volatility+strong_close_bull+cross_group_return_up,160,36,0.83333333,4,0.90000000,0.60000000
d1,150,200,trend_bull+atr_expand+strong_close_bull+mtf_adx_rising,80,20,1.00000000,3,1.00000000,1.00000000
d1,150,200,bb_expand+horizontal_break_up+strong_close_bull+cross_group_return_up,302,67,0.80597015,7,0.80555556,0.25000000
d1,150,200,adx25+atr_expand+strong_close_bull+mtf_di_strong_bull,62,15,1.00000000,2,1.00000000,1.00000000
d1,150,200,trend_bull+atr_expand+strong_close_bull,88,20,1.00000000,3,1.00000000,1.00000000
d1,150,200,trend_bull+macd_accel_up+atr_expand+strong_close_bull,88,20,1.00000000,3,1.00000000,1.00000000
d1,150,200,trend_bull+atr_expand+strong_close_bull+mtf_macd_bull,88,20,1.00000000,3,1.00000000,1.00000000
d1,150,200,price200_bull+atr_expand+strong_close_bull+mtf_adx_rising,123,37,0.75675676,4,0.87500000,0.50000000
d1,150,200,trend_bull+di_strong_bull+atr_expand+strong_close_bull,79,20,1.00000000,3,1.00000000,1.00000000
d1,150,200,atr_expand+breakout20_up+strong_close_bull,113,45,0.71111111,4,0.77500000,0.50000000
d1,150,200,macd_accel_up+atr_expand+breakout20_up+strong_close_bull,113,45,0.71111111,4,0.77500000,0.50000000
d1,150,200,atr_expand+breakout20_up+strong_close_bull+mtf_macd_bull,113,45,0.71111111,4,0.77500000,0.50000000
d1,150,200,atr_expand+breakout20_up+strong_close_bull+mtf_adx_rising,113,45,0.71111111,4,0.77500000,0.50000000
d1,150,200,atr_expand+breakout20_up+strong_close_bull+mtf_di_strong_bull,113,45,0.71111111,4,0.77500000,0.50000000
d1,150,200,price200_bull+atr_expand+breakout20_up+strong_close_bull,104,37,0.75675676,4,0.87500000,0.50000000
d1,150,200,atr_expand+breakout20_up+strong_close_bull+cross_group_return_up,52,32,0.87500000,4,0.90000000,0.60000000
d1,150,200,adx25+atr_expand+strong_close_bull,69,15,1.00000000,2,1.00000000,1.00000000
d1,200,300,sma_stack_bull+adx25+atr_expand+strong_close_bull,36,5,0.80000000,1,0.80000000,0.80000000
d1,200,300,adx25+atr_expand+horizontal_break_up+strong_close_bull,36,8,0.87500000,1,0.80000000,0.80000000
d1,200,300,sma_stack_bull+adx25+atr_expand+close_near_high,44,5,0.80000000,1,0.80000000,0.80000000
d1,200,300,adx25+atr_expand+horizontal_break_up+close_near_high,43,8,0.87500000,1,0.80000000,0.80000000
d1,200,300,sma_stack_bull+breakout20_up+strong_close_bull+cross_group_bull,231,48,0.58333333,4,0.56250000,0.00000000
d1,200,300,sma_stack_bull+breakout20_up+strong_close_bull+cross_group_return_up,235,57,0.50877193,6,0.50714286,0.00000000
d1,200,300,sma_stack_bull+breakout20_up+close_near_high+cross_group_return_up,269,77,0.53246753,6,0.51807549,0.00000000
d1,200,300,sma_stack_bull+breakout20_up+close_near_high+cross_group_bull,264,68,0.58823529,6,0.54411765,0.00000000
d1,200,300,sma_stack_bull+horizontal_break_up+strong_close_bull+cross_group_bull,214,45,0.55555556,3,0.58333333,0.00000000
d1,200,300,sma_stack_bull+horizontal_break_up+strong_close_bull+cross_group_return_up,218,54,0.48148148,5,0.50857143,0.00000000
d1,200,300,sma_stack_bull+horizontal_break_up+close_near_high+cross_group_return_up,250,73,0.52054795,6,0.51399411,0.00000000
d1,200,300,sma_stack_bull+horizontal_break_up+close_near_high+cross_group_bull,245,64,0.57812500,6,0.54166667,0.00000000
d1,200,300,sma_stack_bull+di_strong_bull+strong_close_bull+cross_group_bull,265,66,0.68181818,5,0.68690476,0.00000000
d1,200,300,sma_stack_bull+strong_close_bull+mtf_adx_rising+cross_group_bull,261,60,0.75000000,5,0.68690476,0.00000000
d1,200,300,sma_stack_bull+bb_expand+strong_close_bull+cross_group_bull,184,41,0.56097561,4,0.53125000,0.00000000
d1,200,300,sma_stack_bull+di_strong_bull+strong_close_bull+cross_group_return_up,274,75,0.61333333,7,0.60916149,0.00000000
d1,200,300,sma_stack_bull+bb_expand+close_near_high+cross_group_bull,213,52,0.59615385,6,0.54464286,0.00000000
d1,200,300,sma_stack_bull+di_strong_bull+close_near_high+cross_group_bull,312,95,0.69473684,7,0.62354497,0.00000000
d1,200,300,sma_stack_bull+atr_expand+strong_close_bull,52,14,0.92857143,2,0.90000000,0.80000000
d1,200,300,sma_stack_bull+macd_accel_up+atr_expand+strong_close_bull,52,14,0.92857143,2,0.90000000,0.80000000
d1,200,300,sma_stack_bull+atr_expand+strong_close_bull+mtf_macd_bull,52,14,0.92857143,2,0.90000000,0.80000000
d1,200,300,sma_stack_bull+bb_expand+strong_close_bull+cross_group_return_up,185,48,0.50000000,6,0.48518519,0.00000000
d1,200,300,sma_stack_bull+bb_expand+close_near_high+cross_group_return_up,214,59,0.54237288,6,0.51455026,0.00000000
d1,200,300,sma_stack_bull+di_strong_bull+close_near_high+cross_group_return_up,322,104,0.64423077,7,0.60469473,0.00000000
d1,200,300,sma_stack_bull+macd_accel_up+strong_close_bull+cross_group_bull,289,67,0.67164179,5,0.66872294,0.00000000
d1,200,300,sma_stack_bull+strong_close_bull+mtf_di_strong_bull+cross_group_bull,280,62,0.72580645,5,0.68690476,0.00000000
d1,200,300,sma_stack_bull+strong_close_bull+mtf_macd_bull+cross_group_bull,287,66,0.68181818,5,0.68690476,0.00000000
d1,200,300,sma_stack_bull+strong_close_bull+cross_group_bull,293,67,0.67164179,5,0.66872294,0.00000000
d1,200,300,sma_stack_bull+breakout20_up+impulse_bull+cross_group_return_up,313,88,0.51136364,7,0.47925571,0.00000000
d1,200,300,sma_stack_bull+di_strong_bull+atr_expand+strong_close_bull,50,14,0.92857143,2,0.90000000,0.80000000
d1,200,300,sma_stack_bull+atr_expand+horizontal_break_up+strong_close_bull,50,14,0.92857143,2,0.90000000,0.80000000
d1,200,300,sma_stack_bull+atr_expand+breakout20_up+strong_close_bull,50,14,0.92857143,2,0.90000000,0.80000000
d1,200,300,sma_stack_bull+atr_expand+strong_close_bull+mtf_adx_rising,50,14,0.92857143,2,0.90000000,0.80000000
d1,200,300,sma_stack_bull+atr_expand+strong_close_bull+mtf_di_strong_bull,50,14,0.92857143,2,0.90000000,0.80000000
d1,200,300,sma_stack_bull+strong_close_bull+mtf_adx_rising+cross_group_return_up,276,67,0.68656716,7,0.62874150,0.00000000
d1,200,300,sma_stack_bull+horizontal_break_up+impulse_bull+cross_group_return_up,290,85,0.49411765,7,0.46574838,0.00000000
d1,200,300,sma_stack_bull+bb_expand+impulse_bull+cross_group_bull,229,55,0.56363636,6,0.50297619,0.00000000
d1,200,300,sma_stack_bull+breakout20_up+impulse_bull+cross_group_bull,308,78,0.56410256,7,0.51858436,0.00000000
d1,200,300,sma_stack_bull+adx25+strong_close_bull+cross_group_return_up,145,31,0.58064516,3,0.55000000,0.10000000
d1,200,300,sma_stack_bull+atr_expand+close_near_high,62,14,0.92857143,2,0.90000000,0.80000000
d1,200,300,sma_stack_bull+atr_expand+close_near_high+mtf_macd_bull,62,14,0.92857143,2,0.90000000,0.80000000
d1,200,300,sma_stack_bull+structure_bull_transition+strong_close_bull+cross_group_bull,254,62,0.70967742,4,0.70238095,0.00000000
d1,200,300,sma_stack_bull+macd_accel_up+strong_close_bull+cross_group_return_up,305,77,0.61038961,7,0.60916149,0.09090909
d1,200,300,sma_stack_bull+adx25+breakout20_up+cross_group_return_up,164,47,0.46808511,4,0.50502137,0.08333333
d1,200,300,sma_stack_bull+strong_close_bull+mtf_macd_bull+cross_group_return_up,303,76,0.61842105,7,0.62214850,0.09090909
d1,200,300,sma_stack_bull+strong_close_bull+mtf_di_strong_bull+cross_group_return_up,296,69,0.66666667,7,0.62874150,0.00000000
d1,200,300,adx25+atr_expand+breakout20_up+close_near_high,51,8,0.87500000,1,0.80000000,0.80000000
d1,200,300,sma_stack_bull+close_near_high+mtf_macd_bull+cross_group_bull,343,95,0.69473684,7,0.62354497,0.00000000
d1,200,300,sma_stack_bull+strong_close_bull+cross_group_return_up,309,77,0.61038961,7,0.60916149,0.09090909
d1,200,300,sma_stack_bull+close_near_high+mtf_adx_rising+cross_group_bull,309,88,0.75000000,6,0.72746914,0.00000000
d1,200,300,sma_stack_bull+bb_expand+horizontal_break_up+cross_group_bull,241,54,0.53703704,6,0.49305556,0.00000000
d1,200,300,sma_stack_bull+close_near_high+mtf_di_strong_bull+cross_group_bull,336,91,0.72527473,6,0.72746914,0.00000000
d1,200,300,sma_stack_bull+macd_accel_up+breakout20_up+strong_close_bull,380,69,0.42028986,7,0.46766091,0.00000000
d1,200,300,sma_stack_bull+horizontal_break_up+impulse_bull+cross_group_bull,285,75,0.54666667,7,0.50507703,0.00000000
d1,200,300,sma_stack_bull+macd_accel_up+close_near_high+cross_group_bull,346,96,0.68750000,7,0.61640212,0.00000000
d1,200,300,sma_stack_bull+macd_accel_up+atr_expand+close_near_high,61,14,0.92857143,2,0.90000000,0.80000000
d1,200,300,sma_stack_bull+adx25+horizontal_break_up+cross_group_return_up,162,47,0.46808511,4,0.50502137,0.08333333
d1,200,300,trend_bull+adx25+atr_expand+close_near_high,54,8,0.87500000,1,0.80000000,0.80000000
d1,200,300,sma_stack_bull+breakout20_up+strong_close_bull+mtf_adx_rising,361,62,0.46774194,7,0.49249084,0.00000000
d1,200,300,sma_stack_bull+close_near_high+cross_group_bull,350,96,0.68750000,7,0.61640212,0.00000000
d1,200,300,sma_stack_bull+structure_bull_transition+strong_close_bull+cross_group_return_up,265,72,0.63888889,6,0.62167325,0.09090909
d1,200,300,sma_stack_bull+breakout20_up+strong_close_bull+mtf_macd_bull,377,69,0.42028986,7,0.46766091,0.00000000
d1,200,300,sma_stack_bull+di_strong_bull+atr_expand+close_near_high,60,14,0.92857143,2,0.90000000,0.80000000
d1,200,300,sma_stack_bull+atr_expand+close_near_high+mtf_di_strong_bull,60,14,0.92857143,2,0.90000000,0.80000000
d1,200,300,trend_bull+atr_expand+breakout20_up+cross_group_return_up,30,25,0.64000000,3,0.64166667,0.37500000
d1,200,300,sma_stack_bull+di_strong_bull+breakout20_up+strong_close_bull,382,70,0.41428571,7,0.46766091,0.00000000
d1,200,300,sma_stack_bull+adx25+strong_close_bull+cross_group_bull,136,23,0.69565217,1,0.75000000,0.75000000
d1,200,300,sma_stack_bull+close_near_high+mtf_adx_rising+cross_group_return_up,325,95,0.70526316,7,0.62354497,0.00000000
d1,200,300,sma_stack_bull+breakout20_up+strong_close_bull,388,70,0.41428571,7,0.46766091,0.00000000
d1,200,300,sma_stack_bull+breakout20_up+strong_close_bull+mtf_di_strong_bull,380,64,0.45312500,7,0.49249084,0.00000000
d1,200,300,sma_stack_bull+close_near_high+mtf_macd_bull+cross_group_return_up,360,105,0.64761905,7,0.61768174,0.09090909
d1,200,300,sma_stack_bull+macd_accel_up+close_near_high+cross_group_return_up,363,106,0.64150943,7,0.61053889,0.09090909
d1,200,300,sma_stack_bull+close_near_high+mtf_di_strong_bull+cross_group_return_up,353,98,0.68367347,7,0.62014361,0.00000000
d1,200,300,sma_stack_bull+adx25+strong_close_bull+mtf_adx_rising,227,33,0.51515152,4,0.51250000,0.16666667
d1,200,300,sma_stack_bull+atr_expand+horizontal_break_up+close_near_high,59,14,0.92857143,2,0.90000000,0.80000000
d1,200,300,sma_stack_bull+atr_expand+breakout20_up+close_near_high,59,14,0.92857143,2,0.90000000,0.80000000
d1,200,300,sma_stack_bull+atr_expand+close_near_high+mtf_adx_rising,59,14,0.92857143,2,0.90000000,0.80000000
d1,200,300,sma_stack_bull+close_near_high+cross_group_return_up,367,106,0.64150943,7,0.61053889,0.09090909
d1,200,300,sma_stack_bull+macd_accel_up+breakout20_up+close_near_high,462,96,0.45833333,7,0.47504876,0.00000000
d1,200,300,sma_stack_bull+bb_expand+breakout20_up+cross_group_bull,261,54,0.53703704,6,0.49305556,0.00000000
