timeframe,from_target,to_target,conditions,discovery_n,oos_n,oos_continuation_rate,oos_pairs_n_ge5,oos_pair_continuation_mean,oos_pair_continuation_min
h4,50,100,sma_stack_bull+atr_expand+breakout20_up+cross_group_bull,178,9,0.11111111,1,0.20000000,0.20000000
h4,50,100,sma_stack_bull+atr_expand+retest_up+cross_group_bull,178,9,0.11111111,1,0.20000000,0.20000000
h4,50,100,trend_bull+atr_expand+horizontal_break_up+cross_group_bull,196,11,0.18181818,1,0.20000000,0.20000000
h4,50,100,sma_stack_bull+atr_expand+horizontal_break_up+cross_group_bull,170,9,0.11111111,1,0.20000000,0.20000000
h4,50,100,adx_up3+horizontal_break_up+mtf_adx25+cross_group_bull,275,26,0.30769231,2,0.31428571,0.20000000
h4,50,100,adx_up3+horizontal_break_up+mtf_adx25+cross_group_return_up,313,28,0.32142857,2,0.32222222,0.20000000
h4,50,100,trend_bull+atr_expand+breakout20_up+cross_group_bull,212,12,0.16666667,1,0.20000000,0.20000000
h4,50,100,trend_bull+atr_expand+retest_up+cross_group_bull,212,11,0.18181818,1,0.20000000,0.20000000
h4,50,100,price200_bull+atr_expand+horizontal_break_up+cross_group_bull,253,15,0.13333333,1,0.14285714,0.14285714
h4,50,100,adx_up3+breakout20_up+mtf_adx25+cross_group_bull,315,26,0.30769231,2,0.31428571,0.20000000
h4,50,100,adx_up3+retest_up+mtf_adx25+cross_group_bull,315,23,0.30434783,2,0.26666667,0.20000000
h4,50,100,adx_up3+atr_expand+close_near_high,412,35,0.22857143,3,0.26455026,0.00000000
h4,50,100,di_strong_bull+atr_expand+horizontal_break_up+cross_group_bull,254,19,0.10526316,1,0.14285714,0.14285714
h4,50,100,adx_up3+atr_expand+hh20+cross_group_bull,237,15,0.13333333,2,0.20000000,0.20000000
h4,50,100,atr_expand+horizontal_break_up+cross_group_bull,261,19,0.10526316,1,0.14285714,0.14285714
h4,50,100,atr_expand+horizontal_break_up+retest_up+cross_group_bull,261,18,0.11111111,1,0.14285714,0.14285714
h4,50,100,price200_bull+adx_up3+atr_expand+cross_group_bull,394,24,0.16666667,2,0.23809524,0.14285714
h4,50,100,atr_expand+horizontal_break_up+impulse_bull+cross_group_bull,222,18,0.11111111,1,0.14285714,0.14285714
h4,50,100,adx_up3+horizontal_break_up+mtf_adx25+cross_target_relative_up,314,26,0.23076923,2,0.21428571,0.00000000
h4,50,100,adx_up3+horizontal_break_up+mtf_trend_bull+cross_group_bull,491,46,0.41304348,6,0.42142857,0.16666667
h4,100,150,adx_up3+horizontal_break_up+mtf_trend_bull+cross_group_bull,491,26,0.15384615,2,0.18333333,0.16666667
h4,50,100,adx_up3+atr_expand+close_near_high+mtf_trend_bull,236,25,0.24000000,3,0.25000000,0.00000000
h4,50,100,adx_up3+atr_expand+impulse_bull+mtf_trend_bull,245,24,0.25000000,1,0.28571429,0.28571429
h4,50,100,sma_stack_bull+horizontal_break_up+mtf_adx25+cross_group_bull,467,41,0.31707317,3,0.24074074,0.00000000
h4,100,150,sma_stack_bull+horizontal_break_up+mtf_adx25+cross_group_bull,467,20,0.15000000,1,0.00000000,0.00000000
h4,50,100,adx_up3+atr_expand+hh20+cross_group_return_up,263,16,0.12500000,2,0.20000000,0.20000000
h4,50,100,price200_bull+adx_up3+atr_expand+cross_group_return_up,442,27,0.14814815,2,0.23809524,0.14285714
h4,50,100,adx25+horizontal_break_up+mtf_adx25+cross_group_bull,397,30,0.23333333,2,0.27777778,0.00000000
h4,100,150,adx25+horizontal_break_up+mtf_adx25+cross_group_bull,397,13,0.23076923,1,0.00000000,0.00000000
h4,50,100,adx_up3+horizontal_break_up+impulse_bull+mtf_trend_bull,512,39,0.46153846,3,0.45238095,0.42857143
h4,100,150,adx_up3+horizontal_break_up+impulse_bull+mtf_trend_bull,512,23,0.08695652,1,0.20000000,0.20000000
h4,50,100,adx_up3+breakout20_up+mtf_adx25+cross_target_relative_up,352,27,0.22222222,2,0.21428571,0.00000000
h4,50,100,adx_up3+retest_up+mtf_adx25+cross_target_relative_up,352,25,0.24000000,2,0.21428571,0.00000000
h4,50,100,adx_up3+atr_expand+cross_group_bull,577,37,0.13513514,3,0.14814815,0.00000000
h4,50,100,adx_up3+horizontal_break_up+mtf_trend_bull+cross_target_relative_up,517,46,0.43478261,6,0.44920635,0.16666667
h4,100,150,adx_up3+horizontal_break_up+mtf_trend_bull+cross_target_relative_up,517,26,0.11538462,2,0.17142857,0.14285714
h4,50,100,di_strong_bull+atr_expand+mtf_trend_bull+cross_group_bull,459,27,0.18518519,1,0.25000000,0.25000000
h4,50,100,adx_up3+impulse_bull+mtf_trend_bull+cross_group_bull,527,52,0.34615385,5,0.30714286,0.12500000
h4,100,150,adx_up3+impulse_bull+mtf_trend_bull+cross_group_bull,527,25,0.20000000,1,0.33333333,0.33333333
h4,50,100,sma_stack_bull+adx_up3+horizontal_break_up+mtf_adx25,299,30,0.30000000,2,0.35000000,0.20000000
h4,100,150,sma_stack_bull+adx_up3+horizontal_break_up+mtf_adx25,299,14,0.14285714,1,0.00000000,0.00000000
h4,50,100,adx_up3+atr_expand+mtf_volatility,431,39,0.23076923,3,0.22857143,0.20000000
h4,50,100,price200_bull+adx_up3+atr_expand+mtf_trend_bull,548,40,0.25000000,2,0.27922078,0.27272727
h4,50,100,adx_up3+breakout20_up+mtf_trend_bull+cross_group_bull,543,49,0.42857143,6,0.43253968,0.16666667
h4,100,150,adx_up3+breakout20_up+mtf_trend_bull+cross_group_bull,543,29,0.17241379,2,0.22500000,0.20000000
h4,50,100,adx_up3+retest_up+mtf_trend_bull+cross_group_bull,543,46,0.43478261,5,0.38000000,0.16666667
h4,100,150,adx_up3+retest_up+mtf_trend_bull+cross_group_bull,543,26,0.11538462,1,0.25000000,0.25000000
h4,50,100,sma_stack_bull+atr_expand+breakout20_up+cross_group_return_up,209,9,0.11111111,1,0.20000000,0.20000000
d1,50,100,sma_stack_bull+volatility+close_near_high+cross_group_bull,151,18,0.27777778,1,0.33333333,0.33333333
d1,100,150,sma_stack_bull+volatility+close_near_high+cross_group_bull,151,12,0.41666667,1,0.60000000,0.60000000
d1,50,100,sma_stack_bull+volatility+close_near_high+cross_group_return_up,169,36,0.27777778,3,0.21666667,0.00000000
d1,100,150,sma_stack_bull+volatility+close_near_high+cross_group_return_up,169,22,0.50000000,2,0.52380952,0.33333333
d1,150,200,sma_stack_bull+volatility+close_near_high+cross_group_return_up,169,14,0.21428571,1,0.20000000,0.20000000
d1,200,300,sma_stack_bull+volatility+close_near_high+cross_group_return_up,169,10,0.10000000,1,0.00000000,0.00000000
d1,50,100,sma_stack_bull+volatility+strong_close_bull+cross_group_return_up,132,29,0.31034483,2,0.35897436,0.33333333
d1,100,150,sma_stack_bull+volatility+strong_close_bull+cross_group_return_up,132,19,0.47368421,2,0.52500000,0.25000000
d1,50,100,price200_bull+volatility+strong_close_bull+cross_group_return_up,256,39,0.48717949,3,0.37264957,0.33333333
d1,100,150,price200_bull+volatility+strong_close_bull+cross_group_return_up,256,29,0.55172414,2,0.52500000,0.25000000
d1,50,100,volatility+strong_close_bull+cross_group_bull,295,37,0.51351351,2,0.28333333,0.16666667
d1,100,150,volatility+strong_close_bull+cross_group_bull,295,31,0.38709677,1,0.60000000,0.60000000
d1,150,200,volatility+strong_close_bull+cross_group_bull,295,21,0.23809524,1,0.60000000,0.60000000
d1,200,300,volatility+strong_close_bull+cross_group_bull,295,13,0.07692308,1,0.00000000,0.00000000
d1,50,100,price200_bull+volatility+elliott_wave5_bull+cross_group_return_up,156,29,0.65517241,1,0.63636364,0.63636364
d1,100,150,price200_bull+volatility+elliott_wave5_bull+cross_group_return_up,156,23,0.39130435,1,0.22222222,0.22222222
d1,50,100,price200_bull+volatility+close_near_high+cross_group_bull,266,31,0.51612903,2,0.46666667,0.33333333
d1,100,150,price200_bull+volatility+close_near_high+cross_group_bull,266,24,0.54166667,1,0.60000000,0.60000000
d1,50,100,trend_bull+volatility+strong_close_bull+cross_group_return_up,183,29,0.34482759,2,0.29230769,0.20000000
d1,100,150,trend_bull+volatility+strong_close_bull+cross_group_return_up,183,19,0.47368421,1,0.25000000,0.25000000
d1,50,100,price200_bull+volatility+close_near_high+cross_group_return_up,325,51,0.43137255,5,0.36000000,0.25000000
d1,100,150,price200_bull+volatility+close_near_high+cross_group_return_up,325,36,0.55555556,3,0.41587302,0.20000000
d1,150,200,price200_bull+volatility+close_near_high+cross_group_return_up,325,25,0.32000000,1,0.20000000,0.20000000
d1,200,300,price200_bull+volatility+close_near_high+cross_group_return_up,325,16,0.06250000,1,0.00000000,0.00000000
d1,50,100,volatility+close_near_high+mtf_di_strong_bull+cross_group_bull,267,28,0.46428571,1,0.80000000,0.80000000
d1,50,100,volatility+nr4+close_near_high,286,40,0.40000000,3,0.43333333,0.20000000
d1,100,150,volatility+nr4+close_near_high,286,29,0.62068966,1,0.80000000,0.80000000
d1,150,200,volatility+nr4+close_near_high,286,23,0.52173913,1,1.00000000,1.00000000
d1,200,300,volatility+nr4+close_near_high,286,15,0.46666667,1,0.40000000,0.40000000
d1,50,100,sma_stack_bull+volatility+close_near_high+cross_target_relative_up,163,22,0.40909091,2,0.36904762,0.16666667
d1,100,150,sma_stack_bull+volatility+close_near_high+cross_target_relative_up,163,16,0.25000000,1,0.00000000,0.00000000
d1,50,100,volatility+close_near_high+cross_group_bull,379,50,0.44000000,4,0.46517857,0.28571429
d1,100,150,volatility+close_near_high+cross_group_bull,379,38,0.39473684,3,0.42380952,0.20000000
d1,150,200,volatility+close_near_high+cross_group_bull,379,26,0.30769231,2,0.28571429,0.00000000
d1,200,300,volatility+close_near_high+cross_group_bull,379,17,0.05882353,1,0.00000000,0.00000000
d1,50,100,trend_bull+volatility+close_near_high+cross_group_return_up,232,36,0.30555556,3,0.23650794,0.14285714
d1,100,150,trend_bull+volatility+close_near_high+cross_group_return_up,232,22,0.45454545,2,0.46666667,0.33333333
d1,50,100,volatility+close_near_high+mtf_di_strong_bull+cross_group_return_up,339,37,0.40540541,3,0.47619048,0.20000000
d1,100,150,volatility+close_near_high+mtf_di_strong_bull+cross_group_return_up,339,26,0.30769231,1,0.00000000,0.00000000
d1,50,100,price200_bull+volatility+nr4+cross_group_return_up,190,41,0.51219512,3,0.47777778,0.33333333
d1,100,150,price200_bull+volatility+nr4+cross_group_return_up,190,31,0.64516129,3,0.80000000,0.60000000
d1,150,200,price200_bull+volatility+nr4+cross_group_return_up,190,28,0.57142857,3,0.51428571,0.14285714
d1,50,100,volatility+strong_close_bull+mtf_di_strong_bull+cross_group_return_up,280,28,0.50000000,1,0.42857143,0.42857143
d1,100,150,volatility+strong_close_bull+mtf_di_strong_bull+cross_group_return_up,280,22,0.31818182,1,0.00000000,0.00000000
d1,50,100,price200_bull+volatility+nr4+cross_target_relative_up,152,26,0.50000000,1,0.50000000,0.50000000
d1,100,150,price200_bull+volatility+nr4+cross_target_relative_up,152,17,0.76470588,1,0.85714286,0.85714286
d1,150,200,price200_bull+volatility+nr4+cross_target_relative_up,152,15,0.53333333,1,0.33333333,0.33333333
d1,50,100,volatility+strong_close_bull+cross_group_return_up,399,58,0.41379310,5,0.40263736,0.14285714
d1,100,150,volatility+strong_close_bull+cross_group_return_up,399,42,0.42857143,3,0.50555556,0.25000000
d1,150,200,volatility+strong_close_bull+cross_group_return_up,399,27,0.22222222,2,0.30000000,0.00000000
d1,200,300,volatility+strong_close_bull+cross_group_return_up,399,17,0.05882353,1,0.00000000,0.00000000
d1,50,100,trend_bull+volatility+close_near_high+cross_target_relative_up,211,20,0.35000000,2,0.36904762,0.16666667
d1,100,150,trend_bull+volatility+close_near_high+cross_target_relative_up,211,14,0.07142857,1,0.00000000,0.00000000
d1,50,100,nr4+mtf_volatility+cross_target_relative_up,162,18,0.27777778,1,0.33333333,0.33333333
d1,50,100,volatility+close_near_high+cross_group_return_up,508,74,0.37837838,7,0.37222222,0.22222222
d1,100,150,volatility+close_near_high+cross_group_return_up,508,51,0.43137255,5,0.45928571,0.16666667
d1,150,200,volatility+close_near_high+cross_group_return_up,508,33,0.27272727,3,0.24603175,0.00000000
d1,200,300,volatility+close_near_high+cross_group_return_up,508,21,0.04761905,2,0.00000000,0.00000000
d1,50,100,volatility+nr4+cross_group_bull,250,35,0.48571429,1,0.60000000,0.60000000
d1,50,100,volatility+nr4+mtf_trend_bull+cross_target_relative_up,122,17,0.47058824,1,0.44444444,0.44444444
d1,100,150,volatility+nr4+mtf_trend_bull+cross_target_relative_up,122,10,0.90000000,1,0.83333333,0.83333333
d1,150,200,volatility+nr4+mtf_trend_bull+cross_target_relative_up,122,9,0.22222222,1,0.20000000,0.20000000
d1,50,100,trend_bull+volatility+strong_close_bull,412,63,0.50793651,5,0.49353535,0.22222222
d1,100,150,trend_bull+volatility+strong_close_bull,412,46,0.34782609,4,0.33750000,0.20000000
d1,150,200,trend_bull+volatility+strong_close_bull,412,26,0.46153846,3,0.27777778,0.00000000
d1,200,300,trend_bull+volatility+strong_close_bull,412,19,0.15789474,1,0.16666667,0.16666667
d1,50,100,price200_bull+volatility+nr4,576,103,0.48543689,8,0.51986607,0.28571429
d1,100,150,price200_bull+volatility+nr4,576,78,0.53846154,7,0.51165739,0.20000000
d1,150,200,price200_bull+volatility+nr4,576,65,0.53846154,6,0.63452381,0.25000000
d1,200,300,price200_bull+volatility+nr4,576,47,0.31914894,5,0.34200244,0.14285714
d1,50,100,volatility+strong_close_bull,922,129,0.45736434,11,0.45557832,0.25000000
d1,100,150,volatility+strong_close_bull,922,93,0.40860215,8,0.42594697,0.20000000
d1,150,200,volatility+strong_close_bull,922,61,0.37704918,5,0.39878788,0.27272727
d1,200,300,volatility+strong_close_bull,922,41,0.19512195,4,0.24196429,0.12500000
d1,50,100,price200_bull+nr4+mtf_volatility+cross_group_return_up,139,24,0.29166667,2,0.28750000,0.20000000
d1,100,150,price200_bull+nr4+mtf_volatility+cross_group_return_up,139,15,0.60000000,1,0.83333333,0.83333333
d1,150,200,price200_bull+nr4+mtf_volatility+cross_group_return_up,139,12,0.33333333,1,0.20000000,0.20000000
d1,50,100,volatility+nr4+cross_group_return_up,371,58,0.50000000,6,0.50555556,0.33333333
d1,100,150,volatility+nr4+cross_group_return_up,371,43,0.53488372,5,0.59333333,0.16666667
d1,150,200,volatility+nr4+cross_group_return_up,371,34,0.55882353,4,0.58571429,0.14285714
d1,50,100,volatility+mtf_di_strong_bull+cross_group_bull,603,69,0.46376812,7,0.49440322,0.25000000
d1,100,150,volatility+mtf_di_strong_bull+cross_group_bull,603,45,0.46666667,3,0.62857143,0.42857143
d1,150,200,volatility+mtf_di_strong_bull+cross_group_bull,603,30,0.33333333,2,0.31428571,0.20000000
d1,50,100,volatility+nr4,1040,170,0.49411765,11,0.50089633,0.26666667
d1,100,150,volatility+nr4,1040,126,0.48412698,11,0.45744256,0.10000000
d1,150,200,volatility+nr4,1040,98,0.48979592,8,0.49482323,0.20000000
d1,200,300,volatility+nr4,1040,68,0.35294118,6,0.35707071,0.14285714
d1,50,100,price200_bull+volatility+nr4+cross_group_bull,135,26,0.53846154,1,0.60000000,0.60000000
d1,50,100,volatility+nr4+cross_target_relative_up,257,46,0.45652174,3,0.50000000,0.50000000
d1,100,150,volatility+nr4+cross_target_relative_up,257,30,0.60000000,2,0.52857143,0.20000000
d1,150,200,volatility+nr4+cross_target_relative_up,257,26,0.46153846,1,0.33333333,0.33333333
d1,50,100,price200_bull+volatility+mtf_di_strong_bull+cross_group_return_up,478,70,0.50000000,6,0.55793651,0.28571429
d1,100,150,price200_bull+volatility+mtf_di_strong_bull+cross_group_return_up,478,50,0.48000000,4,0.63564214,0.27272727
d1,150,200,price200_bull+volatility+mtf_di_strong_bull+cross_group_return_up,478,33,0.33333333,3,0.33055556,0.12500000
d1,50,100,price200_bull+volatility+strong_close_bull,571,91,0.49450549,7,0.52594905,0.36363636
d1,100,150,price200_bull+volatility+strong_close_bull,571,65,0.44615385,6,0.47979798,0.20000000
d1,150,200,price200_bull+volatility+strong_close_bull,571,43,0.41860465,5,0.47621212,0.27272727
d1,200,300,price200_bull+volatility+strong_close_bull,571,30,0.23333333,3,0.28095238,0.14285714
d1,50,100,price200_bull+volatility+mtf_di_strong_bull+cross_group_bull,401,51,0.47058824,6,0.53116883,0.27272727
d1,100,150,price200_bull+volatility+mtf_di_strong_bull+cross_group_bull,401,34,0.52941176,3,0.70000000,0.50000000
d1,150,200,price200_bull+volatility+mtf_di_strong_bull+cross_group_bull,401,25,0.36000000,2,0.40000000,0.20000000
d1,50,100,volatility+close_near_high,1221,166,0.45180723,11,0.45319691,0.30000000
d1,100,150,volatility+close_near_high,1221,117,0.41880342,10,0.41586835,0.16666667
d1,150,200,volatility+close_near_high,1221,79,0.40506329,7,0.38026438,0.20000000
d1,200,300,volatility+close_near_high,1221,55,0.16363636,4,0.19682540,0.11111111
d1,50,100,trend_bull+volatility+nr4+close_near_high,122,17,0.52941176,1,0.60000000,0.60000000
d1,50,100,price200_bull+volatility+nr4+close_near_high,161,23,0.47826087,1,0.60000000,0.60000000
d1,50,100,sma_stack_bull+strong_close_bull+cross_group_bull,299,42,0.38095238,5,0.31939394,0.00000000
d1,100,150,sma_stack_bull+strong_close_bull+cross_group_bull,299,25,0.44000000,2,0.32142857,0.14285714
d1,150,200,sma_stack_bull+strong_close_bull+cross_group_bull,299,18,0.33333333,2,0.26666667,0.20000000
d1,200,300,sma_stack_bull+strong_close_bull+cross_group_bull,299,14,0.14285714,1,0.40000000,0.40000000
d1,50,100,sma_stack_bull+volatility+strong_close_bull,323,61,0.49180328,5,0.45174603,0.28571429
d1,100,150,sma_stack_bull+volatility+strong_close_bull,323,47,0.36170213,4,0.34880952,0.16666667
d1,150,200,sma_stack_bull+volatility+strong_close_bull,323,28,0.35714286,3,0.28373016,0.14285714
d1,200,300,sma_stack_bull+volatility+strong_close_bull,323,21,0.19047619,2,0.32142857,0.14285714
d1,50,100,sma_stack_bull+volatility+strong_close_bull+cross_target_relative_up,120,17,0.52941176,1,0.66666667,0.66666667
d1,100,150,sma_stack_bull+volatility+strong_close_bull+cross_target_relative_up,120,14,0.21428571,1,0.00000000,0.00000000
d1,50,100,sma_stack_bull+close_near_high+cross_group_bull,390,61,0.39344262,6,0.33636788,0.00000000
d1,100,150,sma_stack_bull+close_near_high+cross_group_bull,390,36,0.38888889,3,0.31666667,0.20000000
d1,150,200,sma_stack_bull+close_near_high+cross_group_bull,390,26,0.34615385,2,0.30952381,0.28571429
d1,200,300,sma_stack_bull+close_near_high+cross_group_bull,390,18,0.16666667,2,0.14285714,0.00000000
d1,50,100,volatility+mtf_di_strong_bull+cross_group_return_up,752,92,0.48913043,8,0.45549451,0.00000000
d1,100,150,volatility+mtf_di_strong_bull+cross_group_return_up,752,63,0.42857143,6,0.48811328,0.16666667
d1,150,200,volatility+mtf_di_strong_bull+cross_group_return_up,752,38,0.31578947,3,0.27500000,0.12500000
d1,200,300,volatility+mtf_di_strong_bull+cross_group_return_up,752,16,0.00000000,1,0.00000000,0.00000000
d1,50,100,price200_bull+volatility+close_near_high+cross_target_relative_up,296,36,0.38888889,3,0.47380952,0.25000000
d1,100,150,price200_bull+volatility+close_near_high+cross_target_relative_up,296,24,0.33333333,3,0.20000000,0.00000000
d1,50,100,trend_bull+volatility+close_near_high,548,80,0.45000000,5,0.43210339,0.30000000
d1,100,150,trend_bull+volatility+close_near_high,548,53,0.35849057,5,0.40888889,0.25000000
d1,150,200,trend_bull+volatility+close_near_high,548,30,0.46666667,3,0.30952381,0.14285714
d1,200,300,trend_bull+volatility+close_near_high,548,22,0.13636364,2,0.18333333,0.16666667
d1,50,100,sma_stack_bull+close_near_high+cross_target_relative_up,398,74,0.36486486,6,0.35921717,0.16666667
d1,100,150,sma_stack_bull+close_near_high+cross_target_relative_up,398,41,0.36585366,5,0.35008547,0.00000000
d1,150,200,sma_stack_bull+close_near_high+cross_target_relative_up,398,25,0.40000000,2,0.43750000,0.25000000
d1,200,300,sma_stack_bull+close_near_high+cross_target_relative_up,398,16,0.25000000,1,0.33333333,0.33333333
d1,50,100,volatility+close_near_high+cross_target_relative_up,424,51,0.39215686,4,0.43154762,0.25000000
d1,100,150,volatility+close_near_high+cross_target_relative_up,424,36,0.36111111,3,0.16190476,0.00000000
d1,150,200,volatility+close_near_high+cross_target_relative_up,424,23,0.26086957,1,0.16666667,0.16666667
d1,50,100,trend_bull+close_near_high+cross_target_relative_up,583,85,0.32941176,7,0.32762951,0.20000000
d1,100,150,trend_bull+close_near_high+cross_target_relative_up,583,43,0.27906977,5,0.28666667,0.00000000
d1,150,200,trend_bull+close_near_high+cross_target_relative_up,583,22,0.36363636,2,0.35000000,0.20000000
d1,200,300,trend_bull+close_near_high+cross_target_relative_up,583,12,0.33333333,1,0.40000000,0.40000000
d1,50,100,price200_bull+volatility+close_near_high,755,113,0.46017699,8,0.47344191,0.33333333
d1,100,150,price200_bull+volatility+close_near_high,755,76,0.44736842,6,0.45720391,0.20000000
d1,150,200,price200_bull+volatility+close_near_high,755,51,0.47058824,5,0.51269841,0.28571429
d1,200,300,price200_bull+volatility+close_near_high,755,36,0.19444444,4,0.21974206,0.12500000
d1,50,100,trend_bull+volatility+strong_close_bull+cross_target_relative_up,158,15,0.46666667,1,0.66666667,0.66666667
d1,100,150,trend_bull+volatility+strong_close_bull+cross_target_relative_up,158,12,0.08333333,1,0.00000000,0.00000000
d1,50,100,sma_stack_bull+volatility+close_near_high,435,79,0.44303797,6,0.45774411,0.26666667
d1,100,150,sma_stack_bull+volatility+close_near_high,435,55,0.38181818,5,0.37777778,0.16666667
d1,150,200,sma_stack_bull+volatility+close_near_high,435,34,0.41176471,4,0.38809524,0.22222222
d1,200,300,sma_stack_bull+volatility+close_near_high,435,26,0.15384615,2,0.25000000,0.12500000
d1,50,100,trend_bull+strong_close_bull+cross_group_bull,430,49,0.34693878,5,0.28808081,0.00000000
d1,100,150,trend_bull+strong_close_bull+cross_group_bull,430,27,0.44444444,2,0.23809524,0.14285714
d1,150,200,trend_bull+strong_close_bull+cross_group_bull,430,19,0.47368421,1,0.40000000,0.40000000
d1,50,100,trend_bull+close_near_high+cross_group_bull,564,70,0.35714286,6,0.30755495,0.00000000
d1,100,150,trend_bull+close_near_high+cross_group_bull,564,37,0.37837838,3,0.25185185,0.20000000
d1,150,200,trend_bull+close_near_high+cross_group_bull,564,26,0.42307692,1,0.37500000,0.37500000
d1,200,300,trend_bull+close_near_high+cross_group_bull,564,19,0.15789474,1,0.16666667,0.16666667
d1,50,100,volatility+close_near_high+mtf_trend_bull+cross_group_return_up,257,31,0.35483871,3,0.25000000,0.16666667
d1,100,150,volatility+close_near_high+mtf_trend_bull+cross_group_return_up,257,21,0.38095238,2,0.42500000,0.25000000
d1,50,100,price200_bull+volatility+cross_group_bull,851,119,0.43697479,10,0.45889490,0.30769231
d1,100,150,price200_bull+volatility+cross_group_bull,851,81,0.46913580,7,0.49773243,0.42857143
d1,150,200,price200_bull+volatility+cross_group_bull,851,63,0.49206349,7,0.47301587,0.00000000
d1,200,300,price200_bull+volatility+cross_group_bull,851,40,0.15000000,4,0.20616883,0.00000000
d1,50,100,sma_stack_bull+strong_close_bull+cross_target_relative_up,294,52,0.32692308,6,0.33789683,0.16666667
d1,100,150,sma_stack_bull+strong_close_bull+cross_target_relative_up,294,28,0.35714286,3,0.35714286,0.00000000
d1,150,200,sma_stack_bull+strong_close_bull+cross_target_relative_up,294,17,0.47058824,1,0.66666667,0.66666667
d1,200,300,sma_stack_bull+strong_close_bull+cross_target_relative_up,294,13,0.23076923,1,0.40000000,0.40000000
d1,50,100,volatility+strong_close_bull+cross_target_relative_up,315,38,0.44736842,3,0.44444444,0.33333333
d1,100,150,volatility+strong_close_bull+cross_target_relative_up,315,27,0.33333333,2,0.10000000,0.00000000
d1,50,100,trend_bull+close_near_high+mtf_trend_bull+cross_target_relative_up,434,65,0.35384615,6,0.35683761,0.16666667
d1,100,150,trend_bull+close_near_high+mtf_trend_bull+cross_target_relative_up,434,33,0.21212121,4,0.24285714,0.00000000
d1,150,200,trend_bull+close_near_high+mtf_trend_bull+cross_target_relative_up,434,14,0.42857143,1,0.60000000,0.60000000
d1,50,100,volatility+strong_close_bull+mtf_di_strong_bull,500,50,0.54000000,4,0.49722222,0.20000000
d1,100,150,volatility+strong_close_bull+mtf_di_strong_bull,500,36,0.33333333,2,0.30000000,0.00000000
d1,50,100,volatility+close_near_high+mtf_trend_bull+cross_target_relative_up,228,21,0.38095238,2,0.40000000,0.20000000
d1,100,150,volatility+close_near_high+mtf_trend_bull+cross_target_relative_up,228,14,0.14285714,1,0.00000000,0.00000000
d1,50,100,trend_bull+volatility+nr4,455,72,0.47222222,6,0.44444444,0.20000000
d1,100,150,trend_bull+volatility+nr4,455,50,0.62000000,4,0.67698413,0.55555556
d1,150,200,trend_bull+volatility+nr4,455,40,0.40000000,4,0.39583333,0.25000000
d1,200,300,trend_bull+volatility+nr4,455,26,0.26923077,3,0.30158730,0.00000000
d1,50,100,sma_stack_bull+nr4+strong_close_bull+mtf_trend_bull,158,20,0.45000000,1,0.83333333,0.83333333
d1,100,150,sma_stack_bull+nr4+strong_close_bull+mtf_trend_bull,158,15,0.46666667,1,0.40000000,0.40000000
d1,50,100,sma_stack_bull+close_near_high+mtf_trend_bull+cross_group_bull,305,51,0.39215686,5,0.32722833,0.00000000
d1,100,150,sma_stack_bull+close_near_high+mtf_trend_bull+cross_group_bull,305,29,0.31034483,3,0.18835979,0.14285714
d1,150,200,sma_stack_bull+close_near_high+mtf_trend_bull+cross_group_bull,305,20,0.30000000,1,0.37500000,0.37500000
d1,200,300,sma_stack_bull+close_near_high+mtf_trend_bull+cross_group_bull,305,13,0.15384615,1,0.16666667,0.16666667
d1,50,100,di_strong_bull+volatility+close_near_high+cross_group_return_up,269,34,0.44117647,3,0.25000000,0.16666667
d1,100,150,di_strong_bull+volatility+close_near_high+cross_group_return_up,269,25,0.40000000,2,0.42500000,0.25000000
d1,50,100,nr4+mtf_di_strong_bull+cross_group_bull,291,35,0.37142857,1,0.63636364,0.63636364
d1,100,150,nr4+mtf_di_strong_bull+cross_group_bull,291,19,0.26315789,1,0.00000000,0.00000000
d1,50,100,trend_bull+close_near_high+mtf_di_strong_bull+cross_group_bull,401,39,0.46153846,4,0.42896825,0.20000000
d1,100,150,trend_bull+close_near_high+mtf_di_strong_bull+cross_group_bull,401,26,0.34615385,3,0.26190476,0.16666667
d1,150,200,trend_bull+close_near_high+mtf_di_strong_bull+cross_group_bull,401,19,0.47368421,1,0.42857143,0.42857143
d1,200,300,trend_bull+close_near_high+mtf_di_strong_bull+cross_group_bull,401,14,0.14285714,1,0.20000000,0.20000000
d1,50,100,sma_stack_bull+volatility+mtf_di_strong_bull+cross_group_return_up,225,33,0.39393939,2,0.30000000,0.00000000
d1,100,150,sma_stack_bull+volatility+mtf_di_strong_bull+cross_group_return_up,225,22,0.40909091,1,0.27272727,0.27272727
d1,50,100,trend_bull+volatility+mtf_di_strong_bull+cross_group_return_up,326,40,0.42500000,2,0.38333333,0.16666667
d1,100,150,trend_bull+volatility+mtf_di_strong_bull+cross_group_return_up,326,28,0.35714286,2,0.53636364,0.27272727
d1,50,100,price200_bull+volatility+strong_close_bull+mtf_di_strong_bull,347,37,0.54054054,1,0.55555556,0.55555556
d1,100,150,price200_bull+volatility+strong_close_bull+mtf_di_strong_bull,347,26,0.34615385,1,0.00000000,0.00000000
d1,50,100,adx25+strong_close_bull+mtf_volatility+cross_group_return_up,143,21,0.47619048,2,0.55000000,0.50000000
d1,50,100,trend_bull+strong_close_bull+cross_target_relative_up,439,59,0.30508475,6,0.31364839,0.11111111
d1,100,150,trend_bull+strong_close_bull+cross_target_relative_up,439,29,0.31034483,3,0.27619048,0.00000000
d1,150,200,trend_bull+strong_close_bull+cross_target_relative_up,439,16,0.43750000,1,0.50000000,0.50000000
d1,50,100,price200_bull+volatility+cross_group_return_up,1057,168,0.44642857,10,0.46265254,0.26923077
d1,100,150,price200_bull+volatility+cross_group_return_up,1057,116,0.49137931,7,0.52448042,0.41176471
d1,150,200,price200_bull+volatility+cross_group_return_up,1057,88,0.46590909,7,0.46942641,0.08333333
d1,200,300,price200_bull+volatility+cross_group_return_up,1057,54,0.12962963,5,0.13782051,0.00000000
d1,50,100,trend_bull+volatility+mtf_di_strong_bull+cross_group_bull,278,27,0.44444444,2,0.43333333,0.20000000
d1,50,100,sma_stack_bull+nr4+strong_close_bull,264,35,0.42857143,3,0.54391534,0.14285714
d1,100,150,sma_stack_bull+nr4+strong_close_bull,264,26,0.46153846,2,0.47321429,0.37500000
d1,150,200,sma_stack_bull+nr4+strong_close_bull,264,18,0.33333333,2,0.41666667,0.33333333
d1,200,300,sma_stack_bull+nr4+strong_close_bull,264,14,0.57142857,2,0.53333333,0.40000000
d1,50,100,nr4+close_near_high,1008,128,0.49218750,9,0.48173082,0.22222222
d1,100,150,nr4+close_near_high,1008,91,0.54945055,8,0.49834402,0.20000000
d1,150,200,nr4+close_near_high,1008,64,0.31250000,5,0.28766234,0.14285714
d1,200,300,nr4+close_near_high,1008,35,0.45714286,3,0.49523810,0.28571429
d1,50,100,volatility+close_near_high+mtf_di_strong_bull,647,65,0.47692308,8,0.46840278,0.16666667
d1,100,150,volatility+close_near_high+mtf_di_strong_bull,647,44,0.31818182,4,0.30000000,0.00000000
d1,150,200,volatility+close_near_high+mtf_di_strong_bull,647,23,0.43478261,1,0.60000000,0.60000000
d1,50,100,sma_stack_bull+nr4+cross_group_bull,204,44,0.38636364,4,0.35357143,0.14285714
d1,100,150,sma_stack_bull+nr4+cross_group_bull,204,22,0.31818182,1,0.40000000,0.40000000
d1,150,200,sma_stack_bull+nr4+cross_group_bull,204,14,0.35714286,1,0.40000000,0.40000000
d1,50,100,price200_bull+volatility,2538,375,0.47200000,11,0.40719233,0.00000000
d1,100,150,price200_bull+volatility,2538,268,0.46268657,10,0.41112870,0.20000000
d1,150,200,price200_bull+volatility,2538,199,0.51256281,7,0.48056992,0.11111111
d1,200,300,price200_bull+volatility,2538,140,0.23571429,6,0.19156677,0.00000000
d1,50,100,trend_bull+strong_close_bull+mtf_di_strong_bull+cross_target_relative_up,311,26,0.38461538,1,0.28571429,0.28571429
d1,100,150,trend_bull+strong_close_bull+mtf_di_strong_bull+cross_target_relative_up,311,16,0.31250000,1,0.40000000,0.40000000
d1,150,200,trend_bull+strong_close_bull+mtf_di_strong_bull+cross_target_relative_up,311,8,0.62500000,1,0.40000000,0.40000000
d1,50,100,trend_bull+volatility+nr4+cross_group_return_up,137,24,0.41666667,2,0.37500000,0.25000000
d1,100,150,trend_bull+volatility+nr4+cross_group_return_up,137,15,0.80000000,1,1.00000000,1.00000000
d1,150,200,trend_bull+volatility+nr4+cross_group_return_up,137,14,0.35714286,1,0.14285714,0.14285714
d1,50,100,sma_stack_bull+close_near_high+cross_group_return_up,477,95,0.35789474,6,0.32184343,0.12500000
d1,100,150,sma_stack_bull+close_near_high+cross_group_return_up,477,53,0.43396226,4,0.35574230,0.28571429
d1,150,200,sma_stack_bull+close_near_high+cross_group_return_up,477,35,0.25714286,2,0.23636364,0.20000000
d1,200,300,sma_stack_bull+close_near_high+cross_group_return_up,477,23,0.17391304,2,0.16666667,0.00000000
d1,50,100,sma_stack_bull+volatility+strong_close_bull+mtf_di_strong_bull,175,19,0.47368421,1,0.55555556,0.55555556
d1,100,150,sma_stack_bull+volatility+strong_close_bull+mtf_di_strong_bull,175,14,0.21428571,1,0.00000000,0.00000000
d1,50,100,strong_close_bull+mtf_di_strong_bull+cross_target_relative_up,636,58,0.39655172,5,0.27738095,0.00000000
d1,100,150,strong_close_bull+mtf_di_strong_bull+cross_target_relative_up,636,32,0.34375000,1,0.50000000,0.50000000
d1,150,200,strong_close_bull+mtf_di_strong_bull+cross_target_relative_up,636,15,0.40000000,1,0.50000000,0.50000000
d1,50,100,sma_stack_bull+volatility+mtf_di_strong_bull+cross_group_bull,194,22,0.36363636,2,0.33333333,0.00000000
d1,50,100,sma_stack_bull+nr4+close_near_high,340,54,0.50000000,6,0.50656566,0.16666667
d1,100,150,sma_stack_bull+nr4+close_near_high,340,41,0.51219512,4,0.60961538,0.40000000
d1,150,200,sma_stack_bull+nr4+close_near_high,340,31,0.29032258,3,0.27777778,0.20000000
d1,200,300,sma_stack_bull+nr4+close_near_high,340,22,0.50000000,2,0.47619048,0.28571429
