timeframe,horizon_bars,target_pips,conditions,discovery_n,discovery_hit,discovery_lift,validation_n,validation_hit,validation_lift,validation_wilson95,oos_n,oos_hit,oos_lift,oos_wilson95
d1,10,50,sma_stack_bull+adx_up3+volatility,297,0.80471380,1.12420662,38,0.86842105,1.18309375,0.72673141,82,0.89024390,1.30333237,0.80438763
d1,10,50,adx_up3+volatility,853,0.80539273,1.12515510,142,0.81690141,1.11290594,0.74523413,189,0.85185185,1.24712575,0.79421606
d1,10,50,volatility+mtf_volatility+adx25,973,0.80267215,1.12135437,141,0.75886525,1.03384036,0.68199730,163,0.84662577,1.23947467,0.78338678
d1,10,50,sma_stack_bull+atr_expand,251,0.80079681,1.11873447,49,0.85714286,1.16772890,0.73332294,84,0.85714286,1.25487187,0.76669897
d1,5,50,sma_stack_bull+adx25+atr_expand+mtf_volatility,145,0.75862069,1.24582321,17,0.76470588,1.27033848,0.52738202,45,0.82222222,1.45355239,0.68670175
d1,5,50,sma_stack_bull+adx25+atr_expand,155,0.74193548,1.21842241,17,0.76470588,1.27033848,0.52738202,45,0.82222222,1.45355239,0.68670175
d1,10,50,atr_expand+mtf_volatility+adx25,303,0.80198020,1.12038770,47,0.80851064,1.10147478,0.67455995,67,0.79104478,1.15810315,0.67928193
d1,5,50,adx25+bb_expand+mtf_volatility,670,0.71492537,1.17406582,132,0.65909091,1.09488963,0.57475309,135,0.74814815,1.32260172,0.66875376
d1,5,50,sma_stack_bull+adx25+volatility+mtf_volatility,428,0.73598131,1.20864433,61,0.57377049,0.95315434,0.44895230,89,0.76404494,1.35070462,0.66606374
d1,5,50,sma_stack_bull+adx25+bb_expand+mtf_volatility,253,0.74703557,1.22679789,59,0.61016949,1.01362079,0.48266342,70,0.77142857,1.36375764,0.66049668
d1,5,50,volatility+close_near_high+elliott_pullback_bull,127,0.72440945,1.18964078,19,0.63157895,1.04918643,0.41039533,37,0.81081081,1.43337890,0.65795303
d1,5,50,sma_stack_bull+atr_expand+mtf_volatility,238,0.72689076,1.19371563,48,0.81250000,1.34973463,0.68060133,83,0.75903614,1.34184989,0.65690264
d1,10,50,price200_bull+di_spread_up3+volatility,752,0.79787234,1.11464891,104,0.79807692,1.08726040,0.71095329,155,0.72903226,1.06731575,0.65415257
d1,5,50,sma_stack_bull+adx_up3+volatility,297,0.72053872,1.18328418,38,0.84210526,1.39891524,0.69583188,82,0.75609756,1.33665496,0.65307292
d1,5,50,sma_stack_bull+volatility+mtf_volatility,784,0.72448980,1.18977272,111,0.67567568,1.12244044,0.58398134,148,0.72297297,1.27809619,0.64592599
d1,5,50,trend_bull+adx25+atr_expand+mtf_volatility,164,0.72560976,1.19161195,25,0.80000000,1.32896948,0.60869050,46,0.78260870,1.38352225,0.64426313
d1,5,50,trend_bull+adx25+atr_expand,176,0.71590909,1.17568131,25,0.80000000,1.32896948,0.60869050,46,0.78260870,1.38352225,0.64426313
d1,10,50,price200_bull+di_spread_up3+volatility+cross_group_bull,324,0.79629630,1.11244713,65,0.81538462,1.11083954,0.70446006,73,0.75342466,1.10302665,0.64355555
d1,5,50,adx25+atr_expand,323,0.71826625,1.17955229,47,0.72340426,1.20172772,0.58241436,69,0.75362319,1.33228068,0.64039337
d1,5,50,adx_up3+volatility+mtf_volatility,546,0.75091575,1.23317000,81,0.83950617,1.39459761,0.74452951,120,0.72500000,1.28167964,0.63907034
d1,5,50,atr_expand+mtf_volatility+adx25,303,0.73267327,1.20321180,47,0.72340426,1.20172772,0.58241436,67,0.74626866,1.31927909,0.63070805
d1,5,50,adx25+atr_expand+mtf_volatility,303,0.73267327,1.20321180,47,0.72340426,1.20172772,0.58241436,67,0.74626866,1.31927909,0.63070805
d1,5,50,trend_bull+adx_up3+volatility,341,0.71554252,1.17507932,41,0.85365854,1.41810768,0.71556542,70,0.74285714,1.31324810,0.62973870
d1,5,50,trend_bull+adx25+bb_expand+mtf_volatility,313,0.73162939,1.20149752,71,0.64788732,1.07627810,0.53182062,69,0.73913043,1.30665990,0.62489426
d1,5,50,trend_bull+bb_expand+close_near_high+mtf_volatility,179,0.73743017,1.21102368,50,0.70000000,1.16284830,0.56249650,39,0.76923077,1.35987229,0.61663743
d1,3,50,ichimoku_cloud_bull+adx_up3+volatility+close_near_high,163,0.63190184,1.26752757,20,0.55000000,1.13630363,0.34208534,32,0.78125000,1.77178661,0.61245006
d1,5,50,sma_stack_bull+adx_up3+volatility+mtf_volatility,200,0.79500000,1.30556610,23,0.82608696,1.37230544,0.62862352,57,0.73684211,1.30261451,0.61023421
d1,5,50,trend_bull+adx25+volatility+mtf_volatility,487,0.71457906,1.17349709,70,0.62857143,1.04419031,0.51147201,89,0.70786517,1.25138810,0.60636494
d1,10,50,di_spread_up3+volatility+elliott_pullback_bull+cross_group_bull,128,0.81250000,1.13508414,31,0.80645161,1.09866966,0.63719742,30,0.76666667,1.12241318,0.59071674
d1,5,50,price200_bull+adx25+atr_expand+mtf_volatility,190,0.71578947,1.17548487,24,0.79166667,1.31512605,0.59529547,45,0.73333333,1.29641159,0.58961162
d1,10,50,trend_bull+di_spread_up3+volatility+mtf_trend_bull,389,0.79434447,1.10972038,64,0.79687500,1.08562296,0.68286364,59,0.71186441,1.04218173,0.58619153
d1,10,50,sma_stack_bull+elliott_wave5_bull+mtf_trend_bull+cross_group_return_up,212,0.79716981,1.11366746,110,0.67272727,0.91649026,0.58050888,50,0.72000000,1.05409237,0.58334876
d1,10,50,sma_stack_bull+elliott_wave5_bull+mtf_di_strong_bull+cross_group_return_up,198,0.80303030,1.12185472,101,0.65346535,0.89024876,0.55657983,44,0.72727273,1.06473977,0.58151127
d1,10,50,sma_stack_bull+di_spread_up3+bb_expand+cross_group_bull,151,0.80132450,1.11947167,92,0.68478261,0.93291385,0.58406690,41,0.73170732,1.07123209,0.58066467
d1,10,50,di_spread_up3+volatility+mtf_trend_bull+cross_group_bull,242,0.80165289,1.11993044,62,0.82258065,1.12064306,0.70958433,35,0.74285714,1.08755562,0.57930693
d1,5,50,price200_bull+volatility+elliott_impulse_bull+cross_group_bull,169,0.72189349,1.18550902,27,0.66666667,1.10747457,0.47824761,32,0.75000000,1.32587549,0.57893441
d1,10,50,sma_stack_bull+close_near_high+elliott_impulse_bull+cross_group_return_up,173,0.80346821,1.12246649,66,0.66666667,0.90823359,0.54656344,49,0.71428571,1.04572656,0.57591116
d1,3,50,adx_up3+volatility+mtf_adx25,720,0.62361111,1.25089725,119,0.70588235,1.45835760,0.61861188,166,0.65060241,1.47549265,0.57541113
d1,5,50,price200_bull+adx_up3+volatility+mtf_volatility,278,0.73381295,1.20508341,39,0.84615385,1.40564080,0.70270536,60,0.70000000,1.23748379,0.57491292
d1,10,50,sma_stack_bull+rci_bull+elliott_wave5_bull+cross_group_return_up,202,0.80198020,1.12038770,101,0.68316832,0.93071462,0.58714909,46,0.71739130,1.05027320,0.57451439
d1,3,50,ichimoku_cloud_bull+adx_up3+volatility+mtf_adx25,443,0.65462754,1.31311289,61,0.68852459,1.42249635,0.56408566,93,0.66666667,1.51192457,0.56593470
d1,5,50,sma_stack_bull+bb_expand+close_near_high+mtf_volatility,150,0.74666667,1.22619206,44,0.68181818,1.13264445,0.53443104,39,0.71794872,1.26921414,0.56224681
d1,5,50,trend_bull+adx_up3+volatility+mtf_volatility,206,0.76699029,1.25956795,26,0.84615385,1.40564080,0.66468801,47,0.70212766,1.24124514,0.56022326
d1,10,50,sma_stack_bull+elliott_impulse_bull+mtf_di_strong_bull+cross_group_bull,208,0.80769231,1.12836766,104,0.67307692,0.91696660,0.57816323,47,0.70212766,1.02792696,0.56022326
d1,10,50,sma_stack_bull+di_spread_up3+volatility,370,0.80810811,1.12894855,67,0.80597015,1.09801374,0.69580888,73,0.67123288,0.98269647,0.55729006
d1,10,50,sma_stack_bull+bb_expand+elliott_impulse_bull+cross_group_return_up,123,0.81300813,1.13579401,65,0.64615385,0.88028794,0.52475106,30,0.73333333,1.07361260,0.55552038
d1,5,50,trend_bull+adx_up3+bb_expand+close_near_high,231,0.71861472,1.18012455,30,0.70000000,1.16284830,0.52124213,41,0.70731707,1.25041916,0.55520532
d1,10,50,sma_stack_bull+elliott_impulse_bull+mtf_rsi60+cross_group_bull,223,0.80269058,1.12138012,109,0.68807339,0.93739705,0.59595278,54,0.68518519,1.00312289,0.55256555
d1,10,50,sma_stack_bull+elliott_impulse_bull+cross_group_bull,228,0.80263158,1.12129769,110,0.69090909,0.94126026,0.59933398,54,0.68518519,1.00312289,0.55256555
d1,10,50,trend_bull+di_spread_up3+volatility,500,0.79800000,1.11482725,76,0.78947368,1.07553977,0.68504360,82,0.65853659,0.96410888,0.55087740
d1,10,50,sma_stack_bull+di_spread_up3+elliott_impulse_bull+cross_group_bull,159,0.80503145,1.12465037,84,0.70238095,0.95688896,0.59750915,43,0.69767442,1.02140734,0.54894636
d1,10,50,trend_bull+di_spread_up3+bb_expand+cross_group_bull,253,0.79446640,1.10989072,101,0.69306931,0.94420323,0.59742652,43,0.69767442,1.02140734,0.54894636
d1,3,50,ichimoku_cloud_bull+adx25+volatility+mtf_volatility,585,0.63076923,1.26525567,82,0.47560976,0.98261290,0.37104980,111,0.63963964,1.45063033,0.54703636
d1,10,50,sma_stack_bull+close_near_high+elliott_wave5_bull+cross_group_return_up,148,0.82432432,1.15160303,58,0.62068966,0.84559679,0.49202807,32,0.71875000,1.05226235,0.54625491
d1,10,50,sma_stack_bull+elliott_impulse_bull+mtf_trend_bull+cross_group_bull,219,0.80365297,1.12272460,109,0.68807339,0.93739705,0.59595278,53,0.67924528,0.99442677,0.54518520
d1,3,50,volatility+close_near_high+elliott_pullback_bull,127,0.62992126,1.26355473,19,0.57894737,1.19610908,0.36275904,37,0.70270270,1.59365022,0.54216864
d1,10,50,trend_bull+close_near_high+elliott_impulse_bull+cross_group_bull,255,0.79607843,1.11214277,69,0.63768116,0.86874517,0.51979771,42,0.69047619,1.01086901,0.53974006
d1,10,50,sma_stack_bull+strong_close_bull+elliott_impulse_bull+cross_group_return_up,146,0.80136986,1.11953504,55,0.69090909,0.94126026,0.55971410,34,0.70588235,1.03342390,0.53831090
d1,10,50,sma_stack_bull+rci_bull+elliott_impulse_bull+cross_group_bull,207,0.81642512,1.14056764,97,0.69072165,0.94100490,0.59295416,49,0.67346939,0.98597076,0.53379205
d1,3,50,ichimoku_cloud_bull+adx_up3+volatility,520,0.65192308,1.30768803,72,0.65277778,1.34864320,0.53761304,107,0.62616822,1.42007869,0.53161942
d1,3,50,adx_up3+volatility+mtf_volatility+cross_target_relative_up,200,0.65000000,1.30383054,34,0.73529412,1.51912250,0.56882859,33,0.69696970,1.58064841,0.52661865
d1,10,50,sma_stack_bull+close_near_high+elliott_impulse_bull+cross_group_bull,162,0.83333333,1.16418886,58,0.65517241,0.89257439,0.52667777,38,0.68421053,1.00169597,0.52544240
d1,10,50,adx_up3+atr_expand,229,0.84279476,1.17740673,38,0.86842105,1.18309375,0.72673141,60,0.65000000,0.95161117,0.52362619
d1,10,50,price200_bull+volatility+elliott_pullback_bull+cross_group_bull,179,0.79888268,1.11606038,43,0.79069767,1.07720728,0.64794357,47,0.65957447,0.96562836,0.51670925
d1,10,50,trend_bull+rci_bull+elliott_impulse_bull+cross_group_bull,333,0.80780781,1.12852902,111,0.67567568,0.92050701,0.58398134,66,0.63636364,0.93164730,0.51579641
d1,5,50,sma_stack_bull+adx_up3+bb_expand+close_near_high,170,0.72941176,1.19785569,28,0.67857143,1.12725090,0.49338843,39,0.66666667,1.17855599,0.50977394
d1,10,50,sma_stack_bull+bb_expand+breakout20_up+cross_group_return_up,134,0.81343284,1.13638734,71,0.64788732,0.88264954,0.53182062,34,0.67647059,0.99036457,0.50842895
d1,10,50,sma_stack_bull+bb_expand+breakout_up20+cross_group_return_up,134,0.81343284,1.13638734,71,0.64788732,0.88264954,0.53182062,34,0.67647059,0.99036457,0.50842895
d1,10,50,sma_stack_bull+bb_expand+channel_breakout_up+cross_group_return_up,134,0.81343284,1.13638734,71,0.64788732,0.88264954,0.53182062,34,0.67647059,0.99036457,0.50842895
d1,10,50,trend_bull+bb_expand+elliott_impulse_bull+cross_group_return_up,213,0.79342723,1.10843897,71,0.67605634,0.92102561,0.56061157,34,0.67647059,0.99036457,0.50842895
d1,3,50,ichimoku_cloud_bull+adx_up3+volatility+mtf_volatility,340,0.67058824,1.34512834,37,0.70270270,1.45178842,0.54216864,71,0.61971831,1.40545101,0.50341856
d1,3,50,adx_up3+volatility+mtf_volatility,546,0.66666667,1.33726209,81,0.74074074,1.53037526,0.63595651,120,0.59166667,1.34183306,0.50220783
d1,10,50,sma_stack_bull+bb_expand+breakout20_up+close_near_high,170,0.79411765,1.10940350,50,0.64000000,0.87190424,0.50141017,31,0.67741935,0.99175358,0.50141009
d1,10,50,sma_stack_bull+bb_expand+breakout_up20+close_near_high,170,0.79411765,1.10940350,50,0.64000000,0.87190424,0.50141017,31,0.67741935,0.99175358,0.50141009
d1,10,50,sma_stack_bull+bb_expand+channel_breakout_up+close_near_high,170,0.79411765,1.10940350,50,0.64000000,0.87190424,0.50141017,31,0.67741935,0.99175358,0.50141009
d1,10,50,sma_stack_bull+bb_expand+retest_up+cross_group_return_up,134,0.81343284,1.13638734,70,0.65714286,0.89525882,0.54039550,33,0.66666667,0.97601146,0.49607894
d1,10,50,sma_stack_bull+elliott_wave5_bull+cross_group_bull,202,0.81683168,1.14113562,99,0.67676768,0.92199470,0.57952968,40,0.65000000,0.95161117,0.49505881
d1,10,50,sma_stack_bull+elliott_wave5_bull+mtf_rsi60+cross_group_bull,201,0.81592040,1.13986253,98,0.67346939,0.91750128,0.57561481,40,0.65000000,0.95161117,0.49505881
d1,3,50,sma_stack_bull+adx25+volatility+mtf_volatility,428,0.63317757,1.27008654,61,0.44262295,0.91446194,0.32507806,89,0.59550562,1.35053936,0.49164225
d1,10,100,price200_bull+volatility+elliott_wave5_bull+cross_group_return_up,156,0.63461538,1.33357166,26,0.46153846,0.94832520,0.28755854,35,0.65714286,1.50535414,0.49151950
d1,10,50,sma_stack_bull+elliott_wave5_bull+mtf_di_strong_bull+cross_group_bull,187,0.82352941,1.15049252,93,0.65591398,0.89358466,0.55490921,35,0.65714286,0.96206844,0.49151950
d1,10,50,sma_stack_bull+elliott_wave5_bull+mtf_trend_bull+cross_group_bull,199,0.81909548,1.14429820,99,0.67676768,0.92199470,0.57952968,39,0.64102564,0.93847256,0.48418149
d1,10,50,sma_stack_bull+di_spread_up3+elliott_wave5_bull+cross_group_bull,142,0.82394366,1.15107124,76,0.69736842,0.95006013,0.58665798,32,0.65625000,0.96076128,0.48311088
d1,10,50,trend_bull+di_spread_up3+elliott_wave5_bull+cross_group_bull,241,0.80912863,1.13037425,86,0.69767442,0.95047701,0.59387965,41,0.63414634,0.92840114,0.48120701
d1,5,50,sma_stack_bull+elliott_impulse_bull+mtf_rsi60+cross_group_bull,223,0.73542601,1.20773241,109,0.56880734,0.94490949,0.47505894,54,0.61111111,1.08034299,0.47788299
d1,5,50,sma_stack_bull+elliott_impulse_bull+cross_group_bull,228,0.73245614,1.20285523,110,0.57272727,0.95142133,0.47936923,54,0.61111111,1.08034299,0.47788299
d1,10,50,trend_bull+elliott_wave5_bull+mtf_rsi60+cross_group_bull,313,0.80191693,1.12029931,112,0.65178571,0.88796052,0.55985194,54,0.61111111,0.89467717,0.47788299
d1,10,50,trend_bull+elliott_wave5_bull+cross_group_bull,317,0.80126183,1.11938412,114,0.65789474,0.89628315,0.56693722,54,0.61111111,0.89467717,0.47788299
d1,3,50,sma_stack_bull+adx25+atr_expand+mtf_volatility,145,0.68275862,1.36954083,17,0.58823529,1.21529800,0.36005443,45,0.62222222,1.41112960,0.47629934
d1,3,50,sma_stack_bull+adx25+atr_expand,155,0.67096774,1.34588959,17,0.58823529,1.21529800,0.36005443,45,0.62222222,1.41112960,0.47629934
d1,10,50,sma_stack_bull+breakout20_up+elliott_impulse_bull+cross_group_bull,178,0.80337079,1.12233038,90,0.66666667,0.90823359,0.56422318,45,0.62222222,0.91094403,0.47629934
d1,10,50,sma_stack_bull+breakout_up20+elliott_impulse_bull+cross_group_bull,178,0.80337079,1.12233038,90,0.66666667,0.90823359,0.56422318,45,0.62222222,0.91094403,0.47629934
d1,10,50,sma_stack_bull+channel_breakout_up+elliott_impulse_bull+cross_group_bull,178,0.80337079,1.12233038,90,0.66666667,0.90823359,0.56422318,45,0.62222222,0.91094403,0.47629934
d1,10,50,sma_stack_bull+retest_up+elliott_impulse_bull+cross_group_bull,178,0.80337079,1.12233038,90,0.66666667,0.90823359,0.56422318,45,0.62222222,0.91094403,0.47629934
d1,10,50,sma_stack_bull+rci_bull+elliott_wave5_bull+cross_group_bull,190,0.82631579,1.15438516,90,0.68888889,0.93850804,0.58717175,36,0.63888889,0.93534431,0.47575075
d1,10,50,sma_stack_bull+di_spread_up3+breakout20_up+cross_group_bull,126,0.80952381,1.13092632,76,0.65789474,0.89628315,0.54595898,36,0.63888889,0.93534431,0.47575075
d1,10,50,sma_stack_bull+di_spread_up3+breakout_up20+cross_group_bull,126,0.80952381,1.13092632,76,0.65789474,0.89628315,0.54595898,36,0.63888889,0.93534431,0.47575075
d1,10,50,sma_stack_bull+di_spread_up3+channel_breakout_up+cross_group_bull,126,0.80952381,1.13092632,76,0.65789474,0.89628315,0.54595898,36,0.63888889,0.93534431,0.47575075
d1,10,50,sma_stack_bull+di_spread_up3+retest_up+cross_group_bull,126,0.80952381,1.13092632,75,0.66666667,0.90823359,0.55417426,36,0.63888889,0.93534431,0.47575075
d1,10,50,trend_bull+elliott_wave5_bull+mtf_di_strong_bull+cross_group_bull,302,0.80132450,1.11947167,106,0.64150943,0.87396062,0.54674200,47,0.61702128,0.90332975,0.47426567
d1,5,50,adx_up3+atr_expand,229,0.78602620,1.29082913,38,0.81578947,1.35519914,0.66581142,60,0.60000000,1.06070039,0.47366053
d1,3,50,sma_stack_bull+adx25+atr_expand+mtf_adx25,121,0.71074380,1.42567611,11,0.54545455,1.12691269,0.28009154,38,0.63157895,1.43234959,0.47283960
d1,5,50,sma_stack_bull+close_near_high+elliott_impulse_bull+cross_group_bull,162,0.75308642,1.23673472,58,0.55172414,0.91653068,0.42452083,38,0.63157895,1.11652673,0.47283960
d1,5,50,price200_bull+bb_expand+elliott_impulse_bull+cross_group_bull,242,0.72314050,1.18755688,81,0.51851852,0.86136911,0.41135649,31,0.64516129,1.14053805,0.46947954
d1,5,50,bb_expand+elliott_impulse_bull+mtf_trend_bull+cross_group_bull,242,0.71900826,1.18077084,84,0.51190476,0.85038226,0.40685183,31,0.64516129,1.14053805,0.46947954
d1,10,50,price200_bull+bb_expand+elliott_impulse_bull+cross_group_bull,242,0.79752066,1.11415760,81,0.67901235,0.92505273,0.57123624,31,0.64516129,0.94452722,0.46947954
d1,5,50,sma_stack_bull+rsi60+elliott_impulse_bull+cross_group_bull,211,0.73459716,1.20637125,101,0.56435644,0.93751560,0.46705647,53,0.60377358,1.06737146,0.46941479
d1,5,50,sma_stack_bull+elliott_impulse_bull+mtf_trend_bull+cross_group_bull,219,0.73059361,1.19979654,109,0.56880734,0.94490949,0.47505894,53,0.60377358,1.06737146,0.46941479
d1,10,50,trend_bull+elliott_wave5_bull+mtf_trend_bull+cross_group_bull,310,0.80322581,1.12212784,113,0.66371681,0.90421485,0.57250221,53,0.60377358,0.88393490,0.46941479
d1,3,50,sma_stack_bull+adx25+bb_expand+mtf_volatility,253,0.62055336,1.24476373,59,0.44067797,0.91044359,0.32150212,70,0.58571429,1.32833373,0.46881212
d1,10,100,sma_stack_bull+elliott_wave5_bull+mtf_di_strong_bull+cross_group_return_up,198,0.62626263,1.31601930,101,0.43564356,0.89511883,0.34305972,44,0.61363636,1.40569137,0.46623575
d1,5,50,adx_up3+atr_expand+mtf_volatility,218,0.79816514,1.31076396,37,0.83783784,1.39182615,0.68863516,59,0.59322034,1.04871507,0.46593401
d1,3,50,trend_bull+adx25+atr_expand+mtf_volatility,164,0.63414634,1.27202979,25,0.56000000,1.15696370,0.37067332,46,0.60869565,1.38045287,0.46456843
d1,3,50,trend_bull+adx25+atr_expand,176,0.63068182,1.26508033,25,0.56000000,1.15696370,0.37067332,46,0.60869565,1.38045287,0.46456843
d1,3,50,atr_expand+mtf_volatility+adx25,303,0.62376238,1.25120067,47,0.57446809,1.18685486,0.43281919,67,0.58208955,1.32011324,0.46269932
d1,3,50,adx25+atr_expand+mtf_volatility,303,0.62376238,1.25120067,47,0.57446809,1.18685486,0.43281919,67,0.58208955,1.32011324,0.46269932
d1,3,50,adx25+atr_expand,323,0.61609907,1.23582890,47,0.57446809,1.18685486,0.43281919,69,0.57971014,1.31471702,0.46207405
d1,10,50,trend_bull+rci_bull+elliott_wave5_bull+cross_group_bull,300,0.81666667,1.14090508,102,0.67647059,0.92158996,0.58071043,50,0.60000000,0.87841031,0.46181438
d1,3,50,sma_stack_bull+volatility+mtf_volatility,784,0.61479592,1.23321491,111,0.54954955,1.13537300,0.45688031,148,0.54054054,1.22588479,0.46024159
d1,3,50,trend_bull+adx25+atr_expand+mtf_adx25,140,0.65714286,1.31815835,19,0.52631579,1.08737190,0.31707809,39,0.61538462,1.39562268,0.45899061
d1,10,50,sma_stack_bull+volatility+elliott_pullback_bull+cross_group_return_up,133,0.81203008,1.13442764,35,0.77142857,1.05095601,0.60982683,39,0.61538462,0.90093365,0.45899061
h4,12,50,trend_bull+adx25+breakout20_up+mtf_volatility,418,0.57894737,1.30722568,65,0.53846154,1.26678561,0.41853399,58,0.58620690,1.53761168,0.45798408
d1,3,50,adx25+atr_expand+mtf_adx25,260,0.65000000,1.30383054,39,0.58974359,1.21841415,0.43418623,60,0.58333333,1.32293400,0.45728081
d1,10,100,sma_stack_bull+di_spread_up3+elliott_wave5_bull+cross_group_bull,142,0.62676056,1.31706565,76,0.44736842,0.91920995,0.34080658,32,0.62500000,1.43172269,0.45254407
d1,5,50,bb_expand+elliott_impulse_bull+mtf_rsi60+cross_group_bull,260,0.71538462,1.17482000,86,0.50000000,0.83060593,0.39660972,32,0.62500000,1.10489624,0.45254407
d1,10,50,trend_bull+bb_expand+mtf_rsi60+cross_group_bull,335,0.79701493,1.11345108,121,0.71900826,0.97954118,0.63313526,59,0.57627119,0.84367092,0.44934483
d1,10,50,sma_stack_bull+strong_close_bull+mtf_trend_bull+cross_group_bull,241,0.79668050,1.11298387,107,0.67289720,0.91672175,0.57935969,61,0.57377049,0.84000986,0.44895230
d1,3,50,sma_stack_bull+atr_expand+mtf_volatility,238,0.63865546,1.28107461,48,0.68750000,1.42037954,0.54666929,83,0.55421687,1.25690115,0.44725016
d1,3,50,sma_stack_bull+close_near_high+elliott_impulse_bull+cross_group_bull,162,0.62962963,1.26296975,58,0.46551724,0.96176169,0.34332022,38,0.60526316,1.37266836,0.44717868
d1,3,50,ichimoku_cloud_bull+adx25+atr_expand,209,0.66028708,1.32446533,20,0.60000000,1.23960396,0.38658150,44,0.59090909,1.34011496,0.44409754
d1,3,50,ichimoku_cloud_bull+adx25+atr_expand+mtf_volatility,197,0.65989848,1.32368583,20,0.60000000,1.23960396,0.38658150,44,0.59090909,1.34011496,0.44409754
h4,12,50,dmi_adx_bull+horizontal_break_up+mtf_volatility+cross_group_return_up,362,0.56077348,1.26619022,50,0.42000000,0.98809278,0.29375003,52,0.57692308,1.51326036,0.44194325
d1,3,50,sma_stack_bull+atr_expand,251,0.62549801,1.25468216,49,0.69387755,1.43355560,0.55472106,84,0.54761905,1.24193804,0.44143037
h4,12,50,trend_bull+adx25+retest_up+mtf_volatility,417,0.57793765,1.30494580,65,0.53846154,1.26678561,0.41853399,56,0.57142857,1.49884836,0.44137621
d1,3,50,sma_stack_bull+adx_up3+volatility,297,0.65656566,1.31700054,38,0.73684211,1.52232065,0.57991154,82,0.54878049,1.24457205,0.44130776
d1,10,50,trend_bull+rci_bull+strong_close_bull+cross_group_bull,326,0.79447853,1.10990766,102,0.67647059,0.92158996,0.58071043,62,0.56451613,0.82646131,0.44092988
d1,3,50,sma_stack_bull+adx_up3+volatility+mtf_adx25,242,0.68595041,1.37594323,30,0.76666667,1.58393839,0.59071674,72,0.55555556,1.25993714,0.44087391
d1,5,100,sma_stack_bull+adx25+bb_expand+mtf_volatility,253,0.50197628,1.53132260,59,0.30508475,0.93772365,0.20253632,70,0.55714286,2.02773221,0.44083551
d1,10,100,sma_stack_bull+elliott_wave5_bull+mtf_di_strong_bull+cross_group_bull,187,0.64171123,1.34848277,93,0.41935484,0.86165031,0.32422212,35,0.60000000,1.37445378,0.43572709
d1,10,50,sma_stack_bull+breakout20_up+elliott_wave5_bull+cross_group_bull,168,0.80952381,1.13092632,85,0.65882353,0.89754849,0.55313139,35,0.60000000,0.87841031,0.43572709
d1,10,50,sma_stack_bull+breakout_up20+elliott_wave5_bull+cross_group_bull,168,0.80952381,1.13092632,85,0.65882353,0.89754849,0.55313139,35,0.60000000,0.87841031,0.43572709
d1,10,50,sma_stack_bull+channel_breakout_up+elliott_wave5_bull+cross_group_bull,168,0.80952381,1.13092632,85,0.65882353,0.89754849,0.55313139,35,0.60000000,0.87841031,0.43572709
d1,10,50,sma_stack_bull+retest_up+elliott_wave5_bull+cross_group_bull,168,0.80952381,1.13092632,85,0.65882353,0.89754849,0.55313139,35,0.60000000,0.87841031,0.43572709
d1,3,50,ichimoku_cloud_bull+adx25+atr_expand+mtf_adx25,162,0.70987654,1.42393649,14,0.57142857,1.18057520,0.32590645,37,0.59459459,1.34847327,0.43485965
d1,3,50,sma_stack_bull+adx_up3+bb_expand+close_near_high,170,0.62352941,1.25073337,28,0.53571429,1.10678925,0.35812689,39,0.58974359,1.33747174,0.43418623
h4,12,50,sma_stack_bull+volatility+breakout20_up+mtf_volatility,245,0.57142857,1.29024872,47,0.59574468,1.40155004,0.45342123,41,0.58536585,1.53540564,0.43367103
h4,12,50,adx25+horizontal_break_up+mtf_volatility+cross_group_bull,315,0.56190476,1.26874458,48,0.43750000,1.02926331,0.30701269,53,0.56603774,1.48470828,0.43265351
h4,12,50,dmi_adx_bull+horizontal_break_up+mtf_volatility+cross_group_bull,315,0.56190476,1.26874458,48,0.43750000,1.02926331,0.30701269,53,0.56603774,1.48470828,0.43265351
h4,12,50,trend_bull+dmi_adx_bull+horizontal_break_up+mtf_volatility,405,0.58518519,1.32131027,61,0.50819672,1.19558455,0.38602618,51,0.56862745,1.49150106,0.43265302
h4,12,50,trend_bull+adx25+horizontal_break_up+mtf_volatility,407,0.58230958,1.31481734,61,0.50819672,1.19558455,0.38602618,51,0.56862745,1.49150106,0.43265302
h4,12,50,trend_bull+dmi_adx_bull+breakout20_up+mtf_volatility,415,0.58072289,1.31123470,65,0.53846154,1.26678561,0.41853399,51,0.56862745,1.49150106,0.43265302
d1,5,50,sma_stack_bull+elliott_wave5_bull+cross_group_return_up,216,0.72222222,1.18604887,110,0.55454545,0.92121748,0.46138688,51,0.56862745,1.00523893,0.43265302
d1,5,50,sma_stack_bull+elliott_wave5_bull+mtf_rsi60+cross_group_return_up,214,0.71962617,1.18178557,109,0.55045872,0.91442854,0.45694216,51,0.56862745,1.00523893,0.43265302
d1,3,50,sma_stack_bull+atr_expand+mtf_adx25,188,0.64361702,1.29102697,32,0.71875000,1.48494224,0.54625491,74,0.54054054,1.22588479,0.42781346
d1,3,50,trend_bull+adx_up3+volatility+mtf_adx25,277,0.66425993,1.33243443,33,0.78787879,1.62776278,0.62248355,58,0.55172414,1.25124792,0.42452083
d1,5,50,sma_stack_bull+bb_expand+elliott_impulse_bull+cross_group_return_up,123,0.73983740,1.21497689,65,0.50769231,0.84338448,0.38916452,30,0.60000000,1.06070039,0.42320360
h4,12,50,trend_bull+breakout20_up+mtf_volatility+cross_group_bull,442,0.57239819,1.29243806,73,0.50684932,1.19241464,0.39472241,100,0.52000000,1.36395201,0.42316578
h4,12,50,trend_bull+volatility+breakout20_up+mtf_volatility,291,0.57044674,1.28803180,55,0.58181818,1.36878653,0.45033104,50,0.56000000,1.46887139,0.42306028
d1,5,50,sma_stack_bull+elliott_wave5_bull+mtf_trend_bull+cross_group_return_up,212,0.72641509,1.19293449,110,0.55454545,0.92121748,0.46138688,50,0.56000000,0.98998703,0.42306028
d1,5,50,sma_stack_bull+rsi60+elliott_wave5_bull+cross_group_return_up,210,0.71904762,1.18083546,103,0.55339806,0.91931141,0.45719211,50,0.56000000,0.98998703,0.42306028
h4,12,50,sma_stack_bull+elliott_wave3_bull+mtf_volatility+cross_group_bull,255,0.56862745,1.28392398,37,0.54054054,1.27167668,0.38384047,48,0.56250000,1.47542885,0.42275017
d1,10,100,price200_bull+di_spread_up3+volatility+mtf_rsi60,466,0.62017167,1.30321986,74,0.66216216,1.36054764,0.54878513,98,0.52040816,1.19212828,0.42260806
d1,3,50,sma_stack_bull+adx_up3+mtf_volatility,339,0.61651917,1.23667158,80,0.41250000,0.85222772,0.31105858,98,0.52040816,1.18022683,0.42260806
d1,5,50,sma_stack_bull+close_near_high+elliott_wave5_bull+cross_group_return_up,148,0.73648649,1.20947395,58,0.53448276,0.88788909,0.40800175,32,0.59375000,1.04965143,0.42260025
d1,10,100,sma_stack_bull+rci_bull+elliott_wave5_bull+cross_group_return_up,202,0.61881188,1.30036241,101,0.43564356,0.89511883,0.34305972,46,0.56521739,1.29477530,0.42247434
h4,12,50,sma_stack_bull+volatility+retest_up+mtf_volatility,244,0.56967213,1.28628280,45,0.60000000,1.41156111,0.45451855,40,0.57500000,1.50821616,0.42195069
d1,10,100,sma_stack_bull+elliott_wave5_bull+cross_group_bull,202,0.62871287,1.32116821,99,0.42424242,0.87169286,0.33151107,40,0.57500000,1.31718487,0.42195069
d1,10,100,sma_stack_bull+elliott_wave5_bull+mtf_rsi60+cross_group_bull,201,0.62686567,1.31728653,98,0.42857143,0.88058768,0.33511579,40,0.57500000,1.31718487,0.42195069
d1,3,50,sma_stack_bull+adx_up3+volatility+mtf_volatility,200,0.72000000,1.44424306,23,0.65217391,1.34739561,0.44890335,57,0.54385965,1.23341215,0.41590686
d1,3,50,trend_bull+adx_up3+volatility,341,0.64222874,1.28824222,41,0.75609756,1.56210255,0.60656664,70,0.52857143,1.19874019,0.41321887
h4,12,50,trend_bull+dmi_adx_bull+retest_up+mtf_volatility,414,0.57971014,1.30894798,65,0.53846154,1.26678561,0.41853399,49,0.55102041,1.44531806,0.41315108
h4,12,50,trend_bull+retest_up+mtf_volatility+cross_group_bull,442,0.57239819,1.29243806,73,0.50684932,1.19241464,0.39472241,98,0.51020408,1.33825746,0.41273047
h4,12,50,trend_bull+volatility+horizontal_break_up+mtf_volatility,257,0.56420233,1.27393235,49,0.55102041,1.29633163,0.41315108,45,0.55555556,1.45721368,0.41176134
h4,12,50,trend_bull+breakout20_up+mtf_volatility+cross_group_return_up,509,0.56188605,1.26870233,81,0.48148148,1.13273422,0.37599642,107,0.50467290,1.32374925,0.41143260
h4,12,50,sma_stack_bull+volatility+horizontal_break_up+mtf_volatility,227,0.56828194,1.28314383,45,0.57777778,1.35928107,0.43300789,39,0.56410256,1.47963235,0.40975692
h4,12,50,sma_stack_bull+volatility+elliott_wave3_bull+mtf_volatility,232,0.56465517,1.27495483,37,0.59459459,1.39884434,0.43485965,39,0.56410256,1.47963235,0.40975692
d1,10,100,sma_stack_bull+elliott_wave5_bull+mtf_trend_bull+cross_group_bull,199,0.63316583,1.33052559,99,0.42424242,0.87169286,0.33151107,39,0.56410256,1.29222150,0.40975692
d1,10,50,price200_bull+bb_expand+close_near_high+cross_group_bull,240,0.79583333,1.11180036,71,0.73239437,0.99777774,0.61946011,39,0.56410256,0.82585585,0.40975692
d1,10,50,sma_stack_bull+breakout20_up+close_near_high+cross_group_bull,138,0.79710145,1.11357195,55,0.63636364,0.86695024,0.50422761,37,0.56756757,0.83092867,0.40914181
d1,10,50,sma_stack_bull+breakout_up20+close_near_high+cross_group_bull,138,0.79710145,1.11357195,55,0.63636364,0.86695024,0.50422761,37,0.56756757,0.83092867,0.40914181
d1,10,50,sma_stack_bull+channel_breakout_up+close_near_high+cross_group_bull,138,0.79710145,1.11357195,55,0.63636364,0.86695024,0.50422761,37,0.56756757,0.83092867,0.40914181
d1,10,100,adx_up3+atr_expand,229,0.65502183,1.37645348,38,0.71052632,1.45992169,0.55242862,60,0.53333333,1.22173669,0.40893427
d1,5,50,sma_stack_bull+rsi60+strong_close_bull+cross_group_bull,212,0.71698113,1.17744184,84,0.53571429,0.88993492,0.42984716,50,0.54000000,0.95463035,0.40398871
h4,12,50,trend_bull+volatility+retest_up+mtf_volatility,290,0.56896552,1.28468731,53,0.58490566,1.37605014,0.45094422,48,0.54166667,1.42078334,0.40291075
h4,12,50,trend_bull+adx25+impulse_bull+mtf_volatility,707,0.56011315,1.26469924,129,0.46511628,1.09423342,0.38130031,98,0.50000000,1.31149231,0.40289183
h4,12,50,dmi_adx_bull+horizontal_break_up+mtf_trend_bull+cross_group_bull,610,0.56393443,1.27332743,131,0.45801527,1.07752757,0.37510791,87,0.50574713,1.32656694,0.40269097
h4,12,50,adx25+horizontal_break_up+mtf_trend_bull+cross_group_bull,613,0.56280587,1.27077923,133,0.45112782,1.06132414,0.36911564,87,0.50574713,1.32656694,0.40269097
h4,12,50,trend_bull+retest_up+mtf_volatility+cross_group_return_up,509,0.56188605,1.26870233,80,0.48750000,1.14689340,0.38107880,105,0.49523810,1.29900191,0.40147668
d1,5,100,sma_stack_bull+adx_up3+bb_expand+mtf_volatility,248,0.50000000,1.52529377,57,0.26315789,0.80885520,0.16645787,83,0.50602410,1.84168449,0.40060395
d1,10,100,trend_bull+di_spread_up3+volatility+mtf_trend_bull,389,0.62210797,1.30728876,64,0.62500000,1.28419037,0.50250379,59,0.52542373,1.20361772,0.40039795
d1,10,100,sma_stack_bull+breakout20_up+elliott_wave5_bull+cross_group_return_up,177,0.62146893,1.30594588,94,0.39361702,0.80876670,0.30089893,42,0.54761905,1.25446178,0.39949119
d1,10,100,sma_stack_bull+breakout_up20+elliott_wave5_bull+cross_group_return_up,177,0.62146893,1.30594588,94,0.39361702,0.80876670,0.30089893,42,0.54761905,1.25446178,0.39949119
d1,10,100,sma_stack_bull+channel_breakout_up+elliott_wave5_bull+cross_group_return_up,177,0.62146893,1.30594588,94,0.39361702,0.80876670,0.30089893,42,0.54761905,1.25446178,0.39949119
d1,10,100,sma_stack_bull+retest_up+elliott_wave5_bull+cross_group_return_up,177,0.62146893,1.30594588,94,0.39361702,0.80876670,0.30089893,42,0.54761905,1.25446178,0.39949119
d1,5,100,sma_stack_bull+adx_up3+volatility+mtf_volatility,200,0.59000000,1.79984664,23,0.39130435,1.20273251,0.22157623,57,0.52631579,1.91553650,0.39918016
h4,12,50,trend_bull+adx25+elliott_wave5_bull+mtf_volatility,372,0.56182796,1.26857116,59,0.52542373,1.23611284,0.40039795,57,0.52631579,1.38051822,0.39918016
d1,5,50,sma_stack_bull+elliott_wave5_bull+cross_group_bull,202,0.74752475,1.22760123,99,0.55555556,0.92289547,0.45742143,40,0.55000000,0.97230869,0.39829092
d1,5,50,sma_stack_bull+elliott_wave5_bull+mtf_rsi60+cross_group_bull,201,0.74626866,1.22553844,98,0.55102041,0.91536163,0.45247546,40,0.55000000,0.97230869,0.39829092
d1,10,100,sma_stack_bull+rci_bull+elliott_wave5_bull+cross_group_bull,190,0.63684211,1.33825086,90,0.43333333,0.89037199,0.33576573,36,0.55555556,1.27264239,0.39581062
d1,5,50,sma_stack_bull+bb_expand+breakout20_up+cross_group_return_up,134,0.73880597,1.21328305,71,0.49295775,0.81890725,0.38005151,34,0.55882353,0.98790723,0.39453899
